ID,LIMIT_BAL,SEX,EDUCATION,MARRIAGE,AGE,PAY_0,PAY_2,PAY_3,BILL_AMT1,BILL_AMT2,PAY_AMT1,PAY_AMT2,PAY_AMT3,default payment next month
1,20000,Female,University,Married,24,2,2,-1,3913,3102,0,689,0,1
2,120000,Female,University,Single,26,-1,2,0,2682,1725,0,1000,1000,1
3,90000,Female,University,Single,34,0,0,0,29239,14027,1518,1500,1000,0
4,50000,Female,University,Married,37,0,0,0,46990,48233,2000,2019,1200,0
5,50000,Male,University,Married,57,-1,0,-1,8617,5670,2000,36681,10000,0
6,50000,Male,Graduate,Single,37,0,0,0,64400,57069,2500,1815,657,0
7,500000,Male,Graduate,Single,29,0,0,0,367965,412023,55000,40000,38000,0
8,100000,Female,University,Single,23,0,-1,-1,11876,380,380,601,0,0
9,140000,Female,High_School,Married,28,0,0,2,11285,14096,3329,0,432,0
10,20000,Male,High_School,Single,35,-2,-2,-2,0,0,0,0,0,0
11,200000,Female,High_School,Single,34,0,0,2,11073,9787,2306,12,50,0
12,260000,Female,Graduate,Single,51,-1,-1,-1,12261,21670,21818,9966,8583,0
13,630000,Female,University,Single,41,-1,0,-1,12137,6500,1000,6500,6500,0
14,70000,Male,University,Single,30,1,2,2,65802,67369,3200,0,3000,1
15,250000,Male,Graduate,Single,29,0,0,0,70887,67060,3000,3000,3000,0
16,50000,Female,High_School,Single,23,1,2,0,50614,29173,0,1500,1100,0
17,20000,Male,Graduate,Single,24,0,0,2,15376,18010,3200,0,1500,1
18,320000,Male,Graduate,Married,49,0,0,0,253286,246536,10358,10000,75940,0
19,360000,Female,Graduate,Married,49,1,-2,-2,0,0,0,0,0,0
20,180000,Female,Graduate,Single,29,1,-2,-2,0,0,0,0,0,0
21,130000,Female,High_School,Single,39,0,0,0,38358,27688,3000,1537,1000,0
22,120000,Female,University,Married,39,-1,-1,-1,316,316,316,316,0,1
23,70000,Female,University,Single,26,2,0,0,41087,42445,2007,3582,0,1
24,450000,Female,Graduate,Married,40,-2,-2,-2,5512,19420,19428,1473,560,1
25,90000,Male,Graduate,Single,23,0,0,0,4744,7070,5757,0,5398,0
26,50000,Male,High_School,Single,23,0,0,0,47620,41810,1973,1426,1001,0
27,60000,Male,Graduate,Single,27,1,-2,-1,-109,-425,0,1000,0,1
28,50000,Female,High_School,Single,30,0,0,0,22541,16138,1300,1300,1000,0
29,50000,Female,High_School,Married,47,-1,-1,-1,650,3415,3415,3421,2044,0
30,50000,Male,Graduate,Single,26,0,0,0,15329,16575,1500,1500,1000,0
31,230000,Female,Graduate,Single,27,-1,-1,-1,16646,17265,17270,13281,15339,0
32,50000,Male,University,Single,33,2,0,0,30518,29618,1718,1500,1000,1
33,100000,Male,Graduate,Single,32,0,0,0,93036,84071,3023,3511,3302,0
34,500000,Female,University,Married,54,-2,-2,-2,10929,4152,4152,22827,7521,0
35,500000,Male,Graduate,Married,58,-2,-2,-2,13709,5006,5006,31178,3180,0
36,160000,Male,Graduate,Single,30,-1,-1,-2,30265,-131,131,396,396,0
37,280000,Male,University,Married,40,0,0,0,186503,181328,8026,8060,6300,0
38,60000,Female,University,Single,22,0,0,0,15054,9806,1500,1518,2043,0
39,50000,Male,Graduate,Single,25,1,-1,-1,0,780,780,0,0,1
40,280000,Male,Graduate,Single,31,-1,-1,2,498,9075,9075,0,9976,0
41,360000,Male,Graduate,Single,33,0,0,0,218668,221296,10000,7000,6000,0
42,70000,Female,Graduate,Single,25,0,0,0,67521,66999,3000,4500,4042,0
43,10000,Male,University,Single,22,0,0,0,1877,3184,1500,2927,1000,0
44,140000,Female,University,Married,37,0,0,0,59504,61544,3000,3000,3000,0
45,40000,Female,Graduate,Single,30,0,0,0,18927,21295,3000,5000,0,0
46,210000,Male,Graduate,Single,29,-2,-2,-2,0,0,0,0,0,1
47,20000,Female,Graduate,Single,22,0,0,2,14028,16484,3000,0,16741,1
48,150000,Female,Other,Single,46,0,0,-1,4463,3034,1013,1170,0,1
49,380000,Male,University,Single,32,-1,-1,-1,22401,21540,21540,15138,24677,0
50,20000,Male,Graduate,Single,24,0,0,0,17447,18479,1318,1315,704,0
51,70000,Male,High_School,Single,42,1,2,2,37042,36171,0,3100,2000,1
52,100000,Female,High_School,Single,43,0,0,0,61559,51163,2000,1606,1500,0
53,310000,Female,University,Married,49,-2,-2,-2,13465,7867,7875,7600,11185,0
54,180000,Female,Graduate,Single,25,1,2,0,41402,41742,1300,2010,1762,0
55,150000,Female,Graduate,Single,29,2,0,0,46224,34993,1600,1718,1049,0
56,500000,Female,Graduate,Married,45,-2,-2,-2,1905,3640,3640,162,0,0
57,180000,Female,High_School,Married,34,0,0,0,16386,15793,8500,1500,7500,0
58,180000,Female,University,Married,34,0,0,0,175886,173440,8083,7296,5253,0
59,200000,Female,Graduate,Single,34,-1,3,2,1587,1098,0,0,700,0
60,400000,Female,University,Married,29,0,0,0,400134,398857,17000,15029,30000,0
61,500000,Female,High_School,Married,28,0,0,0,22848,23638,1516,1300,1000,1
62,70000,Male,University,Married,39,0,0,0,70800,72060,4025,2095,1000,0
63,50000,Male,Graduate,Single,29,2,2,2,24987,24300,0,2700,0,1
64,50000,Female,University,Married,46,0,0,0,28718,29166,1000,0,0,1
65,130000,Female,University,Married,51,-1,-1,-2,99,0,0,0,0,0
66,200000,Male,Graduate,Married,57,-2,-2,-2,152519,148751,0,0,8222,1
67,10000,Male,University,Married,56,2,2,2,2097,4193,2300,0,150,1
68,210000,Female,Graduate,Single,30,2,-1,-1,300,300,300,1159,2280,0
69,130000,Female,High_School,Single,29,1,-2,-2,-190,-9850,0,0,20161,0
70,20000,Male,Other,Single,22,2,0,0,18565,17204,0,1200,1000,0
71,80000,Male,Graduate,Single,31,-1,-1,-1,780,0,0,390,390,0
72,320000,Male,University,Single,29,2,2,2,58267,59246,2500,2500,0,1
73,200000,Female,University,Married,32,-1,-1,-1,9076,5787,5818,15,9102,0
74,290000,Female,Graduate,Single,37,1,-2,-1,0,0,0,3155,0,0
75,340000,Male,Graduate,Single,32,-1,-1,-1,3048,5550,5713,23453,4314,0
76,20000,Male,University,Single,24,0,0,2,14619,17216,2850,0,610,0
77,50000,Male,High_School,Single,25,-1,0,0,42838,37225,1759,1779,320,0
78,300000,Female,Graduate,Married,45,-1,-1,-1,291,291,291,291,291,0
79,30000,Female,University,Single,22,0,0,0,28387,29612,1686,1400,560,1
80,240000,Female,University,Single,44,1,-2,-2,0,0,0,0,0,1
81,470000,Female,High_School,Single,33,0,0,0,165254,157784,6400,7566,3000,0
82,360000,Female,Graduate,Single,26,0,0,0,23411,27796,4796,3400,3100,0
83,60000,Male,High_School,Single,30,0,0,0,26324,27471,1576,1213,648,1
84,400000,Female,University,Married,44,0,0,2,131595,139060,10700,3,3050,0
85,50000,Female,High_School,Single,49,0,0,0,48909,47863,1676,1302,700,0
86,160000,Male,University,Single,33,0,0,0,130028,107808,4400,3547,80000,0
87,360000,Female,Graduate,Married,45,-1,-1,2,390,1170,1170,0,0,1
88,160000,Female,University,Single,32,0,0,0,3826,4751,1147,2000,2000,0
89,130000,Female,Graduate,Married,35,0,0,0,81313,117866,40000,5000,1330,0
90,20000,Male,High_School,Single,44,2,2,0,8583,8303,0,1651,1000,0
91,200000,Male,Graduate,Married,53,2,2,2,138180,140774,6300,5500,5500,1
92,280000,Female,Graduate,Single,39,-1,-1,-1,7524,0,0,3968,0,0
93,100000,Female,Graduate,Single,27,-2,-2,-2,-2000,5555,7555,0,0,0
94,160000,Female,University,Married,37,-1,-1,-1,880,1602,1602,840,840,0
95,60000,Female,University,Single,23,0,0,0,45648,46850,1937,1301,682,0
96,90000,Male,University,Single,35,0,0,0,83725,85996,3621,3597,1179,0
97,360000,Male,Graduate,Married,43,-1,-1,-1,3967,8322,8339,3394,12902,0
98,150000,Male,Graduate,Single,27,0,0,0,86009,86108,4031,10006,3266,0
99,50000,Female,High_School,Married,22,0,0,0,18722,18160,1411,1194,379,0
100,20000,Male,University,Married,38,0,0,0,17973,19367,1699,1460,626,1
101,140000,Male,Graduate,Single,32,-2,-2,-2,672,10212,10212,850,415,0
102,380000,Female,Graduate,Single,30,-2,-2,-1,-81,-303,223,33178,1171,0
103,480000,Male,Graduate,Married,63,0,0,0,422069,431342,16078,55693,17000,0
104,50000,Female,High_School,Single,22,0,0,0,44698,42254,1767,1362,1002,1
105,60000,Female,University,Single,26,2,2,2,56685,55208,0,5000,2511,0
106,70000,Female,University,Single,24,-1,-1,-2,5580,0,0,0,0,0
107,80000,Female,University,Married,36,-1,-1,-1,6108,2861,2861,3279,3319,0
108,350000,Male,Graduate,Single,52,-1,-1,-1,713,2272,2272,722,867,0
109,130000,Male,University,Single,38,0,0,0,171438,178382,10908,0,133657,0
110,360000,Male,University,Married,35,1,-2,-2,-103,-103,0,0,0,0
111,330000,Female,Graduate,Married,31,0,0,2,105879,108431,9260,0,3593,0
112,50000,Male,High_School,Married,47,0,0,2,13244,14722,2000,1000,1000,0
113,280000,Male,University,Married,41,2,2,2,135673,138532,6500,0,14254,0
114,100000,Female,Graduate,Single,24,0,0,0,52128,52692,2000,2677,3076,0
115,50000,Male,University,Single,41,0,0,0,19015,19294,1340,1305,700,0
116,30000,Male,Graduate,Single,24,-1,2,0,18199,17618,0,1312,3000,1
117,240000,Male,Graduate,Single,28,-1,-1,-1,326,326,326,326,5676,0
118,80000,Male,University,Single,26,2,0,0,14029,15493,2000,1700,1000,1
119,400000,Male,University,Married,34,-1,-1,-1,19660,9666,9677,11867,7839,0
120,240000,Female,University,Single,38,0,0,0,50254,51445,2000,3000,3000,0
121,50000,Male,High_School,Single,37,2,2,2,46004,45976,1000,4035,1000,1
122,450000,Male,Graduate,Married,40,1,-2,-2,0,0,0,0,0,1
123,110000,Female,Graduate,Married,48,1,-2,-2,0,0,0,0,0,0
124,310000,Female,University,Married,35,2,0,0,304991,311243,13019,11128,8407,1
125,20000,Male,Graduate,Single,27,0,0,0,19115,18962,1404,1130,600,0
126,20000,Male,University,Single,23,1,-2,-2,0,0,0,0,0,0
127,200000,Male,High_School,Single,52,0,0,0,110151,99530,3568,3585,3602,0
128,180000,Male,Graduate,Married,36,0,0,0,163736,116422,4655,2690,2067,1
129,50000,Male,University,Married,51,0,0,0,3347,3899,1000,1066,1300,1
130,60000,Male,High_School,Married,55,3,2,2,60521,61450,2504,7,1200,0
131,30000,Female,Graduate,Single,23,1,-2,-2,4000,5645,5645,3508,27,0
132,240000,Male,Graduate,Single,41,1,-1,-1,95,2622,2622,3301,0,0
133,420000,Male,University,Married,34,0,0,0,253454,247743,9744,9553,7603,0
134,330000,Male,High_School,Married,46,0,0,0,227389,228719,8210,8095,8025,0
135,30000,Female,University,Single,22,0,0,0,28452,26145,2000,1400,0,0
136,240000,Male,University,Married,34,0,0,0,10674,12035,1500,1800,0,0
137,150000,Male,Graduate,Single,27,0,0,0,17444,19342,2500,3000,3000,0
138,210000,Female,University,Married,33,0,0,0,7166,7997,1500,1500,1000,0
139,50000,Female,High_School,Married,51,-1,-1,-1,752,300,300,5880,0,1
140,50000,Male,Graduate,Single,24,0,0,0,50801,50143,2360,1700,1000,0
141,240000,Male,Graduate,Single,47,1,-2,-2,0,0,0,0,0,1
142,180000,Male,University,Single,28,-1,-1,-1,1832,0,0,416,332,0
143,50000,Male,University,Single,23,1,2,2,10131,10833,1000,10000,400,0
144,170000,Male,University,Single,29,-2,-2,-2,12159,10000,10000,10000,10000,0
145,20000,Male,Graduate,Single,29,-1,-1,-1,1199,15586,15586,344,2340,0
146,50000,Male,Graduate,Single,28,0,0,0,4999,5913,1000,1500,2000,0
147,170000,Female,University,Single,27,0,0,0,19269,20313,1661,1200,351,1
148,200000,Male,Graduate,Single,34,1,2,0,197236,176192,8000,5000,55500,0
149,80000,Female,University,Married,23,1,2,3,9168,10522,1650,0,0,0
150,260000,Female,Graduate,Married,60,1,-2,-1,-1100,-1100,0,22500,0,0
151,140000,Male,University,Married,32,0,0,0,86627,78142,3455,3110,5000,0
152,80000,Male,Graduate,Single,25,0,0,0,42444,55744,30000,3000,6000,0
153,350000,Male,Graduate,Single,41,1,-1,-1,208,2906,2906,1000,630,0
154,280000,Female,University,Married,56,0,0,0,208775,182350,8042,6700,5137,0
155,30000,Female,High_School,Single,26,0,0,0,9014,10406,1700,1500,1000,0
156,140000,Male,Graduate,Married,34,0,0,0,23944,28049,5000,5000,11885,0
157,200000,Female,Graduate,Single,37,0,0,0,105420,102870,4000,3250,3250,0
158,200000,Female,High_School,Single,30,0,0,0,196031,196143,7300,7108,7680,0
159,210000,Male,High_School,Married,45,2,3,4,115785,122904,10478,10478,11078,1
160,50000,Male,High_School,Married,57,3,2,0,12854,12362,0,1600,500,0
161,30000,Male,Graduate,Single,41,2,2,2,24357,27453,3500,0,2200,0
162,50000,Male,University,Single,27,2,-1,-1,390,390,390,780,216,0
163,290000,Male,High_School,Married,47,-1,-1,-1,1234,396,396,396,792,0
164,250000,Female,Graduate,Married,34,0,0,2,141223,156858,17994,0,5469,0
165,60000,Female,University,Married,46,0,0,0,21148,23803,3000,1500,1500,0
166,110000,Female,Graduate,Single,27,0,0,0,101640,104795,5500,3900,3000,0
167,370000,Male,Graduate,Single,50,-2,-2,-2,6093,15130,15383,8204,15413,0
168,100000,Male,University,Married,27,-1,2,2,102349,96847,3166,0,1330,0
169,90000,Female,University,Married,35,0,0,0,72112,73854,3500,3500,3652,0
170,50000,Female,University,Single,22,0,0,0,28040,29092,1510,1442,982,0
171,270000,Male,University,Single,37,0,0,0,37695,33397,5000,2000,3000,0
172,300000,Female,Graduate,Single,30,-1,-1,-1,688,3280,3288,0,4340,0
173,50000,Female,University,Single,22,-1,0,0,8567,15273,15000,1000,149,0
174,50000,Female,Graduate,Single,24,1,-2,-2,-709,-709,0,0,0,1
175,360000,Male,Graduate,Single,29,1,-2,-1,0,0,0,77,0,0
176,130000,Male,High_School,Married,56,1,2,2,64617,65978,3000,3000,3000,1
177,80000,Male,Graduate,Single,30,-2,-1,0,6187,100,504,500,1000,0
178,50000,Male,University,Single,30,1,2,0,48860,47801,0,1500,1000,0
179,20000,Female,University,Single,22,0,0,0,16001,12622,1212,1201,500,0
180,80000,Female,University,Married,29,0,0,2,77883,81811,5800,1000,600,0
181,240000,Male,Graduate,Single,37,-1,-1,2,12212,26578,15000,0,2000,0
182,80000,Female,High_School,Single,35,0,-1,0,49608,12412,12500,6500,3000,0
183,500000,Female,Graduate,Married,47,0,0,0,56422,110616,70010,30357,30000,0
184,60000,Female,University,Married,24,0,0,0,58024,57891,2500,1600,3000,1
185,20000,Male,University,Single,25,0,0,0,10642,11677,1200,1593,601,0
186,100000,Female,University,Married,38,1,2,0,14483,13961,0,1600,1500,1
187,360000,Female,Graduate,Single,32,1,-1,-1,2616,57077,57087,5295,68454,0
188,200000,Female,High_School,Single,47,2,2,2,199436,202947,8214,7000,6800,1
189,130000,Female,University,Married,34,1,-1,0,0,5396,5396,5000,3500,0
190,20000,Female,University,Single,31,1,5,4,21703,21087,0,1000,0,0
191,310000,Male,Graduate,Single,32,0,0,0,59901,62147,10020,6031,10057,0
192,60000,Female,Graduate,Single,27,2,0,0,19625,20347,1342,1664,2000,1
193,180000,Female,Graduate,Single,29,-1,-1,-1,11386,199,199,0,0,0
194,180000,Female,Graduate,Single,24,-1,-1,2,14670,22087,37867,0,200,0
195,50000,Male,University,Married,36,0,0,0,47790,18114,2000,1000,2000,0
196,50000,Female,Graduate,Single,24,1,2,2,36166,37188,1900,1400,1700,1
197,150000,Female,University,Married,34,-2,-2,-2,0,0,0,0,116,0
198,20000,Female,Graduate,Single,22,0,0,0,18553,19446,1500,1032,541,0
199,500000,Female,Graduate,Married,34,-2,-2,-2,412,138,138,2299,1251,0
200,30000,Female,High_School,Single,22,1,2,2,29010,29256,1000,85,1714,1
201,180000,Female,Graduate,Married,38,-2,-2,-2,750,0,0,0,0,0
202,140000,Male,Graduate,Single,31,0,0,2,27123,27299,25000,0,3000,0
203,140000,Female,Graduate,Single,26,-1,0,-1,13424,18000,10000,13001,5841,0
204,120000,Male,University,Single,26,0,0,0,107314,110578,5000,5000,4152,0
205,360000,Female,University,Married,48,0,0,0,226430,231878,9100,7300,5800,0
206,20000,Male,High_School,Married,43,-1,-1,0,227,20351,22359,1305,1258,0
207,100000,Male,Graduate,Married,47,-1,-1,-1,390,1473,1473,390,390,0
208,210000,Female,University,Married,41,-1,-1,-1,3088,1586,1586,343,3763,1
209,80000,Female,University,Single,24,0,0,0,81625,81554,3200,3000,2038,1
210,330000,Female,Graduate,Married,50,-1,-1,-1,8872,4337,4345,2854,1702,0
211,220000,Male,Graduate,Single,24,0,0,0,105607,108917,5000,5050,8303,0
212,210000,Female,Graduate,Married,38,1,-2,-1,0,0,0,250,0,1
213,40000,Female,High_School,Married,43,0,0,0,38257,38901,1700,1504,1200,0
214,30000,Male,University,Single,39,0,0,0,28347,28108,3036,2309,0,0
215,470000,Male,University,Single,27,2,2,2,296573,303320,13000,11001,0,0
216,30000,Male,High_School,Married,42,-1,-1,-1,390,390,390,390,240,0
217,240000,Female,University,Married,36,1,-2,-2,-946,-946,0,0,0,1
218,80000,Male,University,Single,36,2,0,0,79278,78501,3100,3500,3400,0
219,110000,Female,High_School,Single,31,0,0,0,89989,84229,4000,5000,3000,0
220,310000,Female,Graduate,Single,38,-1,-1,-1,1424,4542,4542,126,0,0
221,360000,Female,Graduate,Married,40,2,2,2,105167,115468,12000,0,5900,1
222,330000,Female,High_School,Single,45,0,0,0,335196,334954,12388,12378,12116,0
223,300000,Female,University,Single,35,0,0,0,291619,297268,12019,9006,17000,0
224,320000,Female,University,Single,33,0,0,0,91653,94037,10042,18832,2117,0
225,50000,Female,High_School,Single,37,1,3,2,52626,51537,0,24,1500,1
226,170000,Female,Graduate,Single,28,0,0,0,130370,131199,6530,4860,22500,0
227,350000,Male,High_School,Married,44,-1,-1,-1,3265,2686,2686,1864,569,0
228,20000,Male,University,Married,37,0,0,0,16455,16511,1609,3000,663,0
229,50000,Male,University,Single,23,2,0,0,49758,48456,2401,2254,2004,1
230,20000,Female,High_School,Single,24,1,2,0,19154,18165,0,1333,500,0
231,50000,Female,Graduate,Single,24,0,0,0,35084,35796,2090,2002,1002,0
232,20000,Male,University,Single,23,1,2,0,20235,17132,0,1200,1000,1
233,50000,Male,University,Married,26,0,0,-2,102800,0,0,0,2624,0
234,190000,Male,University,Single,34,2,0,0,129801,131383,5000,5000,10000,1
235,60000,Female,University,Married,33,0,0,0,58203,36367,1506,1298,1000,0
236,80000,Male,Graduate,Single,35,-1,-1,-1,7988,3977,3983,6853,1719,0
237,150000,Female,University,Single,27,0,0,0,127402,110050,4500,1745,1566,0
238,210000,Female,Graduate,Single,31,-2,-2,-2,1440,0,0,7422,893,0
239,240000,Female,High_School,Married,50,0,0,0,234205,231669,10116,9150,8008,1
240,140000,Female,University,Single,41,0,0,0,19346,21708,3000,2000,2198,1
241,60000,Female,Graduate,Single,28,1,2,2,21501,20650,0,0,0,0
242,50000,Male,Graduate,Single,39,0,0,0,47174,47974,1800,2000,3000,0
243,50000,Female,University,Single,27,0,0,0,26655,27724,1800,1750,900,0
244,180000,Female,Graduate,Single,32,-1,-1,2,3139,5853,2821,0,0,0
245,30000,Female,Graduate,Single,40,-1,-1,2,142,215,355,120,0,0
246,20000,Female,University,Single,40,0,0,0,19816,20396,1601,2203,2114,0
247,250000,Female,University,Married,75,0,-1,-1,52874,1631,1631,1536,1010,0
248,100000,Female,University,Single,27,0,0,0,37767,34457,1788,1799,1100,0
249,330000,Male,Graduate,Single,25,0,0,0,46140,45781,2504,4007,5056,0
250,50000,Male,High_School,Married,46,0,0,0,35713,15392,1561,1268,587,0
251,50000,Female,University,Single,26,1,2,2,50867,51486,1710,136,1206,0
252,30000,Male,University,Single,28,0,0,0,29242,29507,5006,1244,851,0
253,140000,Female,University,Single,26,0,0,0,101551,105246,5366,5087,3605,1
254,160000,Female,Graduate,Single,28,0,0,0,70243,47779,7042,2000,1000,0
255,400000,Female,University,Single,29,-1,0,-1,19532,3719,3127,1469,4968,0
256,50000,Male,University,Married,25,0,0,0,27699,28513,1565,1393,980,0
257,140000,Female,University,Married,48,0,-1,-1,1154,1233,1233,1075,1355,0
258,160000,Female,University,Married,33,-1,-1,-1,8015,2453,2453,9880,52572,0
259,100000,Female,High_School,Married,43,0,0,-2,62170,0,0,0,0,0
260,220000,Male,Graduate,Married,48,2,0,0,210380,213522,10000,9020,6000,1
261,510000,Female,Graduate,Single,29,0,0,0,78331,99414,40010,20094,5000,0
262,50000,Male,University,Single,29,0,0,0,49276,35100,1602,1400,3000,0
263,160000,Female,Graduate,Married,38,-1,-1,-1,4473,4664,4664,5969,18941,0
264,230000,Female,Graduate,Single,37,-2,-2,-2,2283,50815,51315,0,0,0
265,80000,Female,Graduate,Single,37,-1,-1,-1,10115,249,258,5995,188,0
266,150000,Female,University,Married,25,-1,-1,-2,6156,0,0,0,316,0
267,10000,Male,High_School,Single,23,0,0,0,6974,7838,1134,1298,478,0
268,130000,Female,High_School,Single,49,0,0,0,89003,91362,4100,3095,1630,1
269,40000,Female,Graduate,Single,48,0,0,0,34871,34449,1600,1600,1500,0
270,50000,Male,University,Single,27,3,2,2,13694,14880,1700,0,426,1
271,100000,Male,High_School,Single,32,0,0,0,70003,31545,2035,2004,616,0
272,120000,Male,Graduate,Married,34,-1,2,-1,1082,632,0,1350,0,0
273,260000,Female,Graduate,Single,58,1,-2,-2,0,0,0,0,0,1
274,200000,Female,University,Single,33,0,0,0,11253,12852,2000,1322,2000,0
275,360000,Female,University,Single,28,-2,-2,-2,0,0,0,0,0,1
276,70000,Female,University,Single,36,0,0,0,68699,69120,4483,12496,3268,0
277,460000,Male,Graduate,Married,40,2,-1,-1,171,2715,2728,0,2654,1
278,50000,Female,Graduate,Single,26,-1,-1,-1,1156,316,316,316,316,0
279,50000,Male,High_School,Married,33,0,0,0,50859,50462,2007,2199,691,0
280,250000,Female,University,Married,31,0,0,0,103109,102594,4000,4500,5000,0
281,30000,Female,Graduate,Single,27,0,0,-1,1512,2458,1000,664,1500,0
282,270000,Male,University,Married,44,0,0,0,127543,109189,10063,5162,10150,0
283,180000,Female,High_School,Single,30,0,0,0,163935,153152,7722,6091,3563,0
284,100000,Female,Graduate,Single,28,0,0,0,53494,52656,4173,3000,2025,0
285,230000,Female,High_School,Married,32,0,0,0,195126,88743,5000,5000,5000,0
286,210000,Female,Graduate,Married,46,-1,-1,-1,110346,41986,41986,21874,20076,0
287,210000,Male,Graduate,Single,38,2,0,0,60502,62804,3276,2026,2000,0
288,440000,Female,University,Married,46,0,0,0,180641,181557,8610,6907,3727,0
289,100000,Female,University,Single,25,2,0,0,70896,71678,3472,2092,2000,1
290,240000,Female,University,Married,46,0,0,0,8751,9900,1295,1000,1000,0
291,280000,Male,Graduate,Single,33,-1,-1,-1,898,898,898,325,898,1
292,50000,Female,University,Single,22,1,-2,-2,0,0,0,0,0,1
293,30000,Male,University,Married,43,3,2,2,1700,2610,1100,0,300,0
294,10000,Male,University,Single,27,0,0,2,7015,10227,3507,0,500,1
295,130000,Male,Graduate,Single,29,1,-2,-2,0,0,0,0,0,0
296,200000,Male,Graduate,Single,31,0,0,0,194353,197344,9000,7465,4715,0
297,120000,Female,University,Married,29,-1,-1,-1,1686,657,657,2319,1423,0
298,210000,Female,University,Married,36,0,0,0,143225,142996,6483,5082,6000,0
299,280000,Female,Graduate,Married,36,0,0,0,58983,60788,2755,3463,1300,0
300,300000,Male,Graduate,Single,34,1,-2,-1,0,0,0,13001,0,1
301,100000,Male,University,Single,37,0,0,0,99209,98222,3490,2332,2314,0
302,440000,Female,Graduate,Single,36,-2,-2,-2,0,0,0,0,0,0
303,50000,Female,High_School,Married,40,0,0,0,49941,51213,2400,1206,1000,0
304,20000,Female,Graduate,Single,25,0,0,2,11968,14564,2800,0,4000,1
305,200000,Female,Graduate,Single,27,-1,-1,-1,871,665,665,960,3908,0
306,110000,Female,University,Single,26,-2,-2,-2,432,3220,3220,5904,0,0
307,500000,Female,University,Married,36,-1,-1,-1,10483,23956,23962,0,8500,0
308,300000,Female,University,Married,27,1,-1,-1,0,5215,5215,0,0,0
309,30000,Male,High_School,Married,55,2,2,2,9720,10613,1200,1200,2000,1
310,60000,Female,Graduate,Single,27,-1,-1,-1,20847,13801,13809,14583,4889,0
311,400000,Female,University,Married,38,-1,0,-1,3697,3600,1000,1354,5322,0
312,180000,Female,University,Married,34,0,0,0,143301,146333,7000,5000,5000,0
313,20000,Male,Graduate,Single,40,0,0,0,10934,13738,3000,3100,0,0
314,200000,Female,High_School,Married,49,-1,2,2,52439,51040,0,6000,0,1
315,100000,Male,Graduate,Single,27,0,0,0,55734,52557,1631,1286,200,0
316,60000,Male,University,Single,23,0,0,0,49507,33282,1970,2000,618,1
317,110000,Female,University,Single,36,0,0,0,47819,48947,2200,2500,2000,0
318,260000,Female,High_School,Married,53,1,-1,-1,0,165,165,526,452,0
319,50000,Female,High_School,Married,46,3,2,2,48522,50955,3754,1,1070,0
320,180000,Male,University,Single,29,1,-2,-2,-2,-2,0,0,0,0
321,110000,Male,University,Single,29,1,2,2,58362,56598,2500,0,2000,1
322,340000,Female,Graduate,Single,27,0,0,0,172180,180140,21105,5461,5000,0
323,50000,Male,University,Single,24,-1,0,0,1399,2441,1070,1500,3666,0
324,230000,Female,University,Married,28,0,0,0,26361,18826,1710,1100,1000,1
325,360000,Female,University,Single,32,0,0,0,93029,94054,10000,7000,10000,0
326,210000,Male,University,Single,43,1,-2,-1,0,0,0,38013,3000,0
327,220000,Female,University,Married,41,-1,2,2,650,650,325,0,950,1
328,60000,Female,University,Married,34,2,2,2,24898,27976,3800,0,3720,1
329,340000,Male,University,Married,55,-2,-1,-1,50396,44665,44665,8321,2190,0
330,150000,Male,Graduate,Married,40,2,2,2,99855,102586,5200,0,8100,0
331,200000,Female,University,Married,37,1,-1,2,-179,505,1000,0,6900,1
332,130000,Female,University,Single,40,0,0,2,9559,12394,3000,0,500,1
333,60000,Female,Graduate,Single,28,1,2,0,10540,10232,0,1483,673,0
334,400000,Female,University,Married,43,1,-2,-2,0,0,0,0,0,0
335,20000,Male,Graduate,Single,27,0,0,0,20571,19089,1323,1600,830,0
336,190000,Female,Graduate,Single,28,0,0,0,143464,146943,5795,7408,5645,0
337,260000,Female,Graduate,Single,30,0,0,0,156882,160246,10000,8000,6000,0
338,140000,Female,University,Single,31,-2,-2,-2,390,0,0,0,0,0
339,50000,Female,University,Married,31,0,0,0,46512,47716,1974,4406,1061,1
340,120000,Female,Graduate,Single,34,-1,-1,0,882,6531,6900,5037,1100,0
341,240000,Female,University,Single,30,-2,-2,-2,92,92,92,92,0,0
342,50000,Male,University,Single,36,0,0,0,5916,6172,1212,1200,0,0
343,200000,Female,Graduate,Single,29,-1,2,-1,2393,183,0,4872,20183,0
344,180000,Male,Graduate,Married,39,0,0,-1,274731,281713,11000,145000,26000,0
345,180000,Female,Graduate,Single,26,0,0,0,145403,138232,5440,5051,3835,0
346,160000,Female,Graduate,Single,29,-1,-1,-2,3097,-707,0,0,5000,0
347,100000,Female,University,Single,26,-1,-1,-1,1370,4192,4210,4159,1000,0
348,50000,Female,University,Single,29,0,0,0,47081,49316,3000,2000,2000,1
349,140000,Female,University,Single,31,0,0,0,138119,137950,6600,6500,5100,0
350,30000,Female,University,Single,26,0,0,0,17893,19012,1411,1522,621,1
351,90000,Male,Graduate,Single,26,0,0,-1,39128,20473,1541,4200,0,0
352,200000,Male,Graduate,Married,36,1,-2,-1,-14386,-13543,10118,47015,0,0
353,380000,Male,Graduate,Single,30,1,-2,-2,0,0,0,0,0,1
354,80000,Female,University,Single,43,0,0,0,77057,78102,3177,2600,3000,0
355,50000,Male,High_School,Married,58,2,2,2,15899,18720,3400,0,1000,0
356,180000,Male,University,Married,45,-1,0,0,27679,28422,1481,2000,1100,1
357,240000,Female,University,Single,26,0,0,0,141315,128940,6349,5834,3870,0
358,380000,Male,University,Single,34,0,0,0,194314,179206,9010,35000,5000,0
359,110000,Female,Other,Single,24,0,0,0,83755,77431,3000,2900,2900,0
360,260000,Male,Graduate,Married,34,-1,-1,-1,49657,291,291,51058,35696,0
361,500000,Female,University,Single,23,4,3,2,507726,509229,10000,0,14000,1
362,320000,Female,University,Single,30,0,0,0,71305,71151,2589,2568,2570,0
363,50000,Male,University,Single,32,4,3,2,45734,44741,0,0,1262,0
364,110000,Male,Graduate,Married,40,1,-2,-1,0,0,0,2066,0,1
365,230000,Female,Graduate,Single,35,-2,-2,-2,761,300,300,399,665,0
366,330000,Female,University,Married,56,1,-1,-1,-9,1520,1529,1507,0,0
367,50000,Female,University,Married,61,0,0,0,47166,49396,3000,2237,975,0
368,10000,Male,University,Single,24,-1,2,2,2887,1923,0,1500,0,0
369,300000,Male,Graduate,Married,40,1,-2,-2,0,0,0,0,0,0
370,20000,Female,University,Married,32,3,2,0,20631,20010,0,1168,384,1
371,180000,Male,University,Married,36,2,2,-2,83538,0,0,0,0,1
372,160000,Male,Graduate,Single,30,-1,-1,-1,99,2977,2977,15086,9123,0
373,90000,Female,Graduate,Single,34,0,0,0,34302,35089,1640,9000,0,0
374,30000,Male,High_School,Single,54,0,0,0,22987,22298,2500,2000,1500,0
375,180000,Male,Graduate,Married,46,0,0,0,173267,174590,8100,5299,3305,0
376,30000,Male,High_School,Married,58,0,0,0,19143,20168,1640,1700,915,0
377,30000,Male,University,Married,43,1,2,0,20518,19901,0,1342,946,0
378,140000,Female,Graduate,Single,28,-1,0,0,10833,14446,14000,3855,4991,0
379,210000,Male,Graduate,Single,30,0,0,0,69937,71906,3500,3000,2000,0
380,50000,Male,University,Single,31,0,0,0,20526,15129,2000,3000,327,1
381,130000,Female,University,Single,29,0,0,0,89055,90780,4200,2575,2600,0
382,50000,Female,University,Married,37,2,2,2,1894,3200,1500,400,200,1
383,140000,Male,High_School,Married,36,0,0,0,100594,78372,3000,30000,4000,0
384,170000,Female,University,Single,28,-1,0,0,2948,3848,1105,1903,0,1
385,80000,Male,University,Single,25,0,0,0,22619,31429,10010,1209,579,0
386,410000,Female,Other,Married,42,0,0,0,338106,342904,15000,14000,9000,0
387,80000,Female,Graduate,Single,29,1,-1,-1,0,80000,80000,0,0,0
388,80000,Male,High_School,Married,73,-1,0,0,63144,65631,3500,4330,3500,1
389,150000,Male,University,Married,43,0,0,0,153249,154049,7900,6500,5700,0
390,260000,Male,Graduate,Married,30,-1,-1,-1,1131,291,291,582,0,1
391,350000,Male,Graduate,Married,38,1,-2,-2,0,0,0,0,0,0
392,280000,Female,University,Married,39,1,-1,0,-1312,35918,38621,2000,1130,1
393,310000,Male,University,Married,44,0,0,0,103797,91989,4400,4013,3011,0
394,140000,Female,University,Single,29,0,0,0,20110,17102,3000,3000,3000,0
395,360000,Male,Graduate,Married,51,-1,-1,-1,38000,25000,25000,0,0,0
396,140000,Female,Graduate,Single,27,0,0,0,142428,144105,10000,10000,6000,0
397,100000,Male,Graduate,Single,38,0,0,0,40810,42653,2502,1200,860,0
398,50000,Female,University,Single,22,-2,-2,-2,0,0,0,0,848,0
399,210000,Female,University,Married,30,0,0,0,104701,106134,4002,5000,3500,0
400,120000,Female,University,Single,25,2,2,2,120298,120822,4007,0,8272,0
401,240000,Male,Graduate,Single,29,0,0,0,156362,132280,5233,3289,2072,0
402,60000,Female,High_School,Single,42,0,0,0,41322,29091,1488,1394,962,0
403,150000,Male,Graduate,Single,41,-1,-1,-1,1464,2084,2091,384,0,1
404,30000,Male,University,Married,48,0,0,0,27879,28870,1774,1710,1046,0
405,160000,Female,Graduate,Single,29,2,2,2,160432,163916,7500,0,11558,1
406,200000,Male,Graduate,Married,52,-2,-2,-2,3858,2690,2690,3487,0,0
407,120000,Female,University,Married,25,0,0,0,26476,21393,6000,0,0,0
408,500000,Male,Graduate,Married,37,1,2,0,507062,491956,325,15296,12137,0
409,320000,Female,Graduate,Single,27,0,0,0,55607,62893,11404,8232,10450,0
410,280000,Male,Graduate,Single,31,0,0,0,168382,175646,10000,8000,6371,0
411,60000,Female,Graduate,Single,23,1,2,2,29332,28577,0,2709,1600,1
412,200000,Female,Graduate,Married,38,-1,-1,-2,190,0,0,0,367,0
413,230000,Female,Graduate,Married,32,1,-2,-1,0,0,0,2809,4606,0
414,230000,Female,University,Single,27,1,2,0,13668,12647,0,1064,423,1
415,480000,Female,High_School,Married,41,-2,-2,-2,14867,26665,26734,199982,9033,0
416,50000,Female,High_School,Married,35,-1,-1,-1,22500,5000,5000,0,0,0
417,200000,Female,Graduate,Single,31,-2,-2,-2,7184,14845,17507,1102,0,0
418,50000,Female,Graduate,Single,30,0,0,0,14811,16262,2000,1600,1200,0
419,50000,Male,University,Married,48,0,0,0,44338,43048,3629,3332,2000,0
420,260000,Female,Graduate,Single,36,1,-2,-2,0,0,0,0,0,1
421,30000,Male,Graduate,Single,24,2,0,0,25265,26354,1500,1800,1007,0
422,440000,Female,Graduate,Single,29,0,0,0,169661,167199,8071,9021,7013,0
423,230000,Female,University,Single,38,-1,-1,-1,10237,2795,2795,1350,371,0
424,200000,Male,University,Married,38,2,2,2,104978,105924,4500,0,3500,1
425,490000,Female,University,Married,30,0,0,0,192586,197967,10000,7143,7306,0
426,80000,Female,University,Married,32,-1,-1,-2,11262,0,0,0,0,0
427,20000,Female,High_School,Single,49,2,2,2,9551,12081,3000,1500,0,1
428,170000,Female,Graduate,Single,31,-1,-1,-1,199,199,199,199,398,1
429,70000,Male,Graduate,Single,27,0,0,0,70119,68536,3600,1646,600,0
430,210000,Female,University,Single,33,0,0,0,212601,177946,6000,4500,5000,0
431,90000,Female,University,Single,25,0,0,0,91894,71732,3200,3300,3000,0
432,390000,Female,Graduate,Single,27,0,0,0,304867,299998,13007,10612,10041,1
433,110000,Female,Graduate,Single,29,0,0,0,48123,49537,2500,2500,2000,0
434,580000,Female,Graduate,Married,36,0,0,0,159760,162189,6422,6565,5951,0
435,360000,Male,High_School,Married,55,0,0,-1,9210,8485,6015,17454,1775,0
436,270000,Female,University,Married,32,1,2,2,234752,233036,10000,8000,0,1
437,60000,Female,Graduate,Single,27,-1,-1,-2,14072,0,0,0,300,0
438,110000,Male,High_School,Married,37,0,0,0,61807,62499,2300,2200,2300,0
439,50000,Female,Graduate,Married,25,0,0,0,51044,50231,2500,3008,1000,0
440,80000,Female,Graduate,Single,23,0,0,0,77024,73281,3212,1600,956,1
441,50000,Male,University,Single,23,-1,-1,-1,350,350,350,400,1695,0
442,100000,Male,Graduate,Single,32,0,0,0,83831,85586,4000,4037,6500,0
443,30000,Female,Graduate,Single,26,1,-2,-1,0,0,0,945,0,0
444,200000,Female,Graduate,Single,27,0,0,0,122923,124653,5704,5930,4000,0
445,240000,Male,Graduate,Single,44,0,0,0,246135,231443,12026,9010,7400,1
446,220000,Male,University,Single,34,0,0,0,37304,33304,1600,1500,1100,0
447,160000,Female,Graduate,Single,28,0,0,0,146433,107604,4500,4400,3000,0
448,180000,Female,Graduate,Married,53,-1,-1,-1,46122,1260,1260,29366,54,0
449,200000,Male,Other,Married,42,0,0,0,38564,38246,5000,1485,1956,0
450,140000,Female,High_School,Married,30,0,0,0,96304,98007,4505,12906,0,0
451,380000,Male,Graduate,Married,51,1,-2,-2,0,0,0,0,0,1
452,600000,Male,Graduate,Married,53,2,2,0,467150,458862,0,18000,16000,1
453,260000,Male,University,Single,37,0,0,0,255691,262736,14000,5022,130000,0
454,200000,Female,Graduate,Single,26,0,0,-2,156786,179,179,1443,1443,0
455,80000,Male,University,Single,42,0,0,0,78129,28202,2500,51432,1800,0
456,40000,Male,University,Single,39,0,0,0,40034,36549,2027,1207,301,0
457,130000,Male,High_School,Single,39,1,2,2,71034,69329,0,6000,0,0
458,50000,Male,Graduate,Single,32,-1,0,0,23974,24131,1800,1900,1300,0
459,230000,Female,University,Married,41,-1,-1,-1,819,18163,18163,5654,12887,0
460,70000,Male,University,Married,48,0,0,0,50927,39883,2100,1217,500,1
461,180000,Female,University,Married,38,0,0,0,152510,151651,5657,10372,5000,0
462,80000,Female,University,Married,36,-1,-1,-1,1689,8638,8638,5723,2980,0
463,290000,Female,University,Single,26,0,0,0,20807,99860,80000,3000,3015,0
464,230000,Female,Graduate,Single,28,0,0,0,30141,131255,120093,8034,3013,0
465,170000,Female,High_School,Single,56,1,-2,-1,0,0,0,1991,0,0
466,230000,Male,Graduate,Married,59,-1,0,0,208459,206331,7536,7277,7100,1
467,220000,Male,Graduate,Single,38,0,0,0,212795,211043,8909,7500,9000,1
468,230000,Male,University,Single,32,0,0,0,28114,28006,1610,1224,655,0
469,500000,Male,University,Married,38,0,0,0,59372,49677,10026,7241,50091,0
470,90000,Female,Graduate,Married,41,-1,-1,-1,6160,3274,3276,6246,307,0
471,390000,Female,High_School,Single,35,0,0,0,355215,363325,13802,16525,8893,1
472,400000,Female,University,Single,41,0,0,0,366193,372700,14020,13595,6243,0
473,180000,Male,University,Married,34,-1,-1,-1,2927,2790,2790,1140,2144,0
474,60000,Male,High_School,Married,38,1,2,2,29295,30321,1800,1500,2000,0
475,120000,Female,University,Married,32,-1,-1,-1,4158,2682,2682,0,6440,0
476,60000,Female,University,Single,29,0,0,0,27199,28358,1900,1400,1000,0
477,50000,Male,Graduate,Single,44,0,0,0,50893,28527,1800,1500,1200,0
478,70000,Female,University,Married,37,0,0,0,66759,68200,2518,5950,0,0
479,500000,Female,Graduate,Married,38,-1,2,-1,600,300,0,501,300,0
480,200000,Male,Graduate,Single,31,-2,-2,-2,0,0,0,0,0,0
481,250000,Female,University,Married,40,0,0,0,44930,137101,120041,4435,0,0
482,140000,Male,University,Single,26,0,0,2,131367,146193,17000,0,11400,1
483,70000,Female,University,Single,28,0,0,0,41264,41799,2112,1200,758,0
484,90000,Male,High_School,Married,48,1,2,2,77604,73317,1700,4000,1600,0
485,100000,Female,University,Married,43,-1,-1,-1,2491,1709,1709,574,556,0
486,190000,Male,University,Married,31,0,0,0,177554,180633,7600,6303,4137,0
487,230000,Female,Graduate,Married,42,-1,-1,-1,6865,15111,15111,13165,0,0
488,320000,Male,University,Married,39,0,0,0,93768,91523,3317,3506,4218,0
489,220000,Female,University,Married,36,-1,-1,-1,396,1648,1648,792,0,1
490,260000,Female,Graduate,Married,34,-1,-1,-1,16426,6088,6277,4663,4140,0
491,90000,Female,University,Single,32,-2,-2,-2,573,0,157,0,0,0
492,30000,Female,University,Married,43,2,2,2,28703,26622,1300,2,1608,0
493,260000,Male,University,Single,30,0,0,0,98560,100980,4000,11900,207,0
494,170000,Female,University,Single,28,0,0,-1,28304,17616,4000,308,0,0
495,80000,Female,Graduate,Married,28,0,0,0,8574,9434,1203,1047,248,1
496,50000,Male,Graduate,Married,41,-1,-1,-1,508,672,1000,390,1000,0
497,200000,Female,High_School,Single,47,0,0,0,203183,202961,7521,7000,7000,0
498,20000,Male,University,Single,23,0,0,2,16440,20417,7403,0,820,0
499,250000,Female,Graduate,Married,49,-1,-1,-2,66,0,0,0,120,0
500,20000,Male,Graduate,Married,38,0,0,0,15912,17272,1623,3916,750,0
501,30000,Female,University,Married,38,0,0,0,20344,21705,2000,1500,2000,0
502,90000,Female,University,Married,35,1,2,2,23132,22474,0,6000,0,0
503,230000,Female,Other,Single,46,0,0,0,221590,227397,10000,9000,8000,0
504,130000,Female,Graduate,Married,33,0,0,0,19161,20544,2000,3000,0,1
505,30000,Male,Other,Married,53,-2,-2,-2,0,0,0,0,0,0
506,160000,Male,Graduate,Single,35,-1,-1,-1,396,396,396,396,0,0
507,500000,Female,University,Single,43,-1,-1,-1,3959,0,0,285138,4989,0
508,180000,Female,University,Single,28,0,0,0,42238,38741,2500,2000,1128,0
509,80000,Female,University,Married,30,0,0,0,21507,13207,1700,1400,200,0
510,120000,Male,Graduate,Single,26,-1,-1,-2,884,0,0,0,10446,0
511,130000,Male,University,Married,31,-1,-1,-1,1261,1261,1261,1261,1411,0
512,120000,Female,University,Single,35,-1,-1,-1,240,240,240,240,240,1
513,360000,Male,Graduate,Single,28,-1,-1,-1,20223,52962,53228,3997,1750,0
514,50000,Male,University,Single,23,2,2,2,29509,30741,2000,1500,1300,1
515,20000,Female,University,Single,23,0,0,2,18355,20259,2900,10,577,0
516,100000,Male,High_School,Married,56,0,0,-1,94265,53376,2385,88678,2169,0
517,70000,Male,High_School,Married,32,0,0,0,68739,67629,3060,3300,2610,0
518,50000,Male,University,Married,47,0,0,0,13917,16695,3000,5000,2000,0
519,10000,Female,University,Single,22,1,2,0,10250,8558,0,2126,390,0
520,290000,Female,Graduate,Married,34,0,0,0,93844,97708,6000,7000,5000,0
521,30000,Female,Graduate,Married,31,0,0,0,16496,17522,1597,1606,819,0
522,410000,Female,University,Single,27,1,-1,0,-58,32991,33049,16000,8700,0
523,360000,Male,Graduate,Single,28,-1,-1,-1,1210,820,390,75720,62520,1
524,140000,Female,University,Married,42,0,0,0,111496,112133,6022,3021,5012,1
525,210000,Female,Graduate,Single,32,0,0,0,67374,69489,3200,3200,2600,0
526,220000,Female,University,Single,27,-1,-1,-1,1692,13250,13250,433,1831,0
527,20000,Male,University,Single,27,1,2,0,18649,18066,0,1594,1000,0
528,620000,Female,University,Married,45,2,2,0,160837,156839,0,6200,6000,1
529,360000,Male,Graduate,Single,26,1,-2,-2,-8,-8,0,0,0,0
530,20000,Female,University,Single,21,-1,-1,2,18763,14410,14410,0,28,0
531,50000,Male,University,Single,23,0,0,0,34549,18552,2836,1200,13000,0
532,50000,Male,University,Single,30,0,0,0,97538,49187,2454,1588,780,0
533,10000,Male,University,Single,46,0,0,2,4073,6394,2400,0,871,1
534,100000,Female,High_School,Married,50,2,0,0,53849,55030,2050,7500,2500,1
535,50000,Male,Graduate,Single,26,-2,-2,-2,2411,3059,3068,2440,1807,0
536,60000,Male,University,Single,25,-1,-1,0,480,1675,1675,2500,578,0
537,440000,Female,Graduate,Single,35,0,0,0,330759,337794,13100,11000,10000,0
538,120000,Male,University,Married,44,0,0,0,92007,87939,5417,2847,2066,0
539,50000,Female,Graduate,Single,52,0,0,0,3257,4166,1000,0,0,0
540,110000,Female,University,Married,40,1,2,2,92638,90905,600,7300,3700,0
541,200000,Female,Graduate,Single,38,-1,-1,-2,399,0,0,0,0,0
542,150000,Female,Graduate,Single,28,1,-2,-2,0,0,0,0,0,0
543,30000,Female,University,Married,36,2,3,2,28778,28039,0,1000,0,1
544,100000,Female,Graduate,Single,24,0,0,0,30092,30486,1553,5000,87,0
545,360000,Female,Graduate,Married,34,-1,0,0,12339,10138,10000,13912,9785,0
546,390000,Female,Graduate,Single,31,0,0,0,50620,43220,5000,3000,3000,0
547,220000,Female,Graduate,Married,41,1,-2,-2,-65,-65,0,0,0,1
548,160000,Female,University,Single,25,-2,-2,-2,0,0,0,0,0,0
549,230000,Female,Graduate,Single,28,-1,-1,0,2403,7357,7357,2566,3000,0
550,120000,Male,Graduate,Single,27,0,0,0,52437,50473,5024,5000,5000,0
551,100000,Male,High_School,Married,52,0,0,2,4657,6068,1500,1000,1000,1
552,190000,Female,Graduate,Single,41,-1,-1,-1,28204,0,0,16500,0,1
553,50000,Male,Graduate,Married,56,0,0,0,50715,51073,2500,1500,1100,1
554,240000,Female,Graduate,Married,42,1,-1,-1,0,6370,6370,0,0,0
555,40000,Female,University,Single,24,-2,-2,-2,35285,36714,2000,1600,1401,0
556,630000,Female,University,Married,47,0,0,0,37850,68187,38187,1207,2632,0
557,160000,Female,Graduate,Married,33,-2,-2,-2,5233,5393,5401,1829,350,0
558,110000,Female,University,Single,32,0,0,2,65299,74565,11000,5800,3200,0
559,20000,Male,University,Single,29,0,0,0,17208,18419,2055,0,0,0
560,210000,Female,High_School,Married,53,0,0,0,57192,58472,2800,2753,2400,0
561,270000,Male,Graduate,Single,34,-1,-1,0,5780,12006,12006,5736,6621,0
562,360000,Female,University,Single,52,-2,-2,-2,640,2113,2231,0,1005,0
563,60000,Female,University,Married,42,-1,-1,-1,631,2790,2790,1758,416,0
564,360000,Male,University,Single,38,-1,0,0,108351,111201,8005,8004,5000,0
565,390000,Female,Graduate,Single,45,2,2,2,834,155,1,1693,6940,0
566,250000,Female,High_School,Single,35,-2,-2,-2,7244,8472,8514,1751,6739,0
567,90000,Female,Graduate,Single,24,0,0,0,13141,14526,1600,1500,3000,1
568,360000,Male,Graduate,Single,28,-1,-1,-1,7071,401,1510,3575,10573,0
569,50000,Male,High_School,Single,26,0,0,0,35429,30626,1537,1947,800,0
570,270000,Female,Graduate,Married,40,0,0,0,18751,5706,1000,0,0,0
571,200000,Female,Graduate,Single,29,1,-1,-1,55788,8360,8394,4927,5089,0
572,50000,Female,University,Single,23,0,0,0,49809,50364,2040,2766,1690,0
573,350000,Male,Graduate,Single,33,-1,-1,-1,10900,10478,10530,0,0,0
574,160000,Female,University,Single,60,-2,-1,-1,3128,5156,5156,1089,0,1
575,80000,Female,High_School,Married,49,-1,-1,-1,3367,4641,4641,2290,1459,0
576,290000,Male,Graduate,Married,53,2,0,0,279610,282024,13000,10200,10265,1
577,270000,Female,Graduate,Single,28,-1,-1,-1,475,475,475,5691,34000,0
578,80000,Male,Graduate,Single,31,-1,-1,-1,5994,32223,13647,8314,4082,0
579,50000,Male,University,Single,36,0,0,0,5197,6015,1300,1100,1000,0
580,30000,Male,University,Married,35,-2,-1,-1,7797,2687,2687,8765,3390,0
581,30000,Male,University,Single,28,1,-1,-1,0,780,780,0,0,1
582,90000,Male,University,Single,33,-1,0,0,35785,29155,15155,5485,5263,0
583,160000,Male,Graduate,Single,26,-1,-1,-1,1433,3746,3757,30348,1044,0
584,80000,Female,High_School,Single,53,0,0,0,77766,77954,4000,2374,2007,0
585,50000,Male,University,Single,42,0,0,0,50300,50898,2200,1600,1700,0
586,20000,Female,Graduate,Single,25,0,0,0,14603,15661,1600,1300,600,0
587,220000,Male,Graduate,Married,43,1,-2,-2,0,0,0,0,0,1
588,210000,Male,High_School,Single,25,-1,-1,2,8817,23634,23776,0,9631,1
589,130000,Female,University,Single,29,0,0,0,131575,130931,6700,6000,1291,0
590,260000,Female,University,Married,31,-1,-1,0,5841,23194,23194,50000,11500,0
591,230000,Female,Graduate,Married,30,0,0,0,30341,25981,5000,5000,65840,0
592,160000,Male,Graduate,Single,34,0,0,0,83255,83912,4000,3924,3200,0
593,50000,Male,Graduate,Married,35,0,0,0,34976,6018,1127,1074,215,0
594,80000,Male,University,Married,32,0,0,0,48747,45955,2145,1844,2009,0
595,110000,Male,High_School,Single,46,0,0,0,56700,57875,2681,2724,2287,0
596,200000,Male,Graduate,Married,43,0,0,0,144678,140804,5090,5014,5009,0
597,360000,Male,University,Single,29,0,0,0,268112,263368,9429,8738,7017,0
598,210000,Female,High_School,Single,31,1,-2,-2,0,0,0,0,0,0
599,80000,Female,University,Single,24,2,0,0,79243,75254,3249,3000,5000,0
600,300000,Female,University,Married,36,-1,-1,2,-475,5191,10000,0,0,1
601,310000,Female,University,Married,43,0,0,0,23396,24182,1426,1379,867,0
602,30000,Male,High_School,Married,59,-1,-1,-1,390,390,390,390,390,1
603,170000,Male,Graduate,Married,53,0,0,0,17862,17927,1323,1196,544,0
604,140000,Female,University,Single,28,2,2,2,26450,28823,3007,0,924,0
605,180000,Female,University,Single,31,1,-2,-2,0,0,0,0,0,0
606,50000,Male,Graduate,Single,34,1,2,2,22746,22099,0,2700,0,0
607,50000,Female,University,Married,36,0,0,0,9214,10359,1351,1500,150,0
608,110000,Female,Graduate,Single,24,0,0,0,40882,35428,2000,5000,5000,0
609,450000,Female,High_School,Married,36,-2,-2,-2,3996,9120,9120,8528,0,0
610,200000,Female,University,Married,34,-1,-1,-1,390,390,390,390,561,0
611,220000,Male,Graduate,Single,43,0,0,-1,44177,25736,1006,32906,18900,0
612,360000,Female,Graduate,Single,29,0,0,-2,3280,0,0,0,0,1
613,50000,Male,University,Married,37,0,0,0,48226,48727,2000,1684,1601,0
614,40000,Male,University,Single,23,2,2,0,36650,29541,0,1435,955,0
615,190000,Female,University,Married,37,1,2,2,115049,117856,6000,5000,0,0
616,150000,Male,Graduate,Single,33,0,0,0,21724,23168,2100,1200,965,0
617,200000,Female,Graduate,Married,37,1,-2,-2,0,0,0,0,0,0
618,270000,Female,University,Married,56,0,0,0,137807,123769,5000,5000,3953,0
619,60000,Male,Graduate,Single,25,0,0,0,58839,53235,2018,1900,2000,0
620,200000,Female,University,Married,39,0,0,0,80833,79100,3315,3088,2572,0
621,150000,Female,University,Married,39,0,0,0,36146,36184,3000,3000,3000,0
622,180000,Female,University,Single,28,-1,-1,-1,340,-120,0,1000,500,0
623,90000,Female,Graduate,Single,27,0,0,-2,7624,0,0,0,0,0
624,360000,Female,University,Married,37,1,-2,-2,0,0,0,0,0,0
625,90000,Female,Graduate,Single,24,-1,-1,-2,491,0,0,0,0,0
626,20000,Female,University,Single,24,0,0,0,13168,13888,1237,1249,1265,0
627,70000,Male,Graduate,Married,46,0,0,0,60040,55274,2600,1800,2000,0
628,230000,Male,Graduate,Married,39,-1,-1,-1,660,660,660,660,660,0
629,30000,Male,High_School,Married,48,0,0,0,29434,28960,1465,2000,1033,0
630,200000,Female,High_School,Single,45,-1,-1,-1,4430,7182,7193,3855,3411,0
631,100000,Male,High_School,Single,49,-1,-1,-2,1440,0,0,0,0,0
632,50000,Female,University,Single,23,0,0,0,26795,28056,2000,2000,2000,0
633,20000,Female,High_School,Married,25,0,0,0,16591,16442,1155,1000,0,0
634,210000,Female,University,Married,47,-2,-2,-2,0,0,0,0,0,0
635,110000,Male,High_School,Married,56,0,0,0,46486,35758,4086,1428,1318,0
636,20000,Female,High_School,Married,44,-1,-1,-1,550,228,228,0,228,0
637,50000,Female,High_School,Married,49,0,0,0,5630,6629,1107,1000,1000,0
638,50000,Male,University,Married,41,0,0,0,21986,21520,1362,1294,682,0
639,400000,Female,Graduate,Single,40,-1,-1,-1,60125,1981,1981,4521,20500,0
640,170000,Male,University,Single,31,0,0,0,56364,58132,3000,3000,2000,0
641,280000,Male,University,Married,42,0,0,0,148363,148432,6900,6867,5500,0
642,130000,Female,High_School,Married,28,0,0,0,100143,50456,2500,1000,0,0
643,210000,Female,University,Single,32,0,0,0,46255,50486,5000,5000,5000,0
644,370000,Male,University,Single,28,0,0,0,276436,239025,20000,13000,5000,0
645,30000,Female,University,Married,31,0,0,2,29493,19433,3200,0,742,0
646,150000,Male,High_School,Single,39,1,-1,-1,214450,147280,5180,5000,0,0
647,60000,Male,High_School,Married,31,2,0,0,35369,35320,1027,0,0,1
648,80000,Female,University,Single,24,0,0,0,77615,77303,3100,2586,2000,0
649,280000,Female,University,Married,44,2,2,2,186149,181779,0,15000,8000,1
650,20000,Female,University,Single,46,8,7,6,21075,20795,0,0,0,0
651,270000,Male,Graduate,Single,32,-2,-2,-2,0,0,0,1100,300,0
652,240000,Female,University,Single,26,0,0,-1,14348,7500,1000,7816,7500,0
653,20000,Female,Graduate,Single,22,0,0,0,20137,20179,1300,1301,900,0
654,450000,Female,Graduate,Married,42,1,-2,-2,-200,-200,0,200,42000,1
655,10000,Male,University,Single,33,0,0,0,8177,9131,2500,1145,1000,0
656,280000,Male,University,Married,39,-2,-2,-2,2082,3557,3597,5672,5427,1
657,290000,Female,High_School,Single,27,0,0,0,13820,15614,2000,1300,0,0
658,190000,Female,Graduate,Single,28,0,0,0,46923,48666,2500,2000,3000,1
659,80000,Female,Graduate,Single,23,0,0,0,53261,38091,4500,2011,3105,0
660,280000,Female,University,Single,28,-1,2,-1,427,298,0,1179,1714,0
661,160000,Female,Graduate,Married,33,-2,-2,-2,14150,8106,8106,12431,12145,0
662,90000,Male,University,Married,40,0,0,0,42856,44925,3114,0,787,1
663,140000,Female,Graduate,Single,37,-1,-1,-1,1034,40000,40000,0,0,0
664,50000,Male,Graduate,Single,22,0,0,0,5137,5960,1300,1000,120,0
665,40000,Female,University,Married,32,0,0,0,24114,25417,2000,4110,1100,0
666,130000,Female,High_School,Married,43,0,0,0,130067,129385,5540,4403,3814,0
667,70000,Female,High_School,Married,27,0,0,0,61611,62711,3011,3095,2000,0
668,30000,Female,University,Married,35,0,0,0,25078,25538,1500,1387,893,0
669,100000,Female,High_School,Married,35,1,2,2,97002,102698,8200,0,8000,0
670,20000,Female,Graduate,Married,30,2,2,2,5766,7511,2000,500,0,1
671,30000,Female,University,Single,34,2,-1,2,99568,32326,33000,33000,5810,0
672,20000,Male,University,Married,34,0,0,0,12857,14183,1541,1248,1000,1
673,100000,Female,Graduate,Single,28,2,0,0,96193,82342,3600,3800,3000,1
674,30000,Male,University,Single,25,2,2,7,2400,2400,0,0,0,1
675,320000,Female,Graduate,Married,41,0,0,0,97797,99672,4520,5050,3590,0
676,90000,Male,High_School,Single,42,2,2,2,64762,63164,0,2900,0,1
677,190000,Male,University,Single,40,2,2,2,145613,156765,15000,6600,6500,1
678,200000,Male,Graduate,Single,28,0,0,0,71989,122129,52129,30000,6000,0
679,300000,Female,University,Single,31,-1,-1,-1,3345,1083,1087,4355,7423,0
680,30000,Female,Graduate,Single,56,-1,0,0,29033,17013,1283,7024,7024,0
681,110000,Female,University,Single,45,0,0,0,26650,20787,1532,2000,783,0
682,230000,Female,Graduate,Single,29,-2,-2,-2,0,0,0,1024,0,0
683,230000,Female,Graduate,Married,35,0,0,0,4259,5432,1250,1000,0,0
684,310000,Female,University,Single,28,0,0,0,106468,108955,8000,6000,5000,0
685,320000,Male,Graduate,Married,40,0,0,0,247276,241167,10000,10000,10000,0
686,360000,Male,Graduate,Married,47,-1,-1,-1,1548,-32,0,177671,3508,0
687,20000,Female,High_School,Married,41,-1,-1,-1,780,0,0,732,300,1
688,170000,Female,University,Single,27,0,0,0,162671,166202,7500,6000,10000,0
689,140000,Male,Graduate,Married,40,0,0,0,123049,125616,4310,5913,4426,0
690,80000,Male,University,Single,32,0,0,0,51372,51872,1853,1700,1522,0
691,150000,Male,University,Single,35,0,0,0,60015,72227,20000,30000,54340,0
692,170000,Male,University,Single,27,-1,2,2,1170,780,0,0,0,0
693,200000,Female,University,Married,29,2,0,0,159398,156955,6163,4530,4500,1
694,70000,Male,Graduate,Single,30,0,0,2,55664,59529,5800,0,2250,0
695,320000,Male,University,Married,37,-2,-2,-2,43528,498,500,431,14328,0
696,150000,Female,Graduate,Single,29,-2,-2,-2,0,0,0,0,0,0
697,50000,Female,Graduate,Married,34,0,0,0,27966,28539,1267,1553,7511,0
698,90000,Female,University,Single,34,-1,2,2,8792,7500,0,0,0,0
699,280000,Male,Graduate,Married,41,-2,-2,-2,28026,41302,41346,52110,35752,0
700,300000,Female,Graduate,Single,31,0,0,0,43610,43280,1655,1797,750,0
701,400000,Female,University,Single,40,-2,-2,-2,0,8235,8235,0,0,0
702,200000,Female,Graduate,Married,27,-1,-1,-1,5780,105,105,105,0,0
703,10000,Female,High_School,Single,22,0,0,0,8109,9778,2000,1036,0,1
704,50000,Female,University,Single,30,1,3,2,52515,51424,0,0,2000,1
705,30000,Female,University,Single,22,1,2,4,22582,26518,4600,0,0,0
706,50000,Male,Graduate,Single,26,-1,0,0,15448,16392,1500,2000,1500,1
707,50000,Male,University,Married,38,1,2,0,58102,59011,2500,2500,2000,0
708,30000,Female,High_School,Married,46,1,2,2,12289,11806,0,1970,0,0
709,20000,Male,University,Single,24,0,0,-1,10476,7279,1000,688,0,0
710,20000,Male,University,Single,49,0,0,0,16326,17497,1441,1400,368,0
711,50000,Male,Graduate,Single,49,0,0,0,17681,18249,1611,2000,780,0
712,30000,Female,University,Married,42,0,0,0,47912,25023,1755,1500,1000,0
713,360000,Female,Graduate,Married,30,1,2,-1,18886,14249,0,3828,2000,0
714,170000,Male,University,Married,42,1,-1,-1,0,1690,1690,0,0,0
715,400000,Female,Graduate,Single,31,-2,-2,-2,203,767,770,667,1256,0
716,50000,Female,University,Married,49,0,0,0,34962,32275,1613,2000,1500,0
717,160000,Female,University,Single,27,0,0,0,80964,80337,4000,4000,3500,0
718,70000,Female,University,Married,33,0,0,0,69418,68943,2382,2025,1000,1
719,150000,Female,Graduate,Married,35,1,-2,-2,0,0,0,0,0,0
720,80000,Female,University,Single,48,0,0,0,45174,41885,3000,3413,2000,0
721,30000,Female,University,Single,22,0,0,2,23892,28459,5300,0,1000,0
722,10000,Male,University,Single,22,0,0,0,7960,9649,2000,1000,500,1
723,180000,Female,Graduate,Single,27,1,-1,-1,0,3338,3338,3333,3333,0
724,320000,Male,Graduate,Married,47,-1,-1,-1,9192,13920,13942,4022,316,0
725,80000,Female,University,Single,34,0,0,0,25935,27210,2000,2338,2000,0
726,10000,Male,University,Married,45,0,0,0,7139,8416,1400,1700,0,1
727,360000,Female,University,Single,39,-1,-1,-1,12865,4462,4484,19623,222,0
728,450000,Male,University,Single,33,-2,-2,-2,-14,2568,2582,0,0,0
729,330000,Female,University,Single,29,0,0,0,49549,133957,90000,3000,5000,0
730,60000,Male,Graduate,Single,29,-1,2,-1,546,255,0,500,1000,1
731,50000,Female,High_School,Single,26,0,0,0,9935,11029,1234,2000,297,0
732,200000,Male,University,Married,38,0,0,0,152856,156104,6000,5000,5000,0
733,120000,Male,Graduate,Single,34,1,2,-1,1278,639,0,621,0,0
734,160000,Female,Graduate,Married,37,-1,-1,-1,316,316,316,0,316,0
735,110000,Male,University,Married,57,0,0,0,46132,41050,2306,2111,3009,0
736,70000,Female,High_School,Married,50,-2,-2,-1,27345,-1041,1041,18862,640,0
737,150000,Female,High_School,Single,28,0,0,0,101593,101886,4000,4032,3410,0
738,610000,Female,Graduate,Single,31,0,0,0,142764,126606,6540,2100,2150,0
739,110000,Female,Graduate,Single,25,0,0,0,92849,94766,4346,4075,3144,0
740,80000,Female,University,Single,25,2,0,0,17330,19258,3000,4790,0,1
741,170000,Female,University,Married,33,0,0,0,109863,79574,4380,3000,3000,0
742,110000,Female,Graduate,Single,30,-1,-1,-1,1064,2001,2007,3796,0,0
743,140000,Female,Graduate,Married,51,0,0,0,56764,57950,2115,2004,1941,0
744,70000,Male,Graduate,Single,51,0,0,0,43048,43257,3000,4000,0,0
745,260000,Female,University,Married,46,-2,-2,-2,29484,28592,10000,3000,12713,0
746,170000,Male,High_School,Single,38,0,0,0,21310,22957,2000,2000,2000,0
747,50000,Female,University,Married,34,0,0,0,10821,11877,1221,2000,1500,0
748,300000,Female,High_School,Married,34,0,0,0,280823,275303,11000,12000,7200,1
749,150000,Female,Graduate,Single,31,2,-1,-1,390,390,390,390,4825,1
750,50000,Female,University,Single,25,8,7,6,37647,37102,0,0,1000,1
751,50000,Female,University,Married,26,1,-2,-1,0,0,0,1756,1000,0
752,90000,Female,Graduate,Single,25,2,0,0,84710,87334,4000,3258,1000,0
753,50000,Male,University,Single,26,0,0,0,48036,46787,2100,1227,383,1
754,500000,Female,University,Single,43,-1,0,0,43346,43976,4006,2383,1126,0
755,470000,Female,University,Married,36,-1,0,0,873,1593,1005,1000,285,0
756,230000,Male,University,Single,58,0,0,0,110163,112499,5600,5700,5000,0
757,140000,Female,University,Single,26,0,0,-1,4113,6030,2000,16025,24616,0
758,230000,Female,University,Married,30,2,0,-1,9636,10152,1222,1837,0,1
759,420000,Female,University,Single,31,0,0,0,25103,21330,1509,1067,3061,0
760,30000,Female,University,Single,24,0,0,0,31319,31181,1564,1800,1100,0
761,50000,Female,University,Single,52,1,2,0,43343,43360,1300,1400,920,1
762,140000,Female,University,Single,24,-1,-1,-2,197,0,0,0,233,0
763,260000,Female,University,Married,35,-1,-1,-1,7967,67650,67650,6000,0,0
764,90000,Female,High_School,Single,29,-1,2,-1,19450,3123,0,3509,3113,0
765,240000,Female,University,Married,33,0,0,0,240878,233838,10000,11000,10000,0
766,510000,Female,Graduate,Single,35,-1,0,0,2115,2116,1117,4560,91,0
767,110000,Female,University,Married,35,0,0,0,81665,46070,2460,2000,3000,0
768,210000,Female,Graduate,Single,28,-1,-1,-1,11442,3738,3738,7526,5000,0
769,220000,Male,University,Married,40,-1,-1,-2,158,0,0,0,0,0
770,200000,Female,Graduate,Married,35,-2,-2,-2,2257,4261,4266,1667,2473,0
771,360000,Female,University,Single,53,-1,-1,-1,10733,15206,15206,15032,9769,0
772,260000,Male,Graduate,Single,44,-1,-1,-1,316,316,316,316,316,0
773,20000,Male,University,Married,33,0,0,0,11026,9535,1174,1149,501,0
774,120000,Female,University,Married,32,0,0,0,113869,116110,5498,5500,4000,0
775,50000,Female,Graduate,Single,33,-1,2,-1,7363,5180,39,32013,11079,0
776,60000,Female,Graduate,Single,26,1,2,0,29649,21657,0,8000,15000,0
777,200000,Male,Graduate,Single,26,-2,-2,-2,12716,16164,16244,1963,3359,0
778,20000,Male,University,Single,26,-1,-1,-1,1438,1261,1261,451,0,0
779,50000,Female,Graduate,Married,32,2,0,0,47858,49223,2500,3000,7000,1
780,50000,Female,University,Single,31,1,-2,-1,0,0,0,190,0,0
781,230000,Male,Graduate,Single,29,0,0,2,40732,44563,5000,0,3000,0
782,50000,Male,University,Married,27,-1,-1,2,819,3003,2184,5,1180,0
783,100000,Female,Graduate,Single,28,2,2,2,79580,81493,3790,3200,3100,1
784,210000,Female,Graduate,Married,42,1,-2,-1,0,0,0,2490,0,1
785,230000,Female,University,Married,32,0,0,0,87764,73526,2630,2614,6000,1
786,500000,Female,Graduate,Single,26,1,-2,-2,31421,22150,22157,0,0,0
787,370000,Female,Graduate,Single,38,-1,-1,-1,929,328,328,0,1539,0
788,230000,Female,Graduate,Married,35,-1,-1,-1,2648,191,200,1950,11692,0
789,80000,Male,University,Single,29,0,0,0,11894,12287,1284,1047,2000,0
790,60000,Female,University,Single,29,-1,0,0,55064,57833,5000,1033,0,0
791,30000,Female,University,Single,51,1,2,2,25382,26480,1800,0,928,0
792,70000,Male,Graduate,Single,27,1,-1,-1,-54,273,600,19,0,0
793,410000,Male,Graduate,Single,32,-1,-1,-1,5335,5369,5400,0,0,0
794,280000,Female,High_School,Married,40,1,-2,-2,-288,-288,0,0,0,0
795,50000,Female,Graduate,Married,34,0,0,0,46750,48317,2320,1282,3299,0
796,100000,Female,University,Married,30,0,0,0,97062,74352,2800,2700,5400,0
797,230000,Female,Graduate,Single,29,-2,-2,-2,0,0,0,0,0,0
798,50000,Female,Graduate,Single,22,0,0,0,13801,9549,1372,1275,7900,0
799,100000,Female,Graduate,Single,48,2,2,2,15355,17949,3164,800,800,0
800,210000,Female,University,Married,35,0,0,0,37148,35754,2000,2000,2444,0
801,400000,Male,Graduate,Single,37,-1,-1,-1,385,12695,13032,1290,0,0
802,20000,Male,University,Single,25,4,3,2,20610,20005,0,0,500,1
803,50000,Female,High_School,Married,44,-1,-1,-1,2000,780,780,0,7472,0
804,230000,Female,Graduate,Single,28,-1,-1,-1,6666,6666,6666,0,0,0
805,220000,Male,University,Single,29,0,0,0,31037,6244,3050,0,0,0
806,300000,Female,Graduate,Married,36,0,0,0,25239,25001,1713,1000,0,0
807,80000,Female,University,Single,23,1,-1,2,998,6858,6861,11,1146,0
808,20000,Female,High_School,Single,36,0,0,2,16754,18873,2400,1600,0,1
809,190000,Female,Graduate,Single,26,0,0,0,31061,32129,1750,1720,1300,0
810,160000,Female,University,Single,37,0,0,0,2694,38433,35888,1325,891,0
811,120000,Female,Graduate,Single,44,0,0,2,70096,76446,8100,0,247,0
812,700000,Female,Graduate,Married,39,0,0,0,99259,102345,5000,10000,326,0
813,140000,Female,Graduate,Single,24,1,-2,-2,0,0,0,0,0,0
814,300000,Female,High_School,Married,29,-1,0,0,24921,21333,2000,3000,0,0
815,120000,Male,High_School,Married,33,1,2,2,66055,67405,3000,2700,2700,1
816,280000,Female,University,Married,39,0,0,2,213738,228963,20300,0,5600,0
817,70000,Male,High_School,Married,51,2,2,0,54968,51384,0,2100,1950,1
818,20000,Female,High_School,Single,24,-1,-1,-1,4101,507,507,3042,0,0
819,150000,Female,University,Married,45,-1,-1,-1,2605,2605,2605,4590,2605,0
820,60000,Male,Graduate,Single,30,0,-1,0,15380,4116,4147,19435,1000,0
821,200000,Female,High_School,Single,51,-1,-1,-1,780,0,0,390,780,0
822,50000,Female,University,Single,24,1,2,0,48861,48082,2000,2233,1083,1
823,150000,Male,University,Married,50,-1,0,0,55336,58255,5085,4000,0,0
824,20000,Female,Graduate,Single,22,0,0,0,20243,20400,1410,1200,534,0
825,40000,Male,Graduate,Single,27,0,0,0,11058,11471,2000,1500,2330,1
826,170000,Female,University,Single,33,1,-1,-1,0,7042,7042,2986,0,0
827,50000,Female,University,Married,24,1,2,0,27087,26372,0,1400,1100,0
828,10000,Male,University,Single,37,0,0,0,8755,8158,1167,1022,1036,0
829,200000,Female,University,Married,58,-1,-1,-1,3035,199602,199646,720,0,0
830,50000,Female,University,Married,48,0,-1,-1,20944,4696,2360,49325,3001,0
831,320000,Male,Graduate,Single,28,-1,0,0,2007,3477,2000,1000,1633,0
832,20000,Female,High_School,Married,24,8,7,6,24310,23987,0,0,0,0
833,470000,Female,University,Married,27,0,0,0,152478,62084,3001,4005,2021,1
834,230000,Female,High_School,Single,30,-1,-1,-1,550,0,0,13013,1252,0
835,20000,Female,Graduate,Single,23,0,0,0,17246,16988,2000,2000,3000,0
836,30000,Female,High_School,Single,53,-1,-1,-1,1598,2487,2487,0,4810,1
837,80000,Female,University,Single,23,2,2,2,22895,23837,1600,1100,1000,0
838,110000,Female,University,Married,55,0,0,0,15069,16123,1600,1300,1000,0
839,420000,Male,University,Married,34,0,0,0,88948,79783,30000,10575,15000,0
840,500000,Male,Graduate,Married,43,1,-2,-2,0,0,0,0,0,1
841,80000,Female,University,Single,22,1,2,0,79318,79459,2000,2201,2000,0
842,350000,Female,University,Married,31,0,0,0,67648,68557,3039,2047,1750,0
843,30000,Female,University,Married,32,-2,-2,-2,0,0,0,0,0,0
844,110000,Female,University,Single,33,1,-2,-2,0,0,0,0,0,1
845,500000,Male,High_School,Married,39,0,0,0,315201,332071,25000,50000,20000,0
846,490000,Female,Graduate,Married,38,-1,-1,-1,4290,4738,4738,2803,6027,0
847,300000,Female,University,Married,34,-2,-2,-2,205064,-86,0,0,2100,0
848,50000,Male,University,Single,42,2,0,0,47647,50232,3700,3700,0,1
849,150000,Male,High_School,Married,37,4,4,4,151117,153787,6500,0,512,1
850,80000,Female,High_School,Married,57,-1,2,-1,726,726,0,15400,0,0
851,40000,Female,University,Single,23,0,0,0,20035,21406,2000,4000,0,0
852,30000,Male,University,Single,32,1,2,2,29095,30819,2500,0,910,0
853,50000,Male,Graduate,Married,37,0,0,-2,30400,0,500,0,0,0
854,140000,Female,University,Single,23,0,0,0,44733,44144,2100,2027,1800,0
855,50000,Female,High_School,Single,49,0,0,0,4987,6741,2000,3000,1500,0
856,30000,Female,University,Single,25,-2,-2,-2,26957,26269,1333,2256,27497,0
857,40000,Female,Graduate,Single,29,0,0,2,26461,29425,3400,1500,0,1
858,100000,Female,High_School,Married,43,2,2,2,50485,51582,2200,2000,2000,1
859,130000,Male,University,Single,29,0,0,0,131041,133698,7000,5151,4464,0
860,20000,Female,University,Single,27,0,0,0,20218,19194,1482,1400,0,0
861,50000,Male,Graduate,Single,26,-2,-2,-2,0,0,0,0,0,0
862,260000,Male,Graduate,Married,41,-2,-2,-1,1086,2853,3552,38836,20000,0
863,30000,Female,High_School,Single,52,2,2,7,2450,2450,0,0,0,1
864,10000,Female,University,Married,31,0,0,0,15915,9050,2330,2200,1000,0
865,200000,Male,Graduate,Single,32,0,0,0,43515,44557,1739,1756,2662,0
866,30000,Female,University,Married,46,0,0,0,28234,28874,1484,1436,1120,0
867,180000,Female,University,Single,35,0,0,0,119333,123150,6000,0,0,0
868,100000,Male,Graduate,Single,35,0,0,-2,29109,0,0,0,0,0
869,140000,Female,University,Married,39,0,0,0,105192,90337,3000,6000,4000,0
870,290000,Female,University,Single,34,0,0,0,310403,315048,12012,12012,11016,0
871,20000,Female,University,Single,52,0,0,0,14591,15616,1265,1277,607,0
872,80000,Female,High_School,Married,40,0,0,0,35660,37082,2000,2000,1397,0
873,500000,Female,High_School,Married,38,-2,-2,-2,13655,8351,8351,2340,2340,0
874,180000,Male,Graduate,Married,45,-1,-1,-1,4453,3310,3310,7228,5060,0
875,20000,Female,High_School,Married,40,-1,-1,-1,2946,0,0,390,390,0
876,30000,Female,University,Married,25,0,0,0,30606,29579,1800,1512,1259,0
877,150000,Male,Graduate,Single,33,0,0,0,45335,50262,6000,6000,6000,0
878,280000,Female,University,Single,27,-1,-1,-1,5924,5174,5174,1078,3058,0
879,50000,Female,University,Married,43,0,0,0,23587,24580,1800,1775,10732,0
880,20000,Female,University,Married,43,2,0,0,15294,16340,1300,1300,700,0
881,200000,Male,Graduate,Single,30,-1,-1,-1,4935,-200,0,11663,9363,0
882,210000,Female,University,Married,49,1,-2,-2,0,0,0,0,0,1
883,230000,Female,Graduate,Single,38,0,0,0,224020,227311,8750,7470,4540,0
884,50000,Male,High_School,Single,57,0,0,0,47917,48455,1988,1989,1018,0
885,50000,Male,High_School,Single,55,0,0,0,51737,27121,2930,1447,1158,1
886,70000,Female,University,Single,23,0,0,0,49605,51804,3000,2700,3000,0
887,310000,Male,Graduate,Single,30,-2,-2,-2,1544,1648,1300,1000,1000,0
888,180000,Female,University,Married,30,-1,-1,-1,2488,13476,13476,3173,13212,0
889,90000,Female,University,Single,24,0,0,0,24401,22771,1454,1384,407,0
890,390000,Male,University,Single,28,0,0,0,149445,139794,8046,5150,5297,0
891,150000,Female,High_School,Married,34,-1,-1,-1,772,337,340,618,150,0
892,400000,Male,University,Single,37,1,1,1,13611,15066,3019,5014,3,0
893,80000,Female,University,Married,32,0,0,0,28408,25695,1259,1035,1600,0
894,320000,Male,Graduate,Single,27,0,0,0,137574,199563,6048,6371,3043,0
895,240000,Female,University,Married,37,-1,-1,-2,238,0,0,0,0,1
896,200000,Male,Graduate,Single,31,-2,-2,-2,100,100,100,100,100,0
897,110000,Male,Graduate,Single,55,1,2,2,92610,94755,4500,0,11300,1
898,170000,Female,Graduate,Single,28,2,2,2,131864,133897,5600,0,11000,1
899,90000,Female,High_School,Single,51,0,0,0,11315,12340,1212,1221,1148,1
900,200000,Male,Graduate,Married,36,-1,-1,0,3877,11496,11496,1011,297,0
901,360000,Male,Graduate,Single,30,-2,-1,-1,0,2500,2500,0,0,0
902,140000,Female,Graduate,Married,36,-1,-1,-2,4036,0,0,0,2971,0
903,220000,Male,University,Single,25,0,0,0,168286,155893,10000,3900,1000,0
904,100000,Male,High_School,Married,50,0,0,-2,154970,0,0,0,0,0
905,80000,Female,University,Single,40,2,0,0,57364,58637,2200,2200,4000,0
906,30000,Female,University,Single,27,-1,-1,2,27772,30461,3136,0,0,0
907,50000,Male,Graduate,Single,30,2,2,2,4187,5152,2300,0,700,1
908,120000,Female,University,Single,26,0,0,0,22431,12399,1500,1000,682,0
909,50000,Male,Graduate,Single,27,0,0,0,7010,9876,3000,1500,2000,0
910,360000,Female,Graduate,Single,27,0,-1,0,79837,27456,27465,50154,39105,0
911,90000,Female,Graduate,Single,25,2,2,2,86014,92898,8300,2400,1000,0
912,500000,Male,Graduate,Single,32,-1,0,0,386405,387910,25016,20018,10000,0
913,140000,Female,High_School,Married,46,0,0,0,68075,69972,3000,3000,3000,0
914,30000,Male,High_School,Married,45,0,0,2,17187,24045,7900,0,0,0
915,70000,Male,High_School,Married,30,0,0,0,19882,20611,1352,1600,949,0
916,200000,Male,Graduate,Married,39,-2,-2,-2,0,0,0,0,0,0
917,350000,Male,Graduate,Married,48,0,0,0,54969,47978,2087,1989,1591,0
918,120000,Male,Graduate,Single,32,1,-2,-2,0,0,0,0,0,1
919,240000,Male,Graduate,Single,46,0,0,0,471814,478380,16044,15087,12000,0
920,90000,Female,Graduate,Single,23,0,0,0,22109,25011,6000,5000,4000,0
921,260000,Female,Graduate,Single,33,1,-2,-2,0,0,0,0,0,0
922,50000,Female,Graduate,Single,24,0,0,0,27245,28300,1800,4400,0,0
923,110000,Male,Graduate,Married,40,0,0,0,8481,13066,4980,5124,5256,0
924,20000,Female,Graduate,Single,24,-1,-1,2,1371,796,796,0,796,0
925,30000,Female,University,Single,24,0,0,0,27391,28412,1767,1700,1010,0
926,180000,Male,Graduate,Single,27,-2,-1,2,11392,14688,3500,0,0,1
927,20000,Male,University,Married,46,0,0,0,5902,6767,1122,1500,291,0
928,50000,Female,University,Single,22,0,0,0,50342,50482,1896,1656,1750,0
929,180000,Female,Graduate,Single,36,-2,-2,-2,10737,21197,21197,11936,40420,0
930,200000,Male,Graduate,Married,34,-2,-2,-2,1242,4006,4034,945,2366,0
931,260000,Female,University,Single,24,0,0,0,68411,60386,2500,4000,4000,0
932,320000,Male,Graduate,Married,60,-1,-1,-1,9955,3465,3465,84440,886,1
933,160000,Female,University,Single,29,2,2,-1,1989,-8,0,874,0,1
934,30000,Male,University,Single,32,2,0,0,7851,9065,1500,3000,0,1
935,50000,Female,University,Married,36,0,0,0,16906,17645,1314,1147,348,0
936,50000,Male,University,Single,30,0,0,0,21062,6495,2000,1000,0,0
937,90000,Female,University,Single,29,0,0,0,47585,52084,10000,2600,2500,0
938,240000,Male,Graduate,Single,34,1,2,-1,11874,5979,0,6938,41877,0
939,180000,Female,University,Married,32,1,2,2,15548,15009,0,3000,0,1
940,200000,Female,University,Married,32,-1,-1,-1,5150,10190,10190,10190,10190,0
941,50000,Female,Graduate,Single,25,0,0,0,42543,34629,1900,1428,600,0
942,50000,Male,University,Married,44,-1,-1,-1,1261,1261,1261,1261,1261,0
943,330000,Female,Graduate,Married,37,-1,-1,-1,4785,3403,3523,0,5882,0
944,80000,Female,University,Single,24,2,2,5,1200,1200,0,0,0,1
945,50000,Female,University,Single,23,-2,-2,-2,3779,3944,3955,2124,2266,0
946,360000,Female,Graduate,Single,29,0,0,-1,15854,8174,1000,1004,1004,0
947,240000,Female,University,Married,37,0,0,0,219099,217058,8131,8123,6700,0
948,50000,Male,University,Married,59,0,0,0,47069,48479,2169,2210,680,0
949,470000,Male,University,Single,33,0,0,0,190258,181207,40012,10020,40069,0
950,160000,Female,High_School,Married,51,-1,2,-1,2000,1000,0,2125,2125,0
951,30000,Male,Graduate,Married,27,-1,0,0,12897,13484,2011,2211,2101,1
952,80000,Female,University,Married,32,0,0,0,81074,78262,3700,3400,2900,0
953,500000,Female,High_School,Single,42,-2,-1,-1,10889,26146,29987,104279,2085,0
954,180000,Male,University,Single,39,-1,-1,-1,3135,2822,2833,2015,5818,0
955,110000,Female,University,Married,46,-1,-1,-1,2410,2151,2151,2161,1719,0
956,160000,Male,Graduate,Married,41,0,-1,0,117126,11222,15315,15000,3000,0
957,210000,Female,University,Single,30,0,0,0,21780,20974,1325,1074,1000,0
958,200000,Female,Graduate,Married,34,-1,0,0,6206,6723,1120,1024,362,1
959,350000,Male,Graduate,Single,35,-1,-1,-1,4439,33720,33891,16267,4027,0
960,250000,Male,Graduate,Single,41,-1,-1,-1,1338,-24,0,8348,0,1
961,380000,Male,Graduate,Single,43,1,2,2,8201,7882,39,0,0,1
962,30000,Male,University,Single,47,-1,-1,-1,396,396,396,396,792,0
963,200000,Male,University,Single,31,0,0,0,33781,35879,3000,2000,2000,0
964,30000,Male,University,Single,30,-1,0,0,27826,28672,1600,1500,1000,0
965,50000,Male,University,Single,24,0,0,-1,14937,12171,3027,3858,11139,0
966,500000,Male,Graduate,Married,36,0,0,0,294827,292920,20007,20026,20020,0
967,30000,Male,Graduate,Single,28,1,-2,-1,0,0,0,1310,816,0
968,220000,Female,Graduate,Married,36,-1,-1,0,996,4102,4102,1111,1057,0
969,20000,Female,University,Married,27,0,0,0,42784,41009,3000,5000,10000,0
970,180000,Female,University,Married,32,0,0,0,74189,30670,2000,1000,0,0
971,300000,Male,Graduate,Married,42,-1,0,0,11973,61834,20979,5000,37676,1
972,130000,Female,University,Married,33,0,0,0,133461,133393,7010,6657,3899,0
973,180000,Female,High_School,Married,39,2,2,2,10159,12689,2710,0,2000,1
974,150000,Female,Graduate,Single,30,-2,-2,-2,50,6527,8589,2500,0,0
975,140000,Male,University,Married,30,0,0,0,134203,127319,5000,3500,2700,1
976,50000,Female,University,Single,22,0,0,0,49609,61162,2100,2000,4000,0
977,20000,Male,University,Single,25,1,2,2,6174,7543,2000,28,0,1
978,180000,Male,Graduate,Single,28,-1,-1,-1,666,662,662,0,61411,0
979,180000,Male,University,Single,26,0,0,0,5591,6619,1126,4081,240,1
980,150000,Female,High_School,Married,54,-1,0,0,148747,145231,5500,5500,11000,0
981,70000,Female,Graduate,Single,24,0,0,0,63903,65248,3000,2190,2201,0
982,30000,Male,University,Single,29,8,7,6,34423,33952,0,0,0,0
983,500000,Male,Graduate,Single,36,-2,-2,-2,45106,81264,81690,18225,27365,1
984,60000,Male,High_School,Married,49,0,0,0,44801,41545,3000,4506,2500,0
985,50000,Female,Graduate,Single,23,-2,-2,-2,49860,50187,2500,1289,917,0
986,130000,Male,High_School,Single,43,1,-1,-1,1018,6377,6433,2,937,1
987,260000,Female,University,Married,33,-2,-2,-2,134736,135593,6067,10000,3000,0
988,380000,Male,High_School,Married,53,-2,-2,-2,0,0,0,0,0,0
989,360000,Female,University,Single,25,2,2,2,286732,290690,10792,0,15000,0
990,50000,Male,High_School,Married,54,1,2,2,62847,60885,2100,0,2000,0
991,50000,Female,High_School,Married,39,0,0,2,58300,59727,7876,161,74354,0
992,260000,Female,Graduate,Married,44,-1,2,2,1215,856,0,291,803,1
993,80000,Female,University,Single,27,0,0,0,57376,58649,2200,2200,2200,0
994,360000,Female,Graduate,Single,25,0,0,0,279846,169426,7004,1793,2757,1
995,290000,Female,Graduate,Single,29,1,-2,-2,0,0,0,0,0,1
996,200000,Male,Graduate,Single,39,-2,-2,-2,-200,-200,0,0,200,0
997,140000,Male,Graduate,Married,45,0,0,0,39716,40799,1600,1600,3169,0
998,360000,Male,Graduate,Married,38,1,-2,-2,0,0,0,0,0,1
999,50000,Female,University,Single,23,-1,-1,-1,780,0,0,780,0,1
1000,120000,Male,University,Single,25,2,2,0,113348,110119,0,5000,3158,0
1001,100000,Male,University,Married,29,0,0,0,94453,95860,3320,5000,0,0
1002,200000,Female,University,Married,28,0,0,0,81865,86790,5000,2000,89000,0
1003,90000,Female,University,Married,40,-1,-1,-1,4989,-818,0,2806,2256,0
1004,360000,Male,Graduate,Single,36,1,-2,-2,0,0,0,0,0,1
1005,150000,Female,High_School,Single,30,-2,-2,-2,456,9664,9664,3420,2612,1
1006,140000,Male,Graduate,Single,29,-1,-1,-1,2937,5150,2024,1522,2580,0
1007,200000,Female,University,Single,36,-1,-1,-1,1371,4068,4077,0,0,0
1008,170000,Female,University,Married,37,0,0,0,166246,169163,6700,6800,4700,0
1009,30000,Male,University,Single,34,0,0,4,19785,24633,5500,0,0,0
1010,80000,Female,Graduate,Single,27,0,0,-2,80000,0,0,0,0,0
1011,280000,Male,Graduate,Single,31,0,0,0,164736,170564,8833,12005,5000,0
1012,410000,Female,Graduate,Married,31,-1,-1,2,2744,2041,2051,5,266,0
1013,450000,Male,Graduate,Single,38,-1,0,-1,29747,53311,30323,10973,8112,0
1014,80000,Male,University,Single,36,0,0,0,79148,52174,2000,2000,1500,0
1015,360000,Male,Graduate,Married,46,0,0,0,92961,76243,10125,13092,0,0
1016,130000,Female,Graduate,Married,36,0,0,0,129689,107070,5000,4400,5000,0
1017,160000,Female,Graduate,Single,26,0,0,0,2198,11155,9155,0,12315,1
1018,140000,Female,High_School,Single,57,2,0,0,131795,134083,6743,5421,3926,1
1019,240000,Female,High_School,Married,40,1,-2,-1,-55,-55,0,3600,1338,0
1020,180000,Female,High_School,Single,45,-1,-1,-2,4148,0,0,0,0,0
1021,70000,Male,Graduate,Single,57,0,0,0,69398,70352,2667,2321,2391,0
1022,150000,Female,University,Single,25,0,0,0,142827,126317,5000,4000,5000,0
1023,210000,Female,High_School,Married,37,-2,-2,-2,138398,109115,5000,5000,2500,0
1024,200000,Female,Graduate,Married,35,-1,0,0,9918,10971,1219,1165,7865,0
1025,310000,Male,University,Single,33,-2,-2,-2,4040,4048,4068,3964,205,0
1026,180000,Male,Graduate,Married,38,0,0,0,153099,150227,7005,6500,5000,0
1027,300000,Male,University,Single,31,0,0,0,62198,35674,1600,2600,510,0
1028,450000,Female,Graduate,Single,41,-1,-1,-1,11343,75083,75459,25413,85784,0
1029,200000,Male,Graduate,Single,33,1,-1,-1,-5,3465,3470,3191,0,0
1030,30000,Female,University,Married,67,2,2,0,30374,29038,0,1500,2182,1
1031,400000,Female,Graduate,Married,40,-1,-1,-1,1107,3891,3891,120407,0,0
1032,170000,Male,Graduate,Single,33,-1,-1,-1,764,1100,1105,500,2499,0
1033,140000,Female,Graduate,Single,31,-1,2,-1,652,326,0,326,326,1
1034,200000,Female,University,Single,35,0,0,0,64195,65565,3000,3000,3000,0
1035,60000,Female,University,Single,39,1,-2,-2,-1540,-1930,0,0,2000,0
1036,60000,Male,University,Single,27,1,2,0,43356,42381,0,5000,4000,1
1037,150000,Male,Graduate,Single,23,0,0,0,11109,83376,78016,3048,4000,0
1038,180000,Male,High_School,Married,54,0,0,0,149698,137260,4834,4371,3849,1
1039,50000,Female,High_School,Single,23,0,0,0,43979,33403,2000,2000,2000,0
1040,50000,Male,High_School,Single,24,-1,-1,-1,2562,8743,8769,0,18650,0
1041,20000,Male,University,Single,26,-1,-1,-2,70,-620,0,0,0,0
1042,230000,Female,University,Single,52,2,-1,2,1292,3943,3951,1,9,1
1043,110000,Female,University,Married,42,0,0,0,55349,52914,2096,2003,1802,0
1044,90000,Female,Graduate,Single,36,0,0,0,90922,80980,4273,3200,2500,0
1045,20000,Female,Graduate,Single,22,2,2,2,16233,20547,5383,660,0,1
1046,30000,Female,Graduate,Single,23,0,0,0,26847,24815,2500,3500,2000,0
1047,220000,Male,High_School,Married,30,0,0,0,162105,170592,10000,5013,10626,1
1048,140000,Female,High_School,Single,24,1,2,2,42897,45739,3821,1775,0,1
1049,300000,Female,Graduate,Married,42,-2,-2,-2,3000,3300,3300,0,0,0
1050,100000,Male,University,Married,49,0,0,0,34704,30906,2011,2028,10,0
1051,110000,Male,University,Single,31,2,2,3,279,279,0,0,0,0
1052,270000,Female,High_School,Single,33,0,-1,-1,10000,10000,10000,10000,222750,0
1053,30000,Male,Graduate,Married,42,0,0,-1,28033,17085,1525,200,323,0
1054,70000,Male,High_School,Single,41,0,0,0,70476,68539,2700,3500,2000,0
1055,230000,Male,University,Married,53,2,2,-2,1350,0,0,0,0,0
1056,20000,Male,University,Single,23,0,0,0,18852,16648,1500,4000,2000,0
1057,190000,Female,Graduate,Single,33,1,2,0,115056,108137,0,4413,2942,0
1058,20000,Female,University,Married,29,0,0,0,15890,13995,2000,2000,1000,0
1059,80000,Female,High_School,Married,67,0,0,0,20255,18885,6000,5002,10662,0
1060,20000,Male,High_School,Married,33,2,0,0,20500,16237,2191,1000,0,1
1061,60000,Female,High_School,Married,34,0,0,0,9928,11261,1500,2090,0,1
1062,50000,Male,University,Married,49,0,0,0,10750,8755,1507,3109,2209,0
1063,280000,Female,University,Married,56,0,0,0,284204,284041,10261,17003,7657,1
1064,300000,Male,Graduate,Married,42,0,0,0,120151,89618,4229,5024,6012,0
1065,30000,Female,High_School,Married,55,2,0,0,29278,30393,1600,1585,1377,1
1066,270000,Female,University,Married,25,0,0,0,21586,239499,239104,7098,6179,0
1067,100000,Male,High_School,Single,30,0,0,0,87579,72308,4172,2094,3007,0
1068,240000,Male,University,Single,43,-1,-1,-1,291,291,291,291,291,1
1069,200000,Male,Graduate,Single,40,-1,-1,-1,2159,760,1086,2775,22813,0
1070,110000,Female,Graduate,Single,35,0,0,2,32691,36344,4500,600,1000,0
1071,230000,Male,Graduate,Married,61,-1,-1,-1,1477,3699,3710,2266,7338,0
1072,150000,Female,University,Married,44,-1,-1,-1,390,5104,5104,10318,10355,1
1073,350000,Male,Graduate,Single,33,-1,-1,-1,148341,8095,8405,15052,3805,0
1074,360000,Male,Other,Married,66,-1,-1,-1,47615,74976,75351,4064,152618,0
1075,150000,Female,University,Single,40,1,-1,-1,-19,3894,3913,5606,10568,0
1076,100000,Male,High_School,Single,47,0,0,0,94925,95130,3889,2412,1698,0
1077,500000,Male,Graduate,Single,27,0,0,0,204198,201648,7434,6342,5276,0
1078,500000,Male,Graduate,Single,35,-1,0,-1,172041,70011,58761,13976,34828,0
1079,180000,Female,High_School,Married,47,-1,-1,-1,316,316,316,316,316,0
1080,400000,Female,High_School,Married,39,1,-1,-1,2384,3500,3603,471,203,0
1081,100000,Female,University,Single,29,0,0,0,61383,49560,1908,2000,1000,0
1082,10000,Male,University,Married,32,1,2,2,8425,8148,0,1632,0,0
1083,60000,Female,Graduate,Single,30,2,2,2,34735,33895,0,3200,1500,0
1084,50000,Female,Graduate,Single,25,1,2,2,47054,48008,2000,2000,2000,1
1085,80000,Female,University,Single,23,-1,0,0,57314,58489,2145,2000,2012,0
1086,110000,Female,University,Married,43,0,0,2,108616,114854,9600,0,4000,0
1087,410000,Female,University,Married,41,0,0,0,354506,363666,14600,15500,14000,1
1088,260000,Female,University,Married,40,1,-1,-1,0,342,342,0,0,0
1089,30000,Female,High_School,Married,35,0,0,0,28786,26496,1500,1450,1500,0
1090,310000,Female,Graduate,Single,28,0,0,0,36513,37628,2500,3000,1500,0
1091,70000,Female,University,Single,38,0,0,0,22578,23606,1397,1410,898,0
1092,250000,Male,Graduate,Single,31,0,0,0,215316,198490,6845,5945,5919,0
1093,210000,Male,High_School,Married,29,1,2,0,198510,194040,0,10000,7000,0
1094,360000,Male,University,Married,41,1,-2,-2,0,0,0,0,0,1
1095,50000,Male,University,Single,31,1,2,0,48657,45079,0,4300,2150,0
1096,670000,Male,Graduate,Single,29,0,0,0,244663,243209,10000,8000,8500,0
1097,130000,Male,Graduate,Single,26,-1,-1,0,2343,32278,32322,1217,1000,0
1098,170000,Male,Graduate,Married,42,1,-2,-2,0,0,0,0,0,0
1099,30000,Male,High_School,Single,29,-1,-1,-1,390,0,0,780,0,0
1100,110000,Male,Graduate,Married,50,0,0,0,36802,38210,2000,3000,2000,0
1101,210000,Female,High_School,Single,46,1,2,0,5816,5579,13,17309,0,1
1102,30000,Female,University,Single,24,0,0,2,24238,26996,3462,0,2200,1
1103,260000,Female,University,Married,46,0,0,2,18256,19556,2934,0,8000,0
1104,150000,Female,High_School,Single,28,-2,-1,-1,1723,2292,6876,240,683,0
1105,20000,Female,University,Married,35,1,2,2,18648,18061,0,3292,0,1
1106,380000,Female,Graduate,Married,40,-1,-1,-2,6614,54457,49094,0,24543,0
1107,200000,Female,Graduate,Married,41,-2,-2,-2,7812,0,0,0,1115,0
1108,120000,Female,University,Married,47,-1,-1,-1,1188,2512,2512,3444,1742,0
1109,80000,Male,University,Married,54,0,0,0,76962,79463,4000,3500,1100,1
1110,30000,Female,University,Single,33,1,2,0,31089,10989,0,1200,600,0
1111,110000,Male,University,Single,29,1,2,2,83687,85360,3900,3200,0,0
1112,50000,Female,High_School,Married,44,-1,-1,-1,3424,155,155,1922,1473,0
1113,90000,Female,University,Married,24,0,0,0,84148,79847,5006,4007,5006,0
1114,110000,Male,Graduate,Single,33,0,0,0,12633,88334,80004,1500,12013,0
1115,50000,Male,High_School,Married,54,0,0,0,38607,39681,2000,2000,1642,0
1116,60000,Male,Graduate,Single,27,-2,-2,-2,11862,1856,1861,0,4853,0
1117,150000,Female,University,Single,37,0,0,0,80463,82513,3348,3490,1402,1
1118,20000,Male,Graduate,Single,24,1,2,0,18738,18016,20,1500,0,0
1119,140000,Female,High_School,Married,54,1,-2,-2,-150,-150,0,0,0,1
1120,120000,Female,University,Married,34,1,-1,-1,-9,898,907,7772,4447,0
1121,200000,Female,University,Single,40,2,0,0,176502,176297,8000,7300,6000,1
1122,20000,Male,University,Single,30,1,2,4,19977,21359,2000,0,0,1
1123,50000,Male,University,Single,26,0,0,0,48221,49629,2571,1200,1000,0
1124,200000,Female,University,Married,41,0,0,0,18012,18367,1385,1020,229,0
1125,100000,Female,University,Single,29,-2,-1,0,75912,85276,10000,4000,2600,0
1126,300000,Male,Graduate,Married,38,-1,-1,-2,2285,0,0,0,0,0
1127,500000,Female,Graduate,Single,35,-1,-1,-1,22369,14100,14128,24902,21479,0
1128,360000,Female,University,Married,52,-1,-1,-2,2995,2401,2406,2282,500,0
1129,160000,Female,Graduate,Single,29,1,-2,-2,0,0,0,0,0,0
1130,50000,Female,University,Single,23,0,0,0,47053,47835,1842,4116,2000,1
1131,230000,Female,University,Married,34,0,0,0,234328,234211,8913,5449,5339,1
1132,200000,Female,University,Single,34,1,-1,-1,0,3346,3346,0,465,0
1133,270000,Male,Graduate,Married,44,3,3,4,256402,264267,17944,18112,15405,0
1134,50000,Female,University,Married,36,2,2,2,45159,49125,4700,0,2004,0
1135,20000,Male,University,Single,28,1,2,2,15764,15718,500,2000,0,0
1136,60000,Female,University,Single,31,0,0,0,59643,61279,3200,2535,2331,0
1137,50000,Male,University,Single,31,-1,-1,-1,2522,0,0,18171,341,0
1138,50000,Male,University,Married,41,0,0,0,19339,20424,1703,1306,810,0
1139,130000,Female,High_School,Married,44,0,0,0,109006,110256,4500,5000,4000,0
1140,230000,Female,High_School,Single,47,0,0,0,147300,121855,10000,5000,4000,0
1141,20000,Male,University,Single,25,0,0,0,3400,4129,1000,0,0,0
1142,30000,Female,Graduate,Single,25,0,0,2,19801,20449,3000,0,700,0
1143,200000,Female,Graduate,Married,39,-1,0,-1,8432,6977,3746,6737,2013,0
1144,140000,Female,University,Married,24,-1,-1,-2,2515,0,0,0,0,0
1145,100000,Female,University,Married,35,2,0,0,98845,95265,4600,8002,4003,1
1146,240000,Male,University,Married,32,2,2,2,127418,135942,10400,0,4500,1
1147,70000,Female,Graduate,Single,31,2,2,7,2400,2400,0,0,0,1
1148,360000,Male,Graduate,Single,33,1,2,0,71195,60553,0,1399,0,0
1149,140000,Female,Graduate,Single,30,1,2,0,149389,145757,0,5350,5555,0
1150,50000,Male,University,Married,52,-1,2,0,2072,1532,0,2000,5,0
1151,210000,Female,University,Married,36,-1,-1,-1,396,590,590,2042,0,0
1152,280000,Male,Graduate,Single,30,1,2,2,191493,187913,1000,7600,5949,0
1153,180000,Female,University,Single,42,2,2,2,50420,51818,2500,2000,2000,1
1154,150000,Female,Graduate,Single,30,-1,0,-1,10705,5416,1000,5162,1000,0
1155,20000,Male,High_School,Married,47,1,2,0,19739,19137,0,1200,0,0
1156,350000,Female,University,Married,29,-1,-1,-1,8760,5882,5932,9908,4692,0
1157,130000,Female,Graduate,Single,23,-1,-1,-1,3820,2640,2640,30403,193,0
1158,470000,Male,High_School,Married,39,1,-2,-2,0,0,0,0,0,0
1159,340000,Female,University,Married,48,-1,-1,-1,4052,0,0,4105,0,0
1160,80000,Male,University,Single,26,1,2,2,77389,75585,0,6000,0,0
1161,70000,Male,Graduate,Single,33,0,0,0,70524,70740,2500,2000,0,0
1162,230000,Female,University,Married,44,-2,-2,-2,5990,1677,1677,2920,2683,0
1163,180000,Female,University,Married,36,0,0,0,21494,25600,5000,0,0,0
1164,210000,Female,University,Married,39,0,0,0,26749,34451,14000,3007,5000,0
1165,20000,Male,University,Single,24,-1,-1,-1,780,0,0,390,390,0
1166,140000,Female,University,Single,25,2,0,0,137606,140557,6000,3200,3238,0
1167,200000,Male,Graduate,Single,52,0,0,0,115702,113576,5517,5381,3838,0
1168,50000,Female,High_School,Married,59,0,0,0,47822,36488,2009,2000,556,0
1169,80000,Female,Graduate,Single,23,-1,-1,0,3526,6687,6687,1000,0,0
1170,30000,Female,High_School,Single,48,0,0,0,1445,3410,2000,2000,2000,0
1171,140000,Female,Graduate,Single,28,0,0,2,9305,13614,4800,0,1500,1
1172,80000,Male,High_School,Married,62,-1,-1,-1,1262,1642,1642,1975,672,0
1173,220000,Female,High_School,Married,38,-1,-1,-1,20000,3450,3450,5549,50019,0
1174,180000,Female,Graduate,Single,32,-1,-1,-1,666,666,666,666,666,0
1175,140000,Female,University,Married,29,0,0,0,81764,92071,20167,5000,28800,1
1176,180000,Male,University,Single,25,2,2,2,10022,12847,3000,0,500,1
1177,50000,Female,University,Single,35,0,0,0,14536,15694,1700,1300,900,0
1178,170000,Female,University,Single,27,0,0,0,97474,78520,2932,3000,2500,0
1179,50000,Male,University,Single,38,0,0,0,50958,50889,2042,1150,329,0
1180,50000,Male,University,Single,24,0,0,0,49144,20818,1500,1300,700,0
1181,300000,Male,University,Married,29,-1,-1,-2,1874,-200,0,0,0,0
1182,390000,Female,Graduate,Single,27,2,0,0,386301,392458,17000,11000,11000,0
1183,90000,Female,University,Married,55,2,2,0,81998,83674,4003,3000,3000,1
1184,200000,Female,Graduate,Single,29,0,0,0,194241,193425,12000,8500,7000,0
1185,460000,Male,Graduate,Single,29,0,0,0,410033,385394,16088,13039,11127,0
1186,10000,Male,University,Single,23,0,0,0,3714,4158,1104,1000,31,0
1187,20000,Male,University,Married,30,-1,-1,0,1261,2835,2835,1000,0,1
1188,50000,Female,University,Married,50,-1,-1,-1,1232,1846,1846,697,364,0
1189,480000,Female,University,Married,38,0,0,0,90258,76099,30000,1708,1292,0
1190,180000,Female,Graduate,Single,24,0,0,0,169263,174532,8000,6700,6000,0
1191,240000,Female,Graduate,Single,29,0,0,0,3093,2322,2000,2020,2500,0
1192,250000,Male,Graduate,Single,38,-2,-2,-2,584,3291,3307,8703,7532,0
1193,270000,Female,University,Single,34,-1,-1,-1,381,3376,3406,2983,4172,1
1194,200000,Male,Graduate,Married,37,0,0,0,123337,11148,11202,19275,22304,0
1195,100000,Female,High_School,Married,66,0,0,0,100036,100041,4702,4617,3600,0
1196,160000,Female,Graduate,Married,39,-2,-2,-2,710,666,666,403,1650,0
1197,80000,Female,University,Married,45,0,0,0,81841,74516,4100,2507,2140,0
1198,130000,Male,University,Married,44,-1,2,0,29547,23154,0,1500,486,0
1199,340000,Female,High_School,Single,44,0,0,0,142836,145125,7000,5500,6027,1
1200,360000,Male,Graduate,Married,36,-2,-1,-1,0,394,394,11253,0,0
1201,120000,Female,High_School,Married,40,0,0,0,108300,108538,5000,4121,2000,0
1202,120000,Male,Graduate,Single,29,0,0,0,30101,31281,2000,2000,1090,0
1203,300000,Female,Graduate,Single,48,0,0,0,247279,235093,10005,9500,7500,0
1204,60000,Female,University,Single,23,2,2,-2,2516,0,0,0,0,0
1205,210000,Female,University,Married,50,0,0,0,106724,109251,4037,3519,3442,0
1206,210000,Female,University,Married,29,0,0,0,209807,123664,5088,2000,1600,1
1207,70000,Female,High_School,Married,49,2,2,2,21024,21790,1400,0,3000,1
1208,200000,Male,University,Married,33,0,0,2,50612,10537,10023,27,2614,0
1209,230000,Female,University,Married,51,0,0,0,51802,53956,3000,3921,2079,1
1210,20000,Male,High_School,Married,23,-1,-1,0,3675,19316,19316,1261,651,1
1211,210000,Female,Graduate,Married,37,0,0,0,211749,205947,7000,10015,10000,0
1212,160000,Female,High_School,Single,26,-1,-1,-1,390,390,390,390,390,0
1213,290000,Female,Graduate,Married,30,-1,-1,-1,1312,1312,1318,1317,1493,1
1214,80000,Female,High_School,Married,26,0,0,0,63677,64162,2000,1905,1350,0
1215,360000,Male,Graduate,Single,43,-1,-1,-2,4134,2128,2134,982,6858,0
1216,230000,Male,Graduate,Single,32,0,0,0,164634,166134,7326,10000,10000,0
1217,360000,Male,High_School,Married,54,-2,-2,-2,16230,-200,0,200,0,0
1218,340000,Female,Graduate,Married,30,0,0,0,351828,280067,30076,25118,20085,0
1219,50000,Female,Graduate,Single,22,0,0,0,8537,9591,1200,1163,400,0
1220,80000,Male,University,Single,38,0,0,0,89394,81223,5000,19153,1500,0
1221,50000,Female,University,Single,24,0,0,-1,97043,39837,2000,6943,17006,0
1222,30000,Female,Graduate,Single,24,-1,-1,-1,3019,1479,1479,18881,0,0
1223,210000,Male,Graduate,Single,26,-1,-1,-2,1360,0,0,0,3620,0
1224,150000,Female,University,Married,42,-1,-1,-1,3260,2270,2270,5887,3935,1
1225,20000,Male,University,Single,21,0,0,-1,20297,17054,1240,2333,0,0
1226,20000,Male,High_School,Single,22,0,0,0,19624,16972,1000,0,0,1
1227,240000,Female,High_School,Married,41,-1,-1,-2,5325,-5,5,0,1079,0
1228,500000,Female,University,Married,50,-2,-1,-1,16984,86772,87004,53192,28622,0
1229,90000,Female,University,Married,23,0,0,0,12770,14241,2500,1200,10500,1
1230,50000,Male,High_School,Single,46,0,0,0,50131,28152,1388,2011,1006,0
1231,50000,Female,University,Single,22,0,0,0,50834,50770,2200,1517,1000,1
1232,680000,Male,Graduate,Single,37,0,0,0,18314,16088,2700,2400,600,0
1233,50000,Male,Graduate,Married,47,0,0,2,45717,47974,3000,3000,2000,0
1234,100000,Female,University,Married,40,-1,-1,-1,326,326,326,652,0,0
1235,280000,Female,Graduate,Single,30,0,0,0,270276,506260,11000,10000,10004,0
1236,30000,Male,University,Single,54,0,0,0,26278,24767,1700,3400,2528,1
1237,50000,Male,University,Single,27,2,2,0,23901,13262,4146,1200,0,1
1238,60000,Male,Graduate,Married,33,-1,-1,-1,8308,7565,7565,8373,7565,0
1239,120000,Male,University,Married,57,0,0,0,118709,120580,5000,5007,4000,1
1240,80000,Female,University,Married,35,-1,-1,-1,2890,9796,9796,13443,396,0
1241,500000,Male,Graduate,Married,45,-1,-1,-1,140,94,94,39,44,0
1242,70000,Female,High_School,Married,32,2,2,0,18317,17330,0,1000,110,0
1243,160000,Female,University,Married,45,-2,-2,-2,0,0,0,0,1468,0
1244,100000,Female,High_School,Married,50,2,2,2,110537,99734,0,3000,103000,1
1245,10000,Male,High_School,Single,35,0,0,0,7877,8918,1174,1120,310,0
1246,90000,Male,Graduate,Single,26,-1,-1,-1,10750,100,100,200,0,0
1247,170000,Male,Graduate,Married,39,2,2,2,74298,80073,7000,3800,10000,1
1248,90000,Female,University,Single,35,-1,-1,-1,2667,2667,2667,0,0,0
1249,180000,Female,High_School,Single,42,0,0,0,67414,61256,10000,10000,17500,0
1250,350000,Female,Graduate,Married,52,2,2,7,2400,2400,0,0,0,1
1251,270000,Male,University,Single,35,0,0,0,225400,220202,9000,9348,10600,0
1252,200000,Female,Graduate,Single,29,0,0,-1,65935,25574,1011,31209,383,1
1253,20000,Female,Graduate,Single,22,0,0,0,15829,15299,1600,1550,1000,0
1254,100000,Male,University,Single,30,0,0,0,44953,46922,3000,3000,2000,0
1255,290000,Male,Graduate,Married,46,0,0,0,194301,199451,10744,6000,1573,0
1256,70000,Male,High_School,Single,28,1,2,0,68970,67308,0,3005,2546,0
1257,230000,Male,Graduate,Single,26,-2,-2,-2,416,371,371,461,416,0
1258,180000,Female,Graduate,Single,28,-1,-1,-1,950,4369,4369,9673,3260,0
1259,210000,Male,Graduate,Single,33,-1,-1,-1,291,291,291,291,291,0
1260,50000,Male,Graduate,Single,24,2,2,0,49946,48808,0,2079,693,0
1261,150000,Male,Graduate,Single,37,0,0,0,45000,44386,3000,2500,3000,0
1262,380000,Male,University,Married,50,0,0,0,385662,294826,12020,9009,6109,1
1263,50000,Male,University,Married,44,0,0,0,45335,46027,1524,1427,941,0
1264,150000,Female,High_School,Married,43,-1,-1,2,264,948,1000,0,0,1
1265,220000,Male,University,Single,29,0,0,0,122286,122839,5008,5007,6007,0
1266,80000,Female,Other,Single,27,0,0,0,45268,47140,2600,1800,1700,0
1267,220000,Female,University,Married,32,0,0,0,194961,197536,7200,9000,10000,0
1268,70000,Female,University,Single,34,1,2,2,24208,25015,1500,2900,0,0
1269,120000,Male,University,Single,37,-1,2,0,16241,16680,1000,1600,800,1
1270,180000,Female,University,Single,32,0,0,0,20730,17107,1582,30000,1000,0
1271,50000,Female,High_School,Married,57,0,0,0,49017,50690,2500,2000,2000,0
1272,10000,Female,University,Single,46,1,2,0,9532,9236,0,1006,1390,0
1273,370000,Female,Graduate,Married,53,-1,-1,-1,21160,8153,8162,12294,30751,0
1274,20000,Female,Graduate,Single,26,-1,0,-1,10658,9288,1072,390,390,0
1275,150000,Male,University,Married,34,0,0,0,132214,135140,4414,4700,4306,0
1276,20000,Male,Graduate,Single,26,-1,-1,-1,416,416,416,416,416,1
1277,480000,Female,University,Married,54,-2,-2,-2,17189,6013,6026,1717,1390,0
1278,50000,Male,High_School,Single,26,0,0,0,25060,26649,2000,2000,3000,0
1279,170000,Male,University,Single,31,0,0,0,24581,25611,1728,1748,1500,0
1280,400000,Female,University,Single,30,-2,-2,-2,-200,-200,0,0,946,0
1281,200000,Female,Graduate,Single,31,0,0,0,38635,41031,3031,5929,3500,0
1282,360000,Male,Graduate,Single,34,1,-2,-2,0,0,0,0,0,0
1283,140000,Female,Other,Single,36,0,0,0,91226,83650,4182,4000,4000,0
1284,260000,Male,High_School,Married,34,-2,-2,-2,12071,12497,2114,1027,103,0
1285,440000,Female,University,Single,26,0,0,0,96190,90462,3513,3017,2037,0
1286,500000,Male,University,Married,43,0,0,0,12200,8140,1518,5019,15027,0
1287,230000,Female,University,Married,29,0,0,0,64982,44908,3000,11000,15000,0
1288,470000,Male,University,Married,41,-2,-2,-2,13780,12242,12300,32520,34,0
1289,20000,Female,High_School,Married,48,1,2,2,14589,16743,2700,1400,0,1
1290,210000,Female,University,Single,24,0,0,0,108491,111046,5800,3700,3505,0
1291,20000,Female,Graduate,Single,23,0,0,-2,6733,0,0,0,19132,0
1292,20000,Female,High_School,Married,53,0,0,0,12197,13292,1600,1600,1000,0
1293,200000,Female,University,Married,34,1,-1,-1,-2,758,760,1000,670,0
1294,250000,Female,University,Single,36,0,-1,-1,6220,27217,27225,6159,25846,1
1295,300000,Male,University,Single,41,0,0,0,34480,31159,1472,1000,1410,0
1296,320000,Female,Graduate,Single,30,0,0,0,113801,90354,5017,4057,4014,0
1297,50000,Male,University,Single,29,1,2,2,37170,36297,0,4500,0,0
1298,200000,Female,University,Married,34,-2,-2,-2,6626,2469,2476,3771,4285,0
1299,80000,Female,Graduate,Single,29,0,0,0,16936,17963,1303,1316,1000,1
1300,70000,Male,University,Married,37,-1,2,0,10323,6659,0,3559,189,1
1301,60000,Male,High_School,Single,36,3,2,0,56807,55339,0,2141,2000,0
1302,10000,Female,High_School,Single,22,0,0,2,10012,9784,2452,7,308,1
1303,50000,Female,High_School,Single,30,0,0,2,50332,51247,4210,0,1500,0
1304,140000,Male,University,Single,26,2,0,0,133572,135367,6169,4500,4287,1
1305,30000,Male,University,Single,25,0,0,0,7160,8185,1300,1400,500,0
1306,190000,Male,University,Married,49,-1,-1,-1,435,435,435,635,2084,0
1307,70000,Female,Graduate,Single,23,-1,-1,-1,853,3128,3128,4722,0,0
1308,330000,Female,University,Married,28,-1,-1,-1,390,0,0,780,150,0
1309,110000,Female,University,Single,24,0,0,0,6470,8610,2654,7230,0,0
1310,270000,Male,High_School,Married,47,0,0,0,165303,168837,6200,6254,6290,0
1311,160000,Male,University,Married,31,3,2,0,26295,27074,1500,2000,1500,1
1312,20000,Male,University,Single,24,3,2,0,18937,18350,0,1251,656,0
1313,320000,Male,University,Single,32,0,0,0,21460,23412,3000,3000,1500,0
1314,430000,Male,Graduate,Single,31,0,0,0,29860,39305,10000,5000,5540,0
1315,50000,Female,Graduate,Married,37,2,0,0,8014,7668,1200,1000,91,0
1316,140000,Male,University,Married,48,-1,-1,2,1600,5012,5012,0,0,1
1317,500000,Male,University,Married,49,-2,-2,-2,4214,6378,6378,4074,116446,0
1318,80000,Male,High_School,Married,45,0,0,0,26637,26437,1490,2000,2000,0
1319,390000,Female,Graduate,Married,34,1,-2,-1,0,0,0,1266,0,0
1320,250000,Female,Graduate,Married,43,-1,-1,-1,17454,-50,24890,48394,0,0
1321,390000,Female,Graduate,Single,31,-2,-2,-2,6466,6266,6266,12581,7650,0
1322,100000,Female,Graduate,Married,35,0,0,0,57612,58818,2134,3000,2200,0
1323,360000,Female,Graduate,Married,42,0,0,0,179851,186961,10005,20117,15018,0
1324,140000,Male,Graduate,Single,36,1,-1,-1,-5,1135,1140,17227,0,0
1325,110000,Male,University,Married,51,0,0,0,45964,46922,2000,2000,2000,0
1326,170000,Male,High_School,Married,48,2,-1,-1,316,316,316,632,0,0
1327,170000,Male,University,Married,48,0,0,0,137823,137199,5396,5000,5000,0
1328,180000,Female,University,Single,25,0,0,0,4745,5765,1257,1123,1878,0
1329,140000,Male,University,Married,41,0,0,0,109326,111679,5600,5600,4500,0
1330,20000,Female,University,Married,49,0,0,-1,13882,13342,2018,404,19000,0
1331,150000,Male,Graduate,Single,28,-2,-2,-2,0,0,0,0,0,0
1332,50000,Female,University,Single,28,0,0,0,48072,49518,2518,1500,500,0
1333,160000,Female,University,Married,38,1,-2,-2,0,0,0,0,0,1
1334,80000,Male,University,Married,41,-2,-2,-2,3153,1013,1013,0,0,0
1335,300000,Female,High_School,Single,29,-2,-2,-2,-140,28092,28232,3589,195,1
1336,60000,Female,High_School,Single,32,0,0,0,62552,26929,1500,1500,1003,0
1337,70000,Female,University,Single,26,2,2,2,42583,43600,2000,5000,0,1
1338,290000,Female,Graduate,Single,31,-1,-1,-1,632,0,0,480,4,0
1339,80000,Female,Graduate,Single,23,0,0,0,8766,4777,1600,0,0,0
1340,50000,Female,High_School,Married,53,1,-2,-2,0,0,0,0,0,1
1341,200000,Female,High_School,Single,49,-1,-1,0,7697,18951,20071,20036,15022,0
1342,200000,Female,Graduate,Married,34,-2,-2,-2,267,6794,6817,10671,3576,0
1343,50000,Female,Graduate,Single,22,-1,-1,-1,586,297,297,3675,1392,1
1344,20000,Female,University,Single,26,2,-1,0,1041,10757,10758,2679,502,0
1345,200000,Male,Graduate,Married,38,-1,-1,-1,6186,735,735,1463,15550,1
1346,120000,Female,Graduate,Single,35,1,2,0,77785,75984,0,4000,2988,0
1347,220000,Female,University,Married,49,0,0,0,172184,170697,7583,7461,5809,0
1348,630000,Male,Graduate,Single,40,0,0,0,440474,444370,18000,20000,12000,0
1349,300000,Female,Graduate,Single,34,-1,-1,-1,19357,5000,5032,3744,8059,0
1350,10000,Female,University,Single,49,1,2,0,8184,5011,0,1000,0,1
1351,50000,Male,University,Single,29,1,-2,-2,0,0,0,0,0,0
1352,280000,Female,Graduate,Married,39,-1,0,-1,7791,5851,1000,430,2041,1
1353,130000,Male,Graduate,Single,30,0,0,0,4536,5616,1161,1000,336,0
1354,30000,Female,High_School,Married,28,0,0,0,23182,19083,2000,2000,0,0
1355,50000,Female,University,Married,27,0,0,0,9877,10800,1140,1000,121,0
1356,70000,Female,High_School,Married,38,0,0,0,24758,25581,1273,1534,2000,0
1357,80000,Male,University,Single,29,0,0,0,41815,42938,2100,2100,1800,0
1358,20000,Female,University,Married,22,2,2,2,16726,19143,3000,0,371,1
1359,390000,Male,Graduate,Married,41,0,0,0,495559,248821,10218,8035,7035,0
1360,470000,Female,University,Single,32,0,0,0,147113,133486,5000,4500,2505,0
1361,240000,Female,University,Single,30,0,-1,-1,7818,9363,9434,0,0,0
1362,140000,Female,Graduate,Single,29,-1,-1,-1,14943,2888,2888,0,0,0
1363,260000,Female,University,Married,37,2,2,2,244738,251351,12000,0,11000,1
1364,150000,Female,Graduate,Single,25,1,-2,-1,191,1963,1964,4729,1568,0
1365,120000,Male,Graduate,Married,46,0,0,2,14682,17325,3200,1200,1200,0
1366,20000,Female,University,Married,47,0,0,0,18021,17352,1280,1293,813,0
1367,260000,Female,Other,Single,42,-1,-1,-1,399,2101,2101,577,0,0
1368,50000,Male,High_School,Single,22,0,0,0,42678,38239,1500,1100,1000,1
1369,180000,Female,University,Single,27,2,2,2,126195,127881,6000,4575,0,0
1370,310000,Female,Other,Married,35,1,-2,-2,10350,0,0,0,0,0
1371,360000,Male,University,Married,44,-1,-1,-1,5101,9358,9419,15485,9995,0
1372,180000,Female,University,Single,30,0,0,0,14445,15404,1500,4911,10355,0
1373,270000,Female,Graduate,Married,42,2,2,5,1250,1250,0,0,0,0
1374,70000,Male,Graduate,Single,28,0,0,0,67857,69711,3000,1500,13959,0
1375,50000,Male,University,Single,24,-1,-1,-1,2155,0,0,30300,14207,0
1376,30000,Female,High_School,Single,50,-2,-2,-2,0,0,0,0,0,0
1377,50000,Female,University,Married,54,0,0,0,11351,11449,1150,1012,46,0
1378,350000,Male,University,Married,37,-1,-1,-1,325,294,294,6636,3559,0
1379,200000,Male,Graduate,Married,58,0,0,0,192461,195970,7822,4417,4446,0
1380,80000,Male,High_School,Single,26,1,2,2,71661,69947,0,6000,2800,0
1381,60000,Female,University,Married,31,0,0,0,47000,49236,3000,10000,0,0
1382,30000,Male,Graduate,Married,52,0,0,0,15743,16784,1300,2500,0,0
1383,110000,Female,Graduate,Single,36,0,0,0,108316,100784,4600,3500,2000,0
1384,300000,Female,Graduate,Single,27,-1,-1,-1,42189,83754,83754,120927,0,0
1385,50000,Female,High_School,Married,22,0,0,0,22854,31329,9000,1507,0,0
1386,500000,Male,Graduate,Single,39,-1,-1,-1,2450,11833,11833,22963,7086,0
1387,360000,Male,Graduate,Single,36,-1,-1,-1,356913,208305,210000,170000,100000,0
1388,20000,Female,University,Married,39,1,2,2,14112,11221,3520,0,1000,0
1389,220000,Male,Graduate,Married,39,0,0,0,75190,151004,100000,8000,6000,0
1390,20000,Female,University,Single,22,0,0,2,11192,15677,5000,0,1000,0
1391,60000,Male,University,Married,37,3,4,3,30381,29986,366,0,1300,1
1392,170000,Female,Graduate,Single,30,-1,0,-1,1560,1280,1000,590,1168,0
1393,200000,Female,University,Married,26,0,0,0,47236,45200,1800,1603,2000,0
1394,20000,Female,Graduate,Single,23,0,0,0,19990,20038,1438,1300,1000,0
1395,140000,Female,High_School,Single,23,-2,-2,-2,67505,36772,2000,2400,2132,0
1396,330000,Female,Graduate,Single,35,-2,-2,-2,1663,0,0,0,0,0
1397,180000,Female,University,Single,24,1,2,2,108580,105403,0,8564,4000,1
1398,360000,Female,University,Married,35,0,0,0,5157,2461,1012,0,277,0
1399,20000,Male,High_School,Married,51,2,0,0,14815,15837,1264,1279,615,0
1400,50000,Female,Graduate,Single,23,0,0,0,34422,32703,1544,1000,0,0
1401,100000,Female,University,Married,25,0,0,0,20755,20043,2000,2000,6000,0
1402,30000,Male,University,Married,36,2,2,0,30573,28473,0,2000,940,0
1403,70000,Female,University,Married,44,0,0,0,4221,6642,2500,2000,2000,1
1404,470000,Male,Graduate,Single,33,-1,-1,-1,5613,11576,11606,7017,24,0
1405,300000,Female,Graduate,Married,36,-1,-1,-2,8385,-27,27,0,0,0
1406,300000,Female,Graduate,Married,45,-1,-1,-1,6608,10009,10017,22456,0,1
1407,200000,Female,Graduate,Single,26,-2,-2,-2,2179,6440,6440,3908,5,0
1408,150000,Female,University,Married,41,0,0,0,79021,77975,4023,3016,10000,0
1409,220000,Female,University,Single,25,0,0,0,165040,167485,6809,7038,5000,1
1410,420000,Male,Graduate,Single,31,-2,-2,-2,1569,563,565,1923,1194,0
1411,210000,Female,University,Single,45,-2,-2,-2,467,2050,2050,416,416,0
1412,450000,Male,High_School,Married,58,-1,-1,-1,8940,6239,6271,5740,9905,0
1413,30000,Male,University,Married,38,-1,-1,-1,184,1522,1522,0,5480,0
1414,240000,Male,University,Married,30,-1,-1,-1,2816,7608,7608,26834,3518,0
1415,420000,Female,University,Single,25,-1,0,0,28206,122212,100000,4013,3822,0
1416,60000,Female,Graduate,Single,25,0,0,0,57174,58559,3000,3800,3300,0
1417,30000,Female,High_School,Single,24,-1,-1,-1,4882,14630,14630,6485,2870,0
1418,80000,Female,Graduate,Single,29,-2,-2,-1,2673,0,0,317,0,0
1419,50000,Male,University,Single,37,0,0,0,48206,48659,2120,1750,1700,0
1420,230000,Male,High_School,Single,27,-2,-2,-2,19200,10000,10000,20176,200,0
1421,200000,Male,Graduate,Single,31,0,0,0,6618,6777,1900,3008,3500,0
1422,230000,Female,University,Single,28,0,0,0,12218,17667,6000,3500,20000,0
1423,130000,Female,University,Single,24,0,0,0,122750,118319,4966,2034,1710,0
1424,200000,Female,High_School,Single,27,1,-2,-2,0,0,0,0,0,0
1425,90000,Female,Graduate,Single,33,0,0,0,80919,87993,9000,1500,1000,0
1426,120000,Male,Graduate,Single,27,-1,-1,-1,316,316,316,1360,10000,0
1427,200000,Male,Graduate,Single,42,-2,-2,-2,470,740,740,3782,836,0
1428,20000,Female,University,Single,32,2,3,2,17757,17193,0,0,3200,0
1429,210000,Female,Graduate,Married,37,2,2,2,76089,77985,3700,3000,3200,1
1430,80000,Female,University,Single,44,0,0,0,80610,81008,6502,4000,1889,0
1431,50000,Female,Graduate,Married,29,0,0,0,50486,50035,2200,1192,1000,0
1432,70000,Female,University,Married,42,2,2,2,50886,51975,2200,2000,2500,1
1433,230000,Male,University,Single,32,2,2,2,189567,189023,9000,6300,6200,1
1434,20000,Male,University,Single,52,0,0,0,17420,19130,2000,2000,0,0
1435,30000,Male,University,Single,44,-1,0,-1,21043,21183,1196,1757,2,0
1436,100000,Male,Graduate,Single,31,2,2,2,33752,32928,0,3200,0,1
1437,80000,Female,Graduate,Single,29,0,0,0,81337,80290,2842,20412,0,1
1438,210000,Male,University,Single,33,0,0,0,187610,191592,8500,9000,7100,0
1439,50000,Male,University,Single,54,1,2,0,48153,46885,0,1400,1200,0
1440,130000,Female,University,Single,23,0,0,0,133622,129784,4752,5010,2505,0
1441,70000,Female,Graduate,Single,24,0,0,2,48432,52650,5000,1900,0,0
1442,210000,Female,Graduate,Married,33,0,0,0,17420,16182,1236,1613,1000,0
1443,100000,Male,High_School,Married,44,-1,-1,-1,780,0,0,390,390,1
1444,200000,Male,High_School,Single,51,-1,-1,-1,3556,4993,5020,9236,2529,0
1445,40000,Male,Graduate,Single,24,1,2,0,28926,28182,0,1500,1064,1
1446,80000,Female,University,Single,25,2,3,2,69602,67930,0,6000,2700,0
1447,210000,Female,Graduate,Married,37,1,-1,-1,0,732,732,873,148,1
1448,20000,Female,University,Single,23,-1,-1,-1,7186,3478,8060,137,5199,0
1449,10000,Male,High_School,Single,34,0,0,0,8813,8464,2148,1158,400,0
1450,60000,Female,High_School,Married,50,0,0,0,61600,61952,3300,2000,900,1
1451,40000,Female,University,Married,25,0,0,0,11273,12307,1520,1550,700,0
1452,290000,Female,Graduate,Single,33,-1,-1,-1,413,486,486,820,60,1
1453,50000,Male,University,Married,54,-2,-2,-2,1583,2134,2134,0,2025,0
1454,20000,Male,University,Single,25,0,0,0,17384,13648,1500,1400,2000,0
1455,30000,Male,University,Single,26,0,0,0,33195,32705,1600,1500,1500,0
1456,20000,Male,University,Married,32,0,0,0,17104,18134,1613,1602,830,0
1457,50000,Female,High_School,Single,43,0,0,0,24443,24391,1800,1400,800,0
1458,500000,Male,University,Married,42,1,-1,2,-984,3516,4500,0,0,1
1459,90000,Female,High_School,Single,24,-1,-1,-1,595,207,207,18281,557,1
1460,10000,Male,University,Single,26,0,0,0,15147,6641,2234,1135,1086,0
1461,50000,Female,University,Married,37,2,2,3,1050,1050,0,0,0,1
1462,120000,Male,Graduate,Single,36,0,0,2,24466,28255,4500,0,1200,0
1463,200000,Female,Graduate,Single,27,0,0,0,157607,155693,7194,6760,5018,0
1464,300000,Female,University,Married,50,-1,-1,-1,8924,3131,3131,121715,4000,0
1465,90000,Female,University,Single,24,-1,0,0,17524,22184,5000,5000,5000,0
1466,90000,Male,University,Married,27,0,0,0,70482,70591,2580,2337,1634,0
1467,140000,Female,Graduate,Single,23,1,-2,-2,0,0,0,0,0,1
1468,180000,Female,University,Married,39,-1,-1,-1,1081,148,148,148,296,0
1469,360000,Male,Graduate,Married,39,-1,-1,-1,1761,2560,2816,0,0,0
1470,160000,Female,High_School,Single,29,1,-2,-2,0,0,0,4150,2065,1
1471,100000,Male,Graduate,Married,45,0,0,0,10529,12723,2688,3688,3288,0
1472,20000,Male,University,Single,21,0,0,2,19277,20997,5000,0,0,1
1473,360000,Male,Graduate,Married,36,0,0,-1,40434,13352,2000,129990,30000,0
1474,230000,Male,University,Single,39,-1,-1,-1,326,326,652,326,326,0
1475,110000,Female,High_School,Single,29,0,0,0,101006,104474,5300,5300,4000,1
1476,210000,Male,University,Single,37,0,0,0,142149,139025,6534,3069,110017,0
1477,200000,Male,University,Single,26,-1,-1,0,1747,11817,12957,3884,5010,0
1478,50000,Male,University,Single,44,0,0,0,27560,19002,1159,1142,311,0
1479,210000,Female,Graduate,Single,30,1,-2,-2,0,0,0,0,0,1
1480,280000,Male,Graduate,Single,31,1,-2,-1,-32,-32,0,4919,10,0
1481,500000,Male,University,Married,40,0,0,0,94585,61111,2659,2090,6333,0
1482,30000,Female,Graduate,Single,25,0,0,0,3924,4972,1099,1000,120,0
1483,340000,Female,University,Married,36,0,0,0,167474,155293,7106,4435,4091,0
1484,360000,Male,Graduate,Single,32,-1,-1,-1,389,389,389,1955,5316,0
1485,70000,Female,Graduate,Single,22,0,0,0,71358,70285,3280,1480,1360,0
1486,20000,Female,University,Single,44,2,2,7,2400,2400,0,0,0,1
1487,230000,Male,Graduate,Single,32,0,0,0,44734,47178,10120,20000,10000,0
1488,60000,Male,University,Married,41,0,0,0,48979,41597,5070,1219,1007,0
1489,50000,Male,Graduate,Single,28,3,2,2,49828,50467,2121,0,2000,1
1490,50000,Female,Graduate,Single,29,0,0,2,10532,13145,2800,0,1500,1
1491,130000,Female,Other,Single,28,0,0,0,36108,34256,3000,3000,2500,0
1492,160000,Male,High_School,Single,52,0,0,0,155684,157364,6525,6649,2724,0
1493,60000,Female,High_School,Single,48,2,0,0,43533,39252,1700,1700,2000,0
1494,160000,Male,University,Single,43,-1,-1,0,12458,7146,7545,5000,10000,0
1495,180000,Female,Graduate,Single,25,0,-1,-1,23800,1246,1246,3430,5000,0
1496,170000,Male,University,Married,36,2,2,2,75960,64683,2000,0,0,0
1497,360000,Female,University,Single,35,2,2,2,360023,363239,14693,30,12302,1
1498,130000,Female,University,Married,34,0,0,0,59955,61252,2260,5203,0,0
1499,180000,Female,University,Single,48,1,-1,-1,2551,3044,3044,3044,5283,0
1500,20000,Male,Graduate,Single,27,1,2,-1,6274,5971,0,4000,9040,0
1501,230000,Female,University,Married,43,0,0,0,7806,8392,1295,1300,468,0
1502,220000,Female,University,Married,30,1,-2,-2,0,0,0,0,0,0
1503,240000,Male,University,Married,43,-2,-2,-2,0,0,0,0,0,0
1504,50000,Male,High_School,Married,54,0,0,0,50356,48981,2000,1120,1300,0
1505,310000,Female,University,Married,39,0,0,0,7246,6713,1155,4507,1000,0
1506,350000,Male,Graduate,Married,70,0,0,0,100895,70244,3371,2089,3008,0
1507,50000,Female,Graduate,Single,24,-1,-1,-1,629,351,351,789,699,0
1508,200000,Female,University,Married,30,1,-2,-1,26223,-137,0,73421,1309,0
1509,480000,Male,High_School,Single,53,0,0,0,482250,475931,18093,15233,12597,0
1510,180000,Female,Graduate,Married,27,2,2,2,81044,78403,2600,0,4700,1
1511,200000,Female,University,Single,33,0,0,0,184676,178491,7900,6112,6000,0
1512,20000,Male,High_School,Married,34,2,0,0,15736,16762,1284,1296,647,0
1513,50000,Male,University,Single,48,0,0,0,51631,45223,1800,1005,19763,0
1514,210000,Female,High_School,Single,33,1,-2,-1,0,0,0,3104,4056,1
1515,20000,Female,University,Single,24,0,0,0,19433,20508,1700,1300,600,0
1516,150000,Female,University,Married,31,1,-2,-1,6526,779,783,9098,8660,0
1517,50000,Female,University,Single,25,0,0,0,46528,47456,1794,1021,438,0
1518,190000,Male,High_School,Married,49,2,2,2,178367,179062,5000,3000,7100,1
1519,290000,Female,Graduate,Single,27,2,0,0,232523,243753,16500,15000,20000,0
1520,420000,Male,University,Married,39,0,0,0,171141,118103,5700,4600,5000,0
1521,340000,Female,University,Single,36,2,0,0,337981,344920,17181,2000,10000,0
1522,60000,Male,University,Single,40,3,3,5,9744,10940,1500,0,0,0
1523,90000,Female,Graduate,Single,27,0,0,0,81111,83081,3500,3000,2600,0
1524,30000,Female,Graduate,Single,27,2,2,2,28207,29261,1800,0,2150,1
1525,160000,Female,University,Married,37,-1,-1,-2,1988,0,0,0,1188,0
1526,20000,Male,University,Single,35,-1,2,2,11916,11434,0,2200,480,0
1527,90000,Female,University,Married,25,0,0,0,87525,89052,4200,3000,3000,1
1528,120000,Male,Graduate,Single,27,0,0,0,20874,21930,1700,1500,700,0
1529,120000,Male,Graduate,Single,38,1,-2,-2,-284,-610,0,0,0,0
1530,360000,Female,University,Married,50,-1,-1,-1,147,686,686,6041,1560,0
1531,160000,Female,Graduate,Single,32,-2,-2,-2,16922,2552,2555,0,0,0
1532,320000,Female,Graduate,Married,34,-2,-1,0,65083,23750,23750,10162,14702,0
1533,20000,Male,University,Single,25,0,0,2,16508,19638,3400,0,3633,0
1534,230000,Female,Graduate,Single,29,0,0,0,63184,64667,3100,3000,2300,0
1535,50000,Male,High_School,Married,44,0,0,0,15931,17363,2000,2000,1006,0
1536,50000,Male,High_School,Married,48,-1,-1,0,2722,33868,33895,1439,959,0
1537,40000,Female,High_School,Single,24,-1,2,-1,5496,698,0,400,25289,0
1538,120000,Female,High_School,Married,27,2,-1,-1,390,390,390,390,780,0
1539,130000,Female,University,Single,25,-1,-1,-1,1031,1583,1583,1000,776,1
1540,110000,Female,High_School,Single,28,0,0,2,85918,87442,4000,6000,12,0
1541,20000,Male,University,Single,22,1,2,0,8222,7948,0,1300,800,1
1542,50000,Male,High_School,Single,22,1,-2,-2,0,0,0,0,0,0
1543,120000,Female,High_School,Married,30,0,0,0,115583,114915,4178,4223,4296,0
1544,50000,Male,High_School,Single,34,0,0,0,50375,51400,2400,0,0,0
1545,360000,Female,University,Single,34,1,-2,-2,0,0,0,0,700,1
1546,240000,Female,University,Married,44,-1,-1,-1,3313,7458,7458,2335,4267,1
1547,150000,Male,Graduate,Single,32,0,-1,-1,46272,1079,1082,0,41147,0
1548,50000,Female,University,Single,23,0,0,0,30501,33113,3113,1421,4295,0
1549,500000,Female,Graduate,Single,42,-1,-1,-1,30439,1844,1844,1000,0,1
1550,110000,Female,University,Married,33,0,0,0,115895,115609,6000,5500,4000,0
1551,170000,Male,University,Married,48,0,0,0,93420,96284,4371,3533,3716,1
1552,230000,Female,University,Married,29,0,0,0,30818,31209,2000,2000,1113,0
1553,20000,Female,High_School,Single,47,0,0,0,9417,10436,1179,1193,1000,0
1554,100000,Female,Graduate,Married,41,1,-2,-2,0,0,0,0,0,0
1555,110000,Male,Graduate,Single,28,1,2,0,44278,41812,0,2000,5000,0
1556,340000,Male,Graduate,Married,52,-2,-2,-2,30832,33652,33670,35212,30000,1
1557,50000,Male,Graduate,Single,37,0,0,0,37774,38492,1976,1564,1170,0
1558,310000,Male,Graduate,Married,50,-1,-1,-1,316,316,316,10131,2456,0
1559,50000,Female,High_School,Married,31,1,2,2,38102,40025,2830,1000,1800,1
1560,240000,Female,High_School,Married,38,0,0,2,107148,113396,9500,0,4019,1
1561,50000,Female,University,Married,48,0,0,0,10929,13262,2526,1237,519,0
1562,150000,Female,Graduate,Single,34,-2,-1,2,0,13206,13206,0,0,0
1563,140000,Male,University,Single,44,0,0,0,108033,105021,4000,4537,3800,0
1564,30000,Female,High_School,Married,56,0,0,2,16088,24800,9000,1000,0,0
1565,300000,Female,Graduate,Married,30,0,0,0,93738,84636,3000,5000,2500,1
1566,50000,Male,Graduate,Single,29,0,0,0,2087,2632,1000,1186,500,0
1567,280000,Female,University,Married,37,0,0,0,29078,30144,1515,3000,3000,0
1568,120000,Female,University,Single,23,0,0,0,118063,120851,4700,3538,3000,0
1569,30000,Female,Graduate,Married,27,1,-1,-1,0,306,306,2017,6316,0
1570,30000,Female,University,Single,23,-1,0,0,3226,5591,3596,2992,16500,1
1571,180000,Male,High_School,Married,45,1,2,0,24400,24508,1500,1500,1000,0
1572,150000,Male,University,Married,33,1,2,2,8967,11510,3001,1000,1000,0
1573,110000,Female,University,Married,40,0,0,0,84589,85418,3700,4890,0,0
1574,50000,Male,Graduate,Single,24,0,0,0,50716,50606,3029,2000,1021,1
1575,230000,Female,High_School,Married,43,1,-1,2,0,3832,5655,0,3646,0
1576,230000,Female,University,Single,25,0,0,0,95311,94489,4500,4114,3500,0
1577,160000,Female,Graduate,Single,46,-2,-2,-2,6241,8788,8805,0,0,0
1578,50000,Male,High_School,Single,36,0,0,0,52855,49123,2206,1605,397,0
1579,210000,Female,Graduate,Married,36,1,-1,-1,0,1690,1690,0,5619,0
1580,120000,Female,University,Married,38,-1,-1,-1,4100,7270,7270,820,820,0
1581,240000,Female,University,Married,42,0,0,0,21943,36519,15000,20000,3330,0
1582,20000,Male,High_School,Single,47,0,0,0,18768,18795,1400,1400,1000,0
1583,50000,Female,High_School,Single,40,0,0,0,5538,6563,1271,1130,1000,0
1584,50000,Female,Graduate,Single,70,2,2,0,49546,48480,0,2200,700,0
1585,50000,Female,University,Married,32,0,0,0,48508,49213,3037,1800,1130,0
1586,100000,Male,High_School,Single,52,0,0,0,73904,73249,2781,2101,216,0
1587,390000,Female,Graduate,Married,49,-1,-1,-1,15026,13357,13357,0,0,0
1588,550000,Male,Graduate,Single,31,0,0,0,43769,38907,2018,1520,1131,0
1589,450000,Female,University,Single,36,-1,-1,-1,13500,6350,6364,11728,1532,0
1590,80000,Female,University,Married,50,-1,-1,-1,2587,2587,2587,50097,2000,0
1591,50000,Female,High_School,Married,48,0,0,0,4064,5987,2000,2000,1000,0
1592,50000,Female,University,Single,33,1,2,2,49617,50352,1813,0,2169,0
1593,180000,Male,University,Married,44,0,0,0,70721,69994,8000,3000,3000,0
1594,240000,Male,Graduate,Single,35,-2,-2,-2,15432,10835,10851,22258,20076,0
1595,320000,Female,High_School,Single,29,-1,-1,-1,500,500,500,0,0,0
1596,480000,Female,University,Married,35,-1,2,-1,18214,11031,0,182123,12960,0
1597,150000,Female,University,Married,37,-1,2,2,1184,794,0,2772,0,0
1598,110000,Female,Graduate,Single,29,0,0,2,107195,109443,7845,4000,4000,0
1599,240000,Male,Graduate,Single,30,-1,-1,-1,7744,7284,7305,11263,10018,0
1600,50000,Male,Graduate,Single,33,0,0,0,47853,49474,2412,1500,500,1
1601,120000,Male,University,Single,27,-1,-1,-1,2474,2469,2469,2439,2439,0
1602,150000,Female,Graduate,Married,31,1,-2,-2,0,0,0,0,0,0
1603,100000,Female,High_School,Single,53,0,0,0,101503,29880,1538,1777,29103,0
1604,260000,Female,University,Single,38,-2,-2,-2,-2,-2,0,727,2074,0
1605,250000,Female,University,Single,26,-2,-2,-2,16884,10397,2000,1000,1010,0
1606,100000,Female,University,Single,26,0,0,-2,9614,0,0,0,0,0
1607,160000,Male,Graduate,Married,51,2,3,2,79244,77441,0,0,8000,1
1608,270000,Female,Graduate,Married,37,-1,-1,-1,264,264,264,1191,3691,1
1609,390000,Female,University,Single,42,-1,-1,0,5895,42006,42016,1397,347,0
1610,210000,Female,University,Married,43,0,0,0,80527,82332,4000,4000,7000,0
1611,30000,Female,University,Single,23,0,0,0,24285,26143,3002,2130,2,0
1612,300000,Female,High_School,Married,30,-1,-1,0,12090,15035,15042,25500,6000,0
1613,190000,Female,High_School,Married,38,0,0,0,89619,103095,15000,10000,5674,0
1614,130000,Female,Graduate,Married,35,-1,-1,-1,6348,321,321,321,0,1
1615,360000,Male,University,Married,44,0,0,0,270248,138566,5000,5000,8600,0
1616,320000,Male,Graduate,Married,35,1,-2,-2,291,2594,2594,2691,291,1
1617,20000,Male,University,Single,35,1,-2,-2,0,0,0,0,0,1
1618,360000,Male,Graduate,Married,32,-2,-2,-2,10729,2523,2535,0,0,0
1619,190000,Female,University,Single,25,0,0,0,110031,105500,8614,5000,93,0
1620,90000,Female,University,Single,33,0,0,-1,63626,1788,1000,2000,61000,1
1621,30000,Female,Graduate,Single,26,-1,-1,-1,2635,807,1270,11500,2462,0
1622,240000,Male,Graduate,Single,29,0,0,0,240248,221277,11000,9100,8000,0
1623,40000,Female,Graduate,Single,26,0,0,0,12308,13604,1500,1500,1000,0
1624,170000,Male,University,Single,36,-1,-1,-1,2104,2074,2081,10725,12654,0
1625,180000,Male,Graduate,Single,37,0,0,0,22121,31681,10000,1700,2000,0
1626,20000,Male,High_School,Married,63,2,2,2,16097,16951,1400,700,600,1
1627,150000,Female,High_School,Married,48,0,0,2,37800,40874,4000,0,2000,0
1628,50000,Female,University,Married,47,0,0,0,44624,45128,2355,1064,140,1
1629,140000,Female,High_School,Married,31,2,2,2,89910,92588,5000,1800,5000,0
1630,50000,Male,High_School,Single,31,0,0,0,40011,33648,1566,2000,3800,0
1631,200000,Male,Graduate,Single,34,0,0,0,67002,76429,10000,18900,3000,0
1632,100000,Female,Graduate,Married,43,-1,-1,-1,9122,22971,22982,15561,27091,0
1633,250000,Female,Graduate,Single,32,0,0,0,33323,30090,2038,2065,52,0
1634,80000,Female,Graduate,Single,38,-2,-2,-2,1927,446,446,909,1740,0
1635,170000,Female,University,Married,50,0,0,0,177956,176155,7262,5586,2272,0
1636,80000,Male,High_School,Single,29,0,0,0,46638,47680,2091,1806,1767,0
1637,50000,Male,University,Married,49,0,0,0,49816,49749,3000,2000,1900,0
1638,30000,Female,High_School,Single,40,2,2,2,23687,23020,0,2579,0,0
1639,70000,Female,Graduate,Single,34,1,3,2,70971,71272,2000,0,1220,1
1640,30000,Female,High_School,Married,47,-1,-1,-1,1355,5137,5174,1392,696,0
1641,200000,Male,Graduate,Married,34,-1,-1,-1,5023,618,621,608,3114,0
1642,100000,Female,University,Single,27,-1,-1,-1,11540,1300,1303,0,0,0
1643,20000,Male,University,Single,44,0,0,0,17636,17947,1375,1122,565,1
1644,200000,Male,Graduate,Single,29,-1,-1,-2,2290,0,0,0,0,0
1645,50000,Male,High_School,Married,72,2,0,0,35417,36453,1908,1621,3165,1
1646,50000,Male,University,Married,48,0,0,0,40931,40892,1880,1650,10000,1
1647,50000,Female,Graduate,Single,27,1,2,2,36794,35922,0,4000,0,1
1648,220000,Male,University,Married,44,0,0,0,217743,180357,7000,8000,8000,0
1649,240000,Female,High_School,Married,39,-2,-2,-2,0,1234,1234,0,0,0
1650,50000,Male,Graduate,Married,40,0,0,0,42549,36110,2200,2000,1000,0
1651,500000,Female,Graduate,Married,45,-1,-1,-1,36954,-24704,0,83000,0,0
1652,170000,Male,Graduate,Single,26,-1,-1,-1,23594,1512,1512,1362,1591,0
1653,30000,Male,Graduate,Married,34,-1,-1,-1,220,2500,2500,0,0,0
1654,300000,Male,Graduate,Married,43,1,-2,-2,0,0,0,0,0,1
1655,50000,Male,University,Single,30,0,0,0,50507,48751,4000,2220,1000,0
1656,100000,Female,High_School,Married,31,-1,-1,-1,16033,1716,1716,1200,0,0
1657,150000,Female,Graduate,Single,29,0,0,2,108817,83654,7500,0,4000,1
1658,50000,Male,Graduate,Single,28,0,0,0,46176,40870,2000,1700,1519,0
1659,190000,Female,University,Single,31,-1,-1,-1,771,0,0,4251,0,0
1660,20000,Female,High_School,Single,22,0,0,0,14562,5991,1121,1000,0,0
1661,50000,Female,High_School,Married,55,1,2,2,49003,49067,2005,3900,0,0
1662,30000,Female,University,Married,39,-1,-1,-1,223,223,223,223,223,1
1663,90000,Female,Graduate,Single,27,-2,-2,2,1179,6346,7020,2980,3000,0
1664,500000,Female,Graduate,Single,36,-2,-2,-2,-312,-2479,0,4958,0,1
1665,280000,Male,Graduate,Married,40,-1,-1,-1,5310,2196,2196,2928,9564,0
1666,30000,Male,University,Married,31,0,0,0,13265,7206,1632,780,2320,0
1667,90000,Female,University,Married,36,2,2,2,49295,50206,2000,1700,2200,0
1668,200000,Male,University,Married,42,1,2,0,38187,35827,44,1303,1522,1
1669,100000,Male,University,Single,30,-2,-2,-2,914,1170,1475,0,0,0
1670,20000,Male,High_School,Single,40,0,0,2,12649,15526,3103,1408,0,0
1671,50000,Male,University,Married,51,0,0,0,49613,49326,3036,6000,1000,0
1672,50000,Female,University,Single,51,0,-1,0,10571,2477,2477,2904,0,0
1673,290000,Male,High_School,Single,32,-1,-1,-1,1520,1200,1200,0,1000,0
1674,220000,Female,Graduate,Single,36,-2,-2,-2,0,420,420,0,584,0
1675,440000,Male,Graduate,Married,37,-1,-1,-1,4330,8369,8369,16786,396,0
1676,50000,Male,University,Single,49,0,0,0,90231,90647,2852,2784,2603,1
1677,300000,Male,Graduate,Single,31,-1,-1,-1,40779,5401,5401,2444,578,0
1678,290000,Female,Graduate,Married,50,0,0,0,165563,128747,7000,10009,5000,0
1679,390000,Male,University,Married,40,1,2,0,424244,395060,587,9500,30140,0
1680,50000,Female,University,Single,24,0,0,0,29186,29792,1500,1500,1200,0
1681,220000,Female,University,Single,31,-1,-1,-2,38746,0,0,0,110699,1
1682,150000,Female,University,Single,29,0,0,-1,3559,4724,1222,2634,1008,0
1683,50000,Male,Graduate,Single,24,0,0,0,50963,49720,1844,1963,2635,0
1684,200000,Male,Graduate,Married,44,-1,-1,-2,667,0,0,0,0,0
1685,120000,Female,University,Single,30,0,0,0,16812,17571,1358,1126,636,0
1686,230000,Female,Graduate,Married,61,-2,-2,-2,1443,1443,1443,1443,1443,0
1687,180000,Female,University,Married,28,0,0,0,133868,125613,5300,4000,4000,0
1688,20000,Male,Graduate,Single,22,0,0,0,23538,22780,3000,1400,2500,0
1689,20000,Male,University,Single,23,0,0,2,18804,17855,2150,1000,504,0
1690,50000,Male,High_School,Married,46,-1,2,2,13473,12800,0,0,0,1
1691,290000,Female,Graduate,Single,24,-2,-2,-1,14931,15090,15090,19239,4975,0
1692,290000,Female,University,Single,54,-2,-2,-2,-68,-68,0,0,743,0
1693,150000,Female,Graduate,Single,27,-2,-2,-2,0,610,610,610,0,0
1694,190000,Female,University,Single,53,0,0,0,173058,133198,6300,5000,5000,0
1695,80000,Female,University,Single,25,0,0,0,81003,85894,8213,3491,3508,1
1696,250000,Male,High_School,Married,47,-1,-1,-1,1170,1863,1863,3112,2950,0
1697,20000,Male,University,Married,35,1,2,2,19755,19661,1000,1000,1000,1
1698,180000,Female,High_School,Married,45,-1,-1,-1,396,396,396,396,396,0
1699,80000,Male,Graduate,Single,25,-1,-1,-1,2109,1257,1257,466,628,0
1700,300000,Male,Graduate,Single,31,-1,-1,-1,2166,2894,2918,8974,12457,0
1701,50000,Female,High_School,Married,51,0,0,0,20454,21899,2100,2000,1000,0
1702,70000,Female,Graduate,Married,40,0,0,0,51959,40519,1597,1407,972,0
1703,150000,Female,Graduate,Single,30,0,0,2,44795,43700,10000,20,30000,1
1704,320000,Female,Graduate,Single,29,-1,-1,-1,179226,-200,0,400,0,0
1705,60000,Female,Graduate,Single,24,0,0,0,60381,39798,1639,1590,1500,0
1706,20000,Male,High_School,Single,32,0,0,2,3677,6002,2400,0,7000,1
1707,230000,Male,Graduate,Single,35,2,2,2,117277,119823,5800,4500,3800,0
1708,310000,Female,University,Married,29,0,0,0,74955,77730,4000,5000,72529,0
1709,230000,Female,Graduate,Single,36,-1,-1,-1,1545,306,306,8389,9,0
1710,200000,Female,Graduate,Married,40,-2,-2,-2,2552,8064,8084,32105,7186,0
1711,100000,Female,Graduate,Single,30,0,0,0,28383,32903,5000,10000,10000,1
1712,310000,Male,University,Married,64,-1,-1,-1,1920,0,0,10124,6,0
1713,180000,Male,High_School,Married,33,2,2,0,159999,156038,0,8000,7000,1
1714,390000,Female,Graduate,Married,38,0,0,0,164418,167501,9000,7027,5000,0
1715,20000,Female,Graduate,Single,26,1,-2,-1,0,0,0,450,0,0
1716,50000,Female,University,Married,26,0,0,0,45663,43522,2300,2349,800,0
1717,140000,Male,Graduate,Single,29,0,0,0,142087,255846,5528,4500,3500,0
1718,170000,Male,Graduate,Single,37,-1,-1,-1,4334,1343,1343,1078,1392,1
1719,250000,Female,University,Married,45,-2,-2,-2,100323,37494,2500,5300,0,0
1720,50000,Female,High_School,Married,40,2,2,0,49157,47990,0,2050,500,1
1721,250000,Female,Graduate,Single,36,0,0,0,130360,133799,5000,5000,5847,0
1722,90000,Male,Graduate,Single,27,0,0,0,56608,57897,2800,7400,3200,0
1723,90000,Male,University,Married,44,2,0,0,89875,92338,4000,4200,1700,1
1724,160000,Female,Graduate,Single,27,0,0,-2,13234,0,0,6000,15866,0
1725,360000,Male,University,Single,29,0,0,0,114527,119487,20046,5046,10000,0
1726,330000,Female,Graduate,Single,26,0,0,0,58667,38323,2213,5000,20000,0
1727,50000,Female,High_School,Married,54,1,2,0,64069,59153,0,2031,1918,0
1728,60000,Female,University,Married,42,2,2,0,57598,50821,0,2000,2000,1
1729,10000,Female,High_School,Single,42,0,0,-1,4908,5665,1275,381,399,0
1730,70000,Male,University,Married,41,1,2,2,34779,35921,2000,1500,0,0
1731,150000,Female,Graduate,Married,31,-2,-2,-2,2977,1408,1408,0,0,1
1732,250000,Female,University,Single,33,0,0,0,255223,47070,1600,1650,2100,1
1733,130000,Female,High_School,Married,33,0,0,0,122199,125283,5100,3085,1493,0
1734,130000,Male,Graduate,Single,27,0,0,0,84664,72079,2039,2007,1000,0
1735,100000,Female,University,Married,36,-2,-2,-2,2205,0,0,1983,3543,0
1736,130000,Male,University,Single,37,0,0,0,131446,102650,5000,0,0,0
1737,80000,Female,University,Single,29,2,0,0,77416,75500,2661,2509,2500,1
1738,380000,Male,Graduate,Single,41,0,0,2,350341,357703,28400,0,12800,0
1739,20000,Female,University,Single,23,0,0,0,17257,17417,1230,1239,527,1
1740,20000,Male,University,Single,25,0,0,3,15789,21698,6500,0,0,0
1741,140000,Male,Graduate,Married,54,0,0,0,139406,140295,5545,4200,3105,1
1742,180000,Male,Graduate,Single,33,-1,-1,-1,2217,0,0,8264,0,0
1743,230000,Female,Graduate,Single,29,-2,-2,-2,-5,-5,0,2974,3425,0
1744,90000,Male,Graduate,Single,32,-1,-1,-1,6546,1485,1498,25572,1443,0
1745,160000,Male,University,Single,29,-1,-1,-1,7002,6696,7229,6085,4230,0
1746,50000,Female,Graduate,Single,22,0,0,0,49459,49281,2300,2000,1000,0
1747,140000,Female,University,Single,29,-2,-2,-2,945,945,945,0,0,0
1748,250000,Female,University,Married,31,0,0,0,42441,43061,4000,3000,901,0
1749,120000,Female,University,Single,24,-1,-1,-2,100,0,0,0,618,0
1750,120000,Female,Graduate,Single,27,0,0,0,79072,80795,3000,3000,3100,0
1751,260000,Female,University,Married,40,0,0,0,243196,258720,20008,7500,3000,0
1752,10000,Male,University,Single,38,2,2,3,1050,1050,0,0,0,1
1753,60000,Female,University,Married,38,-2,-2,-2,4764,30500,30500,0,0,0
1754,60000,Female,University,Married,29,0,0,0,33147,54511,24511,6000,17000,0
1755,50000,Male,University,Single,27,0,0,0,17771,18794,1311,1299,680,0
1756,130000,Male,High_School,Married,34,0,0,0,5444,5927,1321,1500,0,0
1757,130000,Male,Graduate,Single,34,0,0,0,31179,30569,2002,1400,600,0
1758,360000,Female,Graduate,Single,32,-2,-2,-2,0,0,0,0,0,0
1759,80000,Female,University,Married,36,0,0,0,20366,21084,1352,1679,1892,0
1760,50000,Male,University,Single,26,1,-2,-2,0,0,0,0,0,0
1761,290000,Female,Graduate,Married,33,1,2,-1,7064,1875,0,1814,8537,0
1762,200000,Male,Graduate,Married,53,0,0,-2,195050,0,0,0,0,0
1763,20000,Male,University,Single,27,0,0,0,18290,20144,2458,1200,386,0
1764,500000,Male,Graduate,Single,33,-1,-1,-1,5379,2062,2065,10556,4170,0
1765,130000,Female,Graduate,Single,26,1,2,2,22415,21146,0,3500,0,0
1766,30000,Female,Graduate,Single,27,0,0,0,23447,24563,1500,1500,1000,1
1767,20000,Female,Graduate,Single,24,2,2,2,7919,8637,1000,1000,1000,1
1768,70000,Female,University,Single,26,0,0,0,30139,8241,2000,2000,2000,0
1769,200000,Male,Graduate,Single,27,-1,-1,-1,4890,3630,3630,4882,11034,0
1770,50000,Female,University,Married,46,-1,-1,-1,569,1436,1440,3224,6621,1
1771,360000,Male,University,Married,56,-1,-1,-1,750,1224,1236,3537,291,0
1772,50000,Female,High_School,Married,56,0,0,0,33197,34961,2407,2960,1029,0
1773,180000,Female,High_School,Married,26,0,0,0,32023,20233,10000,0,0,0
1774,50000,Male,University,Single,25,2,2,0,7180,6922,0,1200,300,1
1775,120000,Female,Graduate,Single,28,-2,-2,-2,-8,2046,2054,0,409,0
1776,80000,Female,University,Married,37,2,2,2,15234,16893,2200,1500,0,1
1777,330000,Female,Graduate,Married,47,1,-2,-2,2246,13990,13990,21060,681,0
1778,40000,Male,High_School,Married,43,0,0,0,41094,36554,1611,1625,1371,1
1779,50000,Male,University,Single,26,0,0,0,27570,28820,2000,1200,1000,0
1780,80000,Male,High_School,Married,48,0,0,0,71515,70287,3679,2305,924,0
1781,450000,Male,Graduate,Married,41,-1,-1,-1,697,500,505,0,0,0
1782,30000,Female,High_School,Married,48,0,0,0,27947,27035,2000,1800,1500,0
1783,160000,Male,University,Married,28,0,0,2,62312,66965,5856,2311,0,0
1784,80000,Female,Graduate,Single,22,-1,-1,0,10439,11501,11501,1000,33,0
1785,400000,Male,University,Married,34,0,0,0,52271,56788,6000,5000,1902,0
1786,220000,Male,University,Married,60,-1,-1,-1,1994,1598,1606,6978,7196,1
1787,40000,Female,University,Married,25,0,0,2,21590,24326,3400,0,3000,1
1788,280000,Female,University,Single,27,-1,0,0,82742,153791,10077,27785,30000,0
1789,50000,Female,Graduate,Single,25,0,0,0,50380,38712,4000,0,0,0
1790,110000,Male,University,Single,26,0,0,0,106417,103587,9026,6000,2000,0
1791,180000,Female,Graduate,Married,44,1,-1,-1,2788,5646,5646,13901,30848,0
1792,200000,Female,Graduate,Single,26,0,0,0,18630,15996,1502,1200,300,0
1793,390000,Female,Graduate,Single,33,0,0,0,85538,79875,3500,4502,3518,0
1794,400000,Female,Graduate,Single,29,-1,0,0,5154,6016,1060,1100,310,0
1795,120000,Female,High_School,Single,37,-1,-1,-1,776,1616,1616,776,776,1
1796,200000,Male,Graduate,Single,34,1,-2,-2,-800,-2685,0,0,0,0
1797,280000,Male,University,Married,33,0,0,0,207982,196055,8644,6445,15934,0
1798,230000,Female,Graduate,Single,27,0,0,0,105217,107857,4326,4533,2337,0
1799,280000,Female,Graduate,Married,36,-1,-1,-1,21251,33746,33840,8689,41652,0
1800,130000,Male,High_School,Single,28,0,0,0,132258,133781,6900,7000,7000,0
1801,160000,Female,University,Married,35,-1,-1,-1,776,1172,1172,380,776,1
1802,120000,Male,High_School,Married,47,-1,-1,-1,1051,671,671,291,1051,0
1803,300000,Female,High_School,Married,31,-1,-1,-1,331,331,332,332,332,0
1804,20000,Female,Graduate,Single,31,-2,-2,-2,264,264,264,2227,1357,0
1805,450000,Male,Graduate,Single,31,-1,-1,-1,10350,3629,3629,3271,6271,1
1806,250000,Male,University,Married,30,-2,-2,-2,2419,28965,29062,44385,40682,0
1807,100000,Female,University,Married,58,0,0,0,101249,101476,3642,4230,10000,0
1808,150000,Female,University,Single,27,0,0,0,23165,24515,1723,1800,1100,0
1809,140000,Male,University,Single,35,0,0,0,101038,66734,4215,3221,2066,0
1810,500000,Female,Graduate,Single,46,-2,-1,-1,33332,163500,163500,70160,104734,0
1811,20000,Male,University,Single,36,-1,-1,-1,3152,0,0,4956,200,0
1812,50000,Male,University,Single,53,0,0,0,18922,19486,1329,1310,680,0
1813,100000,Male,University,Single,39,0,0,0,121895,107315,4500,10000,11000,1
1814,200000,Female,University,Single,27,2,2,0,186806,166153,0,6908,5200,0
1815,150000,Female,University,Single,37,0,0,0,86037,84679,5000,5000,4000,0
1816,80000,Male,Graduate,Single,23,0,0,0,60130,59744,2550,1848,6084,0
1817,160000,Male,Graduate,Married,40,1,-1,-1,0,567,567,4059,3100,0
1818,180000,Female,University,Married,44,-1,-1,-1,816,803,803,2800,0,0
1819,270000,Female,Graduate,Married,32,-1,-1,-1,23351,30960,30972,180519,1177,0
1820,180000,Female,Graduate,Single,41,0,0,-1,37353,24797,1012,5549,17000,0
1821,120000,Male,Graduate,Married,54,-1,-1,-1,390,390,390,390,1878,1
1822,110000,Female,Graduate,Single,29,0,0,0,48088,45980,2000,2010,3000,0
1823,50000,Female,High_School,Married,61,0,0,-2,42200,0,0,0,0,0
1824,200000,Female,High_School,Single,30,0,0,0,185723,166726,8009,6402,6715,0
1825,70000,Female,High_School,Married,23,2,-1,-1,254,2746,6840,1885,2216,0
1826,360000,Female,University,Single,30,0,0,-2,23900,0,0,0,150,0
1827,260000,Female,University,Married,35,0,0,0,425349,435873,14347,15000,12406,1
1828,50000,Male,High_School,Married,32,0,0,0,40992,35215,2026,2021,1000,0
1829,380000,Female,University,Married,39,-1,-1,0,19261,81961,81975,1480,3000,0
1830,50000,Male,University,Single,24,-1,-1,-2,402,-2760,0,0,0,0
1831,20000,Male,High_School,Married,38,0,0,-1,19805,19900,1000,390,390,1
1832,270000,Male,Other,Single,32,-2,-2,-2,24089,51408,52398,27787,40569,0
1833,460000,Male,Graduate,Single,32,0,0,0,386437,393742,15000,15000,15000,0
1834,60000,Male,High_School,Single,24,0,0,0,58819,59810,3000,1768,3954,0
1835,200000,Female,Graduate,Married,35,-1,-1,-1,25663,14224,14224,17560,3300,0
1836,50000,Female,University,Single,37,1,2,2,14008,13493,0,4000,0,1
1837,20000,Female,Graduate,Single,22,0,0,0,19760,18570,1376,1383,1000,0
1838,290000,Female,University,Married,40,0,0,0,274558,256910,10700,11014,5800,1
1839,110000,Female,University,Single,36,0,0,0,116486,105604,4353,3294,5000,0
1840,160000,Female,High_School,Married,51,2,2,2,142064,144900,6600,5500,5310,1
1841,70000,Female,University,Married,31,0,0,0,60058,49647,1834,1608,1559,0
1842,200000,Female,Graduate,Single,39,-2,-2,-2,0,0,0,0,0,1
1843,80000,Female,University,Single,40,0,0,0,78717,75873,3300,3300,2000,0
1844,20000,Male,Graduate,Single,41,-2,-2,0,18803,18376,36147,1281,658,1
1845,210000,Male,Graduate,Single,48,-2,-2,-2,0,570,570,0,0,0
1846,180000,Female,High_School,Married,39,2,0,0,172488,72050,3450,0,0,1
1847,50000,Male,University,Single,53,0,0,0,34664,17242,1500,1500,1000,0
1848,30000,Male,University,Single,26,1,3,2,31305,30527,0,1060,0,1
1849,150000,Male,Graduate,Single,30,-1,-1,-1,6708,1098,1098,2000,1589,0
1850,150000,Male,Graduate,Single,28,-1,2,2,1111,820,0,0,0,1
1851,260000,Male,Graduate,Married,43,1,-1,-1,0,2000,2000,1620,8080,0
1852,310000,Female,Graduate,Single,30,0,0,0,304329,292848,14027,16800,11600,0
1853,150000,Female,Graduate,Single,33,0,0,0,96066,98277,4400,4000,2000,0
1854,200000,Female,Graduate,Single,27,-1,-1,-1,16093,11163,11197,11657,9423,0
1855,150000,Male,High_School,Single,45,0,0,0,99247,101194,4268,2725,2505,0
1856,220000,Female,University,Married,54,-1,-1,-1,8727,2553,3011,147,0,0
1857,540000,Female,Graduate,Single,34,-1,-1,-1,1784,892,892,1000,946,0
1858,280000,Male,University,Single,30,0,0,0,204773,188704,8038,6000,5083,0
1859,230000,Male,University,Single,32,0,0,0,49619,43435,2072,1689,1046,0
1860,50000,Male,Graduate,Married,39,0,0,2,33849,36798,3817,2000,150,0
1861,20000,Female,University,Single,24,1,-2,-2,0,0,0,0,0,0
1862,10000,Male,University,Single,35,1,6,5,8257,8001,0,0,0,1
1863,500000,Male,Graduate,Married,46,0,0,0,407331,403816,15043,14000,14003,0
1864,50000,Female,University,Single,24,0,0,0,49819,50135,1672,1246,574,0
1865,420000,Female,University,Single,35,-1,-1,-1,7572,18847,18920,16615,14156,0
1866,50000,Female,University,Single,23,0,0,-1,21998,15299,2063,33730,0,0
1867,280000,Female,Graduate,Single,29,-2,-2,-2,0,0,0,320,2139,0
1868,50000,Male,University,Married,46,0,0,0,3656,4400,1000,0,1704,0
1869,160000,Female,High_School,Married,41,2,2,2,46017,47188,2200,0,2000,1
1870,40000,Female,University,Married,23,2,2,2,33895,33068,0,3200,1500,1
1871,100000,Female,University,Married,31,0,0,-1,92265,93873,5000,1473,2946,0
1872,50000,Female,Graduate,Single,26,0,0,0,41003,42032,1733,1400,1300,0
1873,130000,Female,High_School,Single,32,0,0,0,119312,116259,20021,40354,20000,0
1874,30000,Female,University,Single,22,0,0,0,27358,28612,2000,1500,0,0
1875,140000,Male,University,Married,34,-1,-1,-1,430,430,430,702,430,1
1876,210000,Female,University,Married,32,-1,0,0,164015,155235,9320,4894,3301,0
1877,50000,Male,University,Married,38,0,0,0,48797,47153,1864,1811,594,0
1878,310000,Male,University,Married,29,0,0,0,31132,45718,20000,20000,2500,0
1879,300000,Female,Graduate,Married,31,-2,-2,-1,0,1110,1110,12192,300,0
1880,30000,Female,University,Single,47,2,2,2,16039,17080,1600,800,800,1
1881,90000,Female,High_School,Married,40,0,0,0,89928,81721,3416,4142,1700,0
1882,150000,Female,University,Married,34,2,2,2,39465,42829,4000,0,2000,1
1883,90000,Male,Graduate,Single,25,0,0,0,32755,31325,2000,3000,2000,0
1884,80000,Female,High_School,Single,65,0,0,0,84985,84247,4000,2048,1300,0
1885,100000,Female,Graduate,Single,28,-1,-1,-1,555,712,712,712,712,1
1886,10000,Male,University,Single,33,-2,-2,-2,0,0,0,0,0,0
1887,210000,Male,Graduate,Single,31,0,0,0,161159,165071,8000,13000,10000,0
1888,170000,Female,University,Married,41,0,-1,-1,21170,9698,9734,7373,6380,0
1889,90000,Female,University,Married,32,1,2,2,85997,83779,0,7200,0,0
1890,210000,Female,High_School,Single,36,1,-1,-1,0,4866,4866,0,0,1
1891,50000,Female,Graduate,Single,26,0,0,0,36806,38212,2000,2000,8156,0
1892,150000,Male,Graduate,Married,30,1,-1,2,-819,35457,36276,0,2145,0
1893,80000,Female,Graduate,Single,30,1,-1,-1,0,1313,1313,883,0,0
1894,130000,Female,Graduate,Married,38,0,0,0,64942,66775,4000,0,0,1
1895,100000,Male,University,Single,30,1,3,7,72652,90461,20000,0,10000,1
1896,160000,Male,Graduate,Married,41,0,0,0,53935,57997,5000,0,0,0
1897,250000,Male,University,Single,31,0,0,0,14451,15774,1504,1510,537,0
1898,500000,Female,University,Married,42,0,0,0,60246,74832,40000,85000,139,0
1899,260000,Male,University,Single,32,0,0,0,106093,95060,4410,6500,9500,0
1900,50000,Female,University,Married,44,-2,-2,-2,1473,390,390,390,390,0
1901,30000,Female,University,Single,22,0,0,0,27388,29016,2075,1000,550,0
1902,110000,Female,University,Single,42,1,2,0,57046,51005,0,2100,2500,0
1903,500000,Male,Graduate,Married,39,-1,-1,-1,6057,9418,9418,7667,6222,0
1904,310000,Female,Graduate,Single,32,0,0,0,35064,38195,4000,2000,2000,0
1905,580000,Male,University,Married,37,0,0,0,110417,89301,3757,2299,618,0
1906,340000,Female,Graduate,Married,36,0,0,0,185268,326074,160444,10143,7190,0
1907,360000,Female,University,Married,42,-1,-1,-1,22237,5683,6695,1632,1632,0
1908,290000,Female,Graduate,Single,29,-1,-1,-1,578,7124,7129,7620,0,0
1909,30000,Male,University,Single,36,3,2,2,20424,19809,0,3000,2300,0
1910,80000,Female,Graduate,Single,29,0,0,0,26524,23224,1500,1700,1000,0
1911,360000,Male,Graduate,Married,38,-1,-1,-1,780,0,0,390,390,1
1912,170000,Female,Graduate,Single,31,-1,-1,-1,1561,1239,1239,7352,10730,0
1913,100000,Male,University,Married,42,0,0,0,56256,57685,3000,2688,5163,0
1914,450000,Male,University,Single,37,0,0,-1,457627,38692,1000,4549,16885,0
1915,260000,Female,Graduate,Single,33,-2,-1,-1,0,204,204,0,3000,0
1916,240000,Female,Graduate,Single,29,0,0,0,25700,28677,5009,2000,5000,0
1917,110000,Female,University,Single,28,0,0,0,5660,1150,2000,0,0,0
1918,240000,Female,University,Single,26,0,0,0,184501,177846,7627,6003,5504,0
1919,220000,Female,University,Single,35,0,0,0,34819,30937,2006,2022,1002,0
1920,20000,Male,University,Married,33,0,0,0,2508,3448,1000,202,0,0
1921,100000,Female,Graduate,Married,51,1,-2,-2,0,0,0,0,300,1
1922,300000,Male,Graduate,Single,32,-2,-2,-2,264,264,264,264,264,0
1923,20000,Male,University,Single,33,0,0,0,8488,10179,2000,2000,0,1
1924,360000,Female,Graduate,Single,30,0,0,0,139762,143515,6000,6000,4818,0
1925,220000,Male,Graduate,Single,28,0,0,0,221268,219545,8700,8500,6300,1
1926,470000,Female,University,Single,26,0,0,0,169699,170309,6200,7000,5716,0
1927,70000,Female,University,Single,22,0,0,0,65793,26665,2000,1400,291,0
1928,120000,Female,Graduate,Single,26,0,0,0,10172,12400,3000,3000,4000,0
1929,50000,Male,University,Single,35,0,0,0,18510,19418,1500,2000,1000,0
1930,470000,Male,University,Married,49,0,0,0,169260,161760,6600,6170,5100,0
1931,130000,Male,University,Married,49,0,0,0,24008,21231,3000,5000,2822,0
1932,20000,Female,Graduate,Single,24,-1,-1,-1,390,707,1097,1003,0,1
1933,260000,Female,Graduate,Single,36,-2,-2,-2,1891,2438,2637,2280,746,0
1934,20000,Male,Graduate,Married,39,-1,-1,-1,628,662,700,600,700,0
1935,300000,Female,Graduate,Single,28,2,-1,-1,1314,168,170,1080,0,1
1936,460000,Female,University,Single,35,0,0,0,449790,450047,17610,17500,13810,0
1937,20000,Female,Graduate,Single,24,1,-1,-1,0,20087,20087,2200,600,1
1938,360000,Female,University,Single,27,0,0,0,238971,245515,10381,9036,9066,1
1939,290000,Male,Graduate,Married,40,0,0,0,98441,95169,4000,4250,5000,0
1940,90000,Male,Graduate,Married,30,0,0,0,38921,45577,12000,5000,3000,0
1941,180000,Female,Graduate,Single,26,-1,-1,-1,2049,0,0,351,631,0
1942,360000,Male,High_School,Married,53,-2,-2,-2,0,0,0,0,0,0
1943,120000,Male,Graduate,Married,45,0,0,0,20877,21909,1369,1382,836,0
1944,220000,Male,University,Single,30,0,0,0,217800,189016,7261,5170,4054,0
1945,220000,Male,Graduate,Single,34,2,2,0,203101,185384,311,38024,8105,1
1946,10000,Female,Graduate,Single,27,-1,-1,-2,499,0,0,0,0,1
1947,320000,Female,University,Single,31,0,0,0,104850,101705,3600,4277,4000,0
1948,320000,Male,Graduate,Married,33,0,0,0,325445,202853,10000,15000,105000,0
1949,90000,Male,University,Single,39,0,0,0,50477,22472,3000,5000,500,0
1950,180000,Male,Graduate,Married,50,0,0,0,66114,69436,5000,5000,5000,0
1951,90000,Female,Graduate,Single,28,0,0,0,88345,90260,3360,1947,2000,0
1952,100000,Male,Graduate,Married,36,0,0,0,23070,18806,1700,2000,2000,0
1953,340000,Male,University,Married,41,0,0,0,331003,332829,15110,11019,9502,0
1954,50000,Male,Graduate,Single,22,0,0,2,47726,51161,5500,0,3000,1
1955,240000,Female,University,Married,41,-1,0,-1,20272,11294,1000,16906,1143,0
1956,10000,Male,University,Single,41,1,2,2,8722,9592,1157,0,1008,0
1957,220000,Female,Graduate,Married,42,2,2,2,2500,2500,0,0,0,1
1958,100000,Female,University,Single,37,0,0,0,107669,107529,3536,2821,3963,0
1959,220000,Female,Graduate,Married,31,-2,-2,-2,3785,1137,1142,377,5763,0
1960,70000,Female,High_School,Married,57,0,0,0,67864,65062,2620,2730,1936,0
1961,30000,Female,University,Single,37,3,2,2,29657,30320,1763,0,1178,1
1962,130000,Female,High_School,Single,53,-1,-1,-1,11085,45677,45697,27951,17307,0
1963,140000,Female,University,Married,25,0,0,0,81960,81757,3005,3000,3000,0
1964,20000,Male,University,Single,32,0,0,-1,4485,4843,1000,16000,600,0
1965,150000,Female,Graduate,Married,38,1,-2,-2,0,0,0,0,0,1
1966,50000,Female,University,Single,26,0,0,-2,4136,0,0,0,0,0
1967,90000,Male,University,Married,29,1,1,1,41073,43480,3100,1000,770,0
1968,170000,Female,High_School,Married,37,0,0,0,158920,164353,8000,7000,5000,0
1969,70000,Male,Graduate,Single,30,2,2,0,34985,34146,0,2000,1300,1
1970,200000,Female,Graduate,Single,43,-2,-2,-2,830,-6,0,0,663,0
1971,200000,Male,Graduate,Married,42,0,-1,0,19318,19067,19067,5000,0,0
1972,20000,Male,University,Married,40,1,2,0,20498,19692,0,1600,0,1
1973,200000,Male,University,Married,41,0,0,0,96910,92934,10000,7004,5000,0
1974,170000,Male,University,Single,26,-2,-2,-2,0,0,0,0,0,0
1975,130000,Male,Graduate,Single,25,1,-2,-2,-2000,-2000,0,0,0,1
1976,100000,Female,Graduate,Single,27,0,0,0,90118,88435,4110,4101,6623,0
1977,180000,Male,University,Single,31,0,0,0,28566,32876,5000,7000,0,0
1978,230000,Female,High_School,Single,26,-2,-1,0,1200,990,990,8089,2186,0
1979,20000,Male,High_School,Single,50,-1,-1,-1,2191,1140,1140,12656,1700,0
1980,500000,Female,Graduate,Married,35,0,0,0,35176,36193,2504,10004,5178,1
1981,150000,Female,Graduate,Married,38,1,-2,-2,0,0,0,0,0,1
1982,80000,Female,High_School,Single,40,3,2,2,38503,40118,2500,2000,2000,1
1983,230000,Male,University,Married,29,0,0,0,56171,60250,5000,5000,10000,0
1984,80000,Male,Graduate,Single,37,1,-2,-2,0,0,0,0,0,1
1985,230000,Female,University,Single,24,0,0,0,24973,24974,5000,5000,2100,0
1986,50000,Female,University,Single,49,2,0,-1,38947,37799,2000,1000,19000,1
1987,50000,Male,University,Single,35,0,0,0,48813,50789,5000,23000,838,0
1988,10000,Female,Graduate,Single,25,1,3,2,10438,10130,0,0,0,0
1989,140000,Male,University,Single,34,2,2,2,135949,130625,8408,3500,3500,0
1990,50000,Male,University,Single,42,0,0,0,39236,39729,2094,1451,1987,1
1991,180000,Male,High_School,Single,28,0,0,0,129719,133702,6070,3521,5000,0
1992,360000,Male,Graduate,Single,65,1,-2,-2,0,0,0,0,0,1
1993,580000,Male,High_School,Married,67,2,2,3,453985,470915,25704,9464,25065,0
1994,310000,Female,Graduate,Married,43,-2,-2,-2,14619,1881,12484,13961,9838,0
1995,20000,Male,High_School,Single,52,0,0,2,16735,20373,4008,0,1000,0
1996,180000,Female,Graduate,Single,43,-2,-1,-1,8657,6847,6847,18762,22928,0
1997,60000,Female,Graduate,Single,24,0,0,0,15050,16203,2000,1300,2000,0
1998,40000,Female,High_School,Married,59,0,0,0,14769,15271,1573,1512,504,0
1999,140000,Female,University,Married,34,0,0,2,121374,125965,8200,3000,4000,0
2000,220000,Male,University,Married,32,0,-1,-1,8000,8288,8288,8000,0,0
2001,10000,Male,University,Single,22,0,0,0,8602,8728,1158,1151,339,1
2002,20000,Male,Graduate,Married,52,0,-1,-1,19965,390,390,390,780,0
2003,50000,Female,Graduate,Single,23,-1,0,0,15036,15790,1300,2701,700,0
2004,50000,Female,University,Single,33,2,0,0,27752,28787,1487,1500,1081,1
2005,320000,Female,University,Single,35,0,0,0,98697,100572,3891,5240,3616,0
2006,20000,Male,University,Single,34,-2,-2,-2,2199,1530,1530,750,1140,0
2007,50000,Male,University,Married,40,0,0,0,48219,48978,2037,2316,690,0
2008,340000,Male,Graduate,Married,49,-1,-1,-1,1960,1052,1228,7270,2000,0
2009,360000,Female,University,Married,32,1,-2,-2,-301,-301,0,0,0,1
2010,300000,Female,University,Married,33,1,-2,-2,0,0,0,0,0,0
2011,40000,Female,University,Single,26,0,0,0,31475,32663,2000,2000,2000,0
2012,150000,Male,Graduate,Married,51,0,0,2,128968,138260,12900,0,5399,0
2013,20000,Female,University,Single,40,2,2,0,18278,17696,0,1612,687,1
2014,30000,Female,High_School,Married,35,1,-2,-1,-5,-5,0,2610,18,0
2015,80000,Female,University,Married,27,-2,-2,-2,390,0,390,780,0,0
2016,390000,Female,High_School,Married,38,-2,-2,-2,241,0,0,0,0,1
2017,20000,Female,University,Single,22,1,2,2,5613,5377,0,1638,251,1
2018,200000,Male,University,Married,42,0,0,0,68670,69702,4000,4000,5000,1
2019,80000,Female,High_School,Married,35,0,0,0,49544,50418,1970,2355,1500,0
2020,50000,Female,University,Married,36,2,0,0,50922,50367,1715,1991,1661,1
2021,230000,Female,University,Married,38,0,0,0,10906,9692,1364,1393,2003,0
2022,190000,Female,University,Single,31,0,0,0,147586,155228,10000,7891,5743,0
2023,260000,Male,High_School,Married,36,-1,0,0,154462,153799,7425,2795,2779,0
2024,100000,Female,Graduate,Married,39,-1,-1,-1,29449,55139,55139,34181,12592,0
2025,140000,Male,University,Single,41,0,0,0,132758,83498,4002,3900,3000,0
2026,20000,Female,University,Married,42,2,0,0,12426,13143,1225,1234,517,1
2027,80000,Male,University,Single,30,0,0,0,69392,64149,3046,1874,2000,0
2028,360000,Male,Graduate,Single,32,0,0,0,304907,309972,12557,13738,5053,0
2029,70000,Male,University,Single,31,0,0,0,46079,47232,2200,2500,3600,1
2030,30000,Female,University,Married,24,2,2,0,31214,28983,0,1400,3561,1
2031,500000,Female,Graduate,Married,39,0,0,0,358020,360047,15000,15000,20000,0
2032,320000,Female,University,Single,30,2,-1,-1,416,416,416,416,416,0
2033,500000,Female,Graduate,Married,34,0,0,0,32715,60927,30007,30000,50000,0
2034,240000,Female,Graduate,Married,27,1,-2,-1,0,0,0,402,14350,0
2035,50000,Female,Graduate,Single,25,-1,-1,-1,574,801,801,686,527,0
2036,120000,Female,University,Married,39,0,0,0,31611,32264,1562,1500,1059,0
2037,250000,Female,Graduate,Single,32,0,0,0,26465,30762,5000,3000,2500,0
2038,180000,Female,University,Married,39,0,0,0,65710,58159,2500,3000,2500,0
2039,10000,Female,University,Single,22,-1,-1,-1,5208,654,654,9954,9919,0
2040,200000,Female,High_School,Married,53,0,0,0,98426,91948,52306,1000,212,0
2041,120000,Female,Graduate,Single,29,-1,-1,-1,380,380,380,380,380,0
2042,230000,Male,University,Married,38,-1,-1,-1,326,326,326,326,326,0
2043,330000,Female,Graduate,Married,36,1,-2,-2,0,0,0,0,1983,0
2044,50000,Female,University,Single,28,0,0,0,28457,29491,1492,1509,1600,1
2045,130000,Male,University,Single,32,0,0,-2,27495,0,0,0,0,0
2046,110000,Male,University,Single,26,2,2,2,58112,56620,0,5700,2800,1
2047,30000,Female,High_School,Single,40,-1,0,0,2208,7808,7006,0,196,0
2048,120000,Female,Graduate,Single,25,0,0,-1,8676,10599,5000,5814,0,0
2049,120000,Female,Graduate,Single,28,-2,-1,-1,398,954,958,0,170,0
2050,210000,Female,University,Married,40,0,0,0,42820,44156,1856,1564,1468,0
2051,30000,Male,University,Married,47,1,2,0,15148,14620,0,1253,1400,0
2052,50000,Male,High_School,Single,27,2,2,2,54529,53143,1800,3900,300,0
2053,140000,Female,University,Single,42,-1,-1,-1,176,395,395,1204,0,0
2054,140000,Male,High_School,Married,37,2,2,2,136184,138932,6400,5000,0,0
2055,50000,Male,University,Married,55,0,0,0,50528,50541,2100,1305,1201,0
2056,130000,Male,High_School,Married,46,1,2,0,26582,25956,100,2000,1000,1
2057,80000,Female,University,Single,30,1,2,0,6393,6148,0,1266,258,1
2058,50000,Female,High_School,Married,51,0,0,2,44766,48047,4000,0,811,0
2059,100000,Male,Graduate,Married,35,1,2,2,17365,18102,1310,0,3000,0
2060,220000,Male,University,Married,48,-1,-1,-1,61614,45669,45889,11134,4578,0
2061,260000,Female,University,Married,28,-1,-1,-1,711,711,711,5514,0,0
2062,320000,Male,Graduate,Single,40,0,0,0,304702,307943,20000,12868,11721,0
2063,80000,Female,University,Married,30,0,0,0,5123,7864,3000,2005,1013,0
2064,140000,Male,Graduate,Single,55,0,0,0,65640,66998,2800,3000,2500,0
2065,180000,Male,University,Married,26,0,0,0,175539,138825,3826,7000,0,1
2066,80000,Male,Other,Single,23,1,-1,-1,-24,3032,3056,3324,1278,0
2067,250000,Male,University,Single,40,1,-2,-2,0,0,0,0,0,0
2068,80000,Male,Graduate,Single,33,0,0,0,75454,77738,4100,2000,0,0
2069,30000,Male,High_School,Married,50,0,0,0,28339,24232,1681,2000,0,1
2070,120000,Female,University,Married,26,-1,-1,-1,13587,11433,11433,7823,0,0
2071,120000,Female,University,Single,29,0,0,0,82064,83847,4000,4000,3250,0
2072,20000,Male,University,Married,29,2,2,2,8024,11718,4000,0,2000,0
2073,50000,Male,University,Single,40,0,0,0,26566,14851,3000,1000,41,0
2074,250000,Male,University,Married,50,-2,-2,-2,390,390,390,390,8042,0
2075,260000,Male,Graduate,Single,37,0,0,0,112053,108596,5000,5000,5000,0
2076,180000,Female,Graduate,Single,27,-1,2,-1,980,980,0,376,0,0
2077,20000,Male,High_School,Married,49,-1,-1,-1,390,678,678,0,780,0
2078,150000,Male,University,Married,55,1,2,2,76516,78505,3800,0,2800,1
2079,260000,Male,Graduate,Single,34,-1,-1,-1,6776,3198,3222,2125,11892,0
2080,230000,Male,Graduate,Married,43,1,2,2,9462,9701,1000,1000,3000,0
2081,70000,Female,Graduate,Single,24,0,0,0,69572,71233,2828,2337,1702,0
2082,160000,Female,Graduate,Married,33,-1,-1,-1,7429,7165,8000,2000,4755,0
2083,50000,Female,University,Married,42,1,-2,-2,0,0,0,0,0,0
2084,170000,Male,University,Married,37,-1,-1,-1,490,-10,0,4920,0,0
2085,210000,Female,High_School,Married,39,0,0,0,106028,107312,6000,5000,2697,0
2086,230000,Male,Graduate,Single,28,1,-2,-2,0,0,0,0,0,0
2087,110000,Male,University,Married,36,2,2,2,57135,55648,0,4803,0,1
2088,80000,Female,University,Married,39,0,0,-1,44002,43156,2300,22478,5011,0
2089,90000,Female,University,Married,54,-1,-1,-1,692,392,394,332,14579,0
2090,90000,Female,Graduate,Married,41,2,2,2,78700,80348,3500,3200,3200,1
2091,250000,Female,Graduate,Married,42,-1,-1,2,744,2244,2186,0,0,0
2092,270000,Male,University,Single,31,1,2,2,16616,16911,2500,0,1000,0
2093,20000,Male,High_School,Single,23,0,0,0,10103,11139,1205,1172,415,0
2094,80000,Female,Other,Single,34,1,2,-1,2898,1457,0,1261,1261,0
2095,20000,Male,Graduate,Single,23,2,2,0,15077,15534,1000,1273,1000,0
2096,150000,Female,University,Married,36,0,0,0,83853,87227,5000,11700,0,0
2097,80000,Female,High_School,Married,37,1,2,2,99396,100495,3560,0,3912,1
2098,130000,Female,University,Married,47,0,0,0,46096,37939,2167,2000,2000,0
2099,320000,Female,Graduate,Single,28,-1,0,-1,18506,12237,1062,1116,5384,0
2100,50000,Female,Graduate,Single,24,2,2,2,43379,46097,3628,8,1500,1
2101,260000,Female,University,Married,34,0,0,0,135489,138509,5007,5003,5004,0
2102,140000,Female,Graduate,Single,35,2,2,2,56528,57973,2800,2100,2100,0
2103,10000,Female,High_School,Married,53,1,4,3,4479,4272,0,0,0,1
2104,180000,Male,Graduate,Single,30,0,0,0,139804,136528,7000,6000,3500,0
2105,250000,Male,Graduate,Married,71,0,0,0,177484,177946,6243,5446,4721,0
2106,20000,Male,Graduate,Single,23,-1,2,2,15383,16142,1300,0,2000,1
2107,50000,Male,High_School,Single,28,0,0,0,48963,50381,2500,1293,839,0
2108,120000,Female,Graduate,Married,38,1,-2,-1,0,0,0,4051,0,0
2109,160000,Female,University,Married,49,1,2,2,58943,60210,2800,2120,0,0
2110,60000,Female,University,Single,22,0,0,-1,11718,4878,1000,37325,20800,0
2111,130000,Male,University,Single,31,0,0,0,116437,112881,4911,3533,3301,0
2112,320000,Male,University,Married,41,1,-2,-2,0,0,0,0,0,1
2113,50000,Female,University,Married,43,0,0,0,35268,34807,1600,1400,1500,0
2114,50000,Male,University,Single,33,0,0,0,48058,49348,2097,1456,1200,1
2115,70000,Female,University,Married,44,2,2,2,12662,13661,1500,0,1200,1
2116,80000,Female,University,Married,44,0,0,0,76992,73036,2000,1000,4554,0
2117,230000,Male,University,Single,27,-1,-1,-1,416,568,568,1427,14947,1
2118,20000,Male,High_School,Single,43,-1,-1,2,390,1736,1736,0,0,1
2119,20000,Female,High_School,Single,39,0,0,2,12241,16020,4000,1000,4750,0
2120,360000,Male,University,Single,42,0,-1,-1,10000,10000,10000,141,7054,0
2121,90000,Female,Graduate,Single,28,-2,-2,-1,-1886,-2086,0,36633,1328,0
2122,160000,Female,University,Married,34,2,2,2,77290,72681,4500,2500,3000,0
2123,50000,Male,Graduate,Single,36,1,2,2,49845,51215,2505,2300,0,0
2124,220000,Female,Graduate,Single,27,0,0,0,164855,168607,6102,7000,6500,0
2125,350000,Male,Graduate,Single,42,2,0,0,320982,322788,12618,11127,4327,1
2126,120000,Female,Graduate,Single,29,-1,-1,-1,3945,5795,5894,10863,0,0
2127,210000,Female,Graduate,Single,30,1,2,0,73903,72153,0,2674,2687,0
2128,100000,Female,University,Married,31,2,2,0,17606,17040,0,2700,800,0
2129,50000,Female,High_School,Single,52,0,0,0,34781,34458,1725,1800,3000,1
2130,340000,Female,Graduate,Single,26,-1,0,0,58363,106270,56270,59503,3330,0
2131,140000,Male,Graduate,Married,57,2,2,2,108660,105504,0,10970,3805,1
2132,50000,Male,University,Single,42,0,0,0,47691,48738,3304,2300,2000,0
2133,50000,Male,University,Single,31,1,2,0,16617,16061,0,1294,2181,0
2134,90000,Female,Graduate,Single,27,0,0,0,56754,58835,3000,2200,2500,0
2135,160000,Male,University,Married,66,2,2,2,67771,69535,3400,3000,2600,1
2136,250000,Male,University,Single,27,0,0,0,34799,25831,2027,2000,1007,0
2137,50000,Male,Graduate,Single,23,1,-2,-2,0,0,0,0,0,0
2138,300000,Female,University,Married,36,0,0,0,141486,79474,6000,5000,30303,0
2139,230000,Female,University,Single,34,1,-2,-2,-2,-2,0,0,0,0
2140,260000,Male,Graduate,Married,43,1,-2,-2,0,0,0,0,15055,1
2141,60000,Female,Graduate,Single,22,2,0,0,58841,60970,3700,1400,2000,0
2142,140000,Male,High_School,Married,41,-1,-1,-1,2139,0,0,1686,0,0
2143,70000,Female,High_School,Single,49,2,0,0,92033,79841,3078,13489,7000,1
2144,20000,Male,High_School,Married,41,2,0,0,18738,18986,1376,1500,593,1
2145,20000,Female,University,Married,27,3,2,0,4899,4675,0,1095,900,1
2146,170000,Male,Other,Married,28,0,0,0,171098,166176,14000,5695,11760,0
2147,150000,Female,High_School,Single,55,-1,-1,-1,1080,17493,17498,9160,2939,0
2148,50000,Male,University,Single,26,0,0,2,13117,16887,4000,0,1000,0
2149,60000,Male,Graduate,Married,49,2,0,0,60289,57426,1580,1500,1100,1
2150,230000,Female,Graduate,Single,29,-1,-1,-1,1960,11055,11055,2269,9818,0
2151,100000,Male,University,Single,30,0,0,0,31373,32155,1602,1451,4,0
2152,150000,Male,Graduate,Single,24,-1,-1,-1,1050,3258,3258,3735,1461,0
2153,70000,Male,University,Single,51,0,0,0,67880,66658,3028,3199,1267,0
2154,150000,Male,Graduate,Single,25,0,0,0,52952,95134,60086,2000,2000,0
2155,50000,Female,University,Single,25,0,0,0,23529,27889,4820,1500,1000,0
2156,110000,Female,Graduate,Single,29,2,2,2,95690,105101,11000,3800,4000,1
2157,290000,Female,Graduate,Single,25,0,0,0,305823,303701,15000,10500,10000,1
2158,310000,Female,University,Single,42,0,0,0,128166,102808,3844,5000,5000,0
2159,80000,Female,University,Married,38,0,0,0,74236,63120,2125,2000,2000,0
2160,220000,Male,Graduate,Married,54,-2,-2,-2,0,0,0,0,0,0
2161,230000,Female,University,Married,62,0,0,0,167635,170085,6474,7726,5601,0
2162,360000,Male,Graduate,Married,52,0,0,0,236171,228951,8500,7800,6665,0
2163,320000,Male,Graduate,Married,48,-1,-1,-1,25840,13260,13326,13289,18064,0
2164,20000,Male,Graduate,Single,30,0,0,2,14406,20653,6500,84,7171,0
2165,360000,Female,University,Single,35,-1,-1,-1,61793,79467,79651,26943,148307,0
2166,360000,Female,University,Married,38,1,-2,-2,0,0,0,0,0,0
2167,440000,Female,Graduate,Married,37,-1,-1,0,10858,46104,50004,20000,12000,0
2168,400000,Male,University,Married,49,2,2,2,175904,179579,8000,11500,14100,1
2169,180000,Male,University,Married,35,1,2,0,32082,31293,0,1400,2200,0
2170,230000,Female,Graduate,Single,30,1,-2,-2,0,0,0,0,0,0
2171,200000,Female,Graduate,Single,29,0,0,0,9078,11612,3000,1500,2000,0
2172,230000,Male,Graduate,Married,34,0,0,0,22954,11225,1700,1380,8000,0
2173,50000,Male,University,Married,53,0,0,0,47824,48954,1948,1835,669,0
2174,270000,Male,Graduate,Single,36,-2,-2,-2,15986,16635,2008,1513,1019,0
2175,440000,Female,University,Single,29,0,0,0,485921,234046,20000,7822,8000,0
2176,340000,Male,Graduate,Married,53,-1,-1,-1,3780,3295,3295,1461,1903,0
2177,320000,Male,University,Single,35,0,0,0,12233,16490,7000,4100,1000,0
2178,500000,Female,University,Single,36,-1,-1,-1,339,0,0,28119,2000,0
2179,30000,Female,University,Married,33,-1,-1,-1,29568,3663,3701,27209,5024,0
2180,120000,Female,High_School,Single,55,0,0,0,102735,80762,3000,3000,2655,0
2181,310000,Male,Graduate,Single,37,0,0,0,10513,11228,1193,1187,433,0
2182,110000,Female,High_School,Single,31,0,-1,-1,2705,2487,2487,2700,2500,0
2183,400000,Male,University,Single,31,0,0,0,185677,189682,7000,8000,8000,0
2184,150000,Female,Graduate,Married,55,-1,-1,-1,2070,7620,7620,0,0,0
2185,50000,Male,Graduate,Married,42,0,0,0,47454,30680,3000,220,780,0
2186,270000,Male,University,Married,27,0,0,0,21256,19819,1618,1569,631,0
2187,30000,Female,High_School,Married,39,0,0,0,14517,3670,2500,2500,2500,1
2188,30000,Male,Graduate,Married,57,0,0,2,23978,26749,3478,2073,0,1
2189,20000,Male,University,Single,24,0,-1,-1,10700,510,510,390,1094,0
2190,50000,Female,University,Single,22,0,0,0,18471,19483,1329,1307,683,0
2191,100000,Male,University,Married,50,0,0,0,101430,87429,5001,64401,4000,0
2192,200000,Female,Graduate,Single,29,1,-2,-1,0,0,0,3941,16405,0
2193,500000,Male,Graduate,Married,38,0,0,0,419487,389605,13000,20000,15000,0
2194,190000,Male,University,Married,43,0,0,0,90580,72260,10000,10000,10000,0
2195,130000,Male,University,Married,47,-1,-1,-1,5837,21038,21038,729,4399,0
2196,50000,Male,University,Single,23,0,0,2,17792,20036,2956,0,368,0
2197,10000,Male,High_School,Single,22,0,0,0,9363,5062,1200,1200,1000,0
2198,1000000,Female,Graduate,Married,47,0,0,0,964511,983931,50784,50723,896040,0
2199,150000,Female,High_School,Married,35,-1,-1,-1,11500,4998,4998,4996,5000,0
2200,20000,Male,University,Married,37,0,0,-1,17219,14640,2000,19400,0,1
2201,140000,Female,Graduate,Single,30,2,-1,-1,1070,4593,4593,4705,1710,1
2202,210000,Female,Graduate,Married,45,-2,-2,-2,-200,-200,0,0,200,0
2203,360000,Male,High_School,Married,53,0,0,0,8669,8254,1303,1513,706,0
2204,60000,Male,Graduate,Single,30,0,0,0,59959,49744,10020,4000,4000,0
2205,30000,Male,University,Married,33,0,0,0,15662,16601,1500,5000,1000,0
2206,140000,Female,University,Married,37,0,0,0,127693,26633,2000,2000,2000,0
2207,20000,Female,Graduate,Single,21,0,0,0,17471,14129,1400,3500,1567,0
2208,120000,Female,University,Single,32,0,0,0,15602,16482,2000,1551,2000,1
2209,80000,Male,Graduate,Married,45,1,-2,-1,-50,-440,0,1000,0,0
2210,50000,Female,University,Married,41,0,0,0,21910,23251,2000,1500,1000,0
2211,360000,Female,Graduate,Single,27,1,-2,-1,0,0,0,830,0,0
2212,500000,Male,Graduate,Single,30,0,0,0,416171,437749,30000,30000,20000,0
2213,10000,Male,University,Single,21,0,0,0,7985,8677,1217,1000,200,0
2214,210000,Male,University,Single,25,0,0,-2,13899,-9,0,0,3240,0
2215,50000,Male,High_School,Single,41,0,0,2,22358,23257,1900,1000,1500,0
2216,200000,Female,Graduate,Married,38,-1,2,-1,6677,4561,0,1856,1856,0
2217,300000,Female,Graduate,Single,36,-1,-1,-1,10700,890,890,0,0,0
2218,110000,Male,University,Single,24,0,0,0,44737,39590,2103,2005,2006,1
2219,50000,Male,University,Single,58,4,3,2,51996,51203,300,300,300,1
2220,340000,Female,Graduate,Married,41,-1,2,-1,6814,6167,0,24386,3570,1
2221,50000,Female,University,Married,32,-1,-1,-1,819,699,699,0,0,1
2222,110000,Male,High_School,Single,63,1,2,0,49992,48918,0,2164,1730,0
2223,600000,Male,High_School,Married,38,0,0,0,459600,372345,13713,13250,12854,0
2224,160000,Male,Graduate,Single,32,-1,-1,-1,2507,798,800,0,2321,0
2225,450000,Male,Graduate,Married,38,-1,-1,-1,10591,7923,7964,57425,15257,0
2226,60000,Male,Graduate,Single,31,1,-1,0,0,1012,1012,22066,5032,1
2227,310000,Male,Graduate,Married,43,0,0,0,250708,256157,11000,11300,29841,1
2228,20000,Female,University,Married,24,-1,0,0,10361,19566,10000,1390,3355,0
2229,60000,Female,University,Single,29,0,0,0,53274,54093,2591,2109,1705,0
2230,170000,Female,University,Married,38,-1,-1,-1,521,5360,6439,29271,0,0
2231,190000,Female,Graduate,Married,50,1,-1,-1,0,2329,2329,15990,332,0
2232,230000,Female,Graduate,Single,49,2,2,-1,113,0,0,1100,0,1
2233,80000,Female,Graduate,Single,25,-2,-2,-2,1174,0,0,0,5526,0
2234,120000,Female,High_School,Married,50,0,0,0,111564,112482,4200,4552,3100,0
2235,20000,Male,University,Single,30,1,2,2,17260,19099,2422,816,0,0
2236,140000,Female,University,Married,26,0,0,0,37283,24748,7023,5080,10000,0
2237,50000,Male,University,Single,24,0,0,0,49076,48923,2063,1298,700,0
2238,180000,Female,Graduate,Married,35,0,0,0,104335,108156,5500,4000,4500,0
2239,150000,Female,High_School,Married,50,-1,-1,-1,3644,875,875,2162,0,0
2240,300000,Female,Graduate,Single,35,0,0,0,294344,302638,15000,11311,7941,0
2241,380000,Female,Graduate,Married,45,-1,-1,-1,202,35993,37791,86697,0,0
2242,90000,Female,High_School,Single,27,2,0,0,92290,90719,4183,1600,1280,1
2243,10000,Female,University,Single,22,1,2,2,8925,8637,0,1800,0,0
2244,90000,Female,High_School,Single,28,2,0,0,63869,65212,2368,2500,5140,1
2245,240000,Male,Graduate,Married,34,-1,-1,-1,228,23282,23295,49000,37573,0
2246,180000,Female,High_School,Married,32,-1,-1,-1,396,712,712,712,712,0
2247,140000,Male,Graduate,Single,32,0,0,0,101458,99196,3997,3520,2500,0
2248,280000,Male,University,Married,36,1,2,2,168708,172528,8000,6100,0,1
2249,120000,Female,Graduate,Single,30,-1,-1,-1,711,878,878,1131,441,1
2250,550000,Female,University,Married,32,0,0,0,546741,535509,22863,167622,14000,1
2251,170000,Female,University,Single,30,0,0,0,90727,93345,5000,5000,5000,0
2252,50000,Female,University,Married,36,2,2,2,2590,4836,2458,0,1000,0
2253,140000,Female,University,Married,35,0,0,0,137692,134899,5202,6405,4819,0
2254,10000,Male,High_School,Single,48,0,0,0,8858,9548,1228,1000,195,0
2255,240000,Female,High_School,Married,32,-1,-1,-1,1386,1207,1207,1357,1559,0
2256,30000,Female,University,Single,24,2,2,0,27954,27226,0,2000,1000,0
2257,30000,Female,University,Single,25,1,2,2,14149,15171,1543,0,1226,1
2258,200000,Female,University,Single,36,0,0,0,2324,3344,1064,1170,10000,0
2259,140000,Female,University,Single,33,0,0,0,56426,41717,2000,2000,900,0
2260,200000,Female,High_School,Single,28,1,-2,-2,0,0,0,0,304,0
2261,80000,Female,University,Single,37,0,0,0,21054,21776,1365,1379,1000,0
2262,100000,Male,High_School,Single,30,0,0,0,46675,46567,1800,2000,1700,1
2263,220000,Male,University,Single,26,2,2,2,215477,216099,5516,0,8275,0
2264,80000,Female,University,Single,25,0,0,0,7536,5024,1200,1100,1000,0
2265,350000,Female,Graduate,Single,27,0,0,0,312770,320400,14599,10334,5728,0
2266,50000,Female,University,Single,26,0,0,0,33428,34385,1800,2100,0,1
2267,360000,Male,University,Married,39,0,0,0,23690,67560,60284,16079,5024,0
2268,230000,Female,University,Married,33,0,0,2,9530,12872,7000,0,153400,0
2269,30000,Male,University,Married,39,2,2,2,13888,16652,3000,0,1500,1
2270,70000,Female,University,Single,24,0,0,2,41485,44697,4200,3600,1800,0
2271,70000,Female,University,Single,23,-1,0,0,3082,4370,1500,5353,6282,0
2272,150000,Female,Graduate,Married,44,1,-2,-1,0,0,0,1512,0,0
2273,360000,Male,Graduate,Single,35,-1,-1,-1,1195,23944,23944,884,300,0
2274,210000,Female,University,Married,56,1,-2,-2,-325,-721,0,0,0,0
2275,50000,Male,University,Single,29,0,0,0,32312,24213,1700,2000,1300,0
2276,180000,Female,University,Single,48,-1,2,-1,3116,1058,0,390,1726,0
2277,210000,Male,Graduate,Married,40,-1,-1,-1,6223,8143,8146,3719,3091,0
2278,160000,Female,High_School,Married,53,-1,-1,-1,2475,2475,2475,5175,2475,0
2279,50000,Female,High_School,Married,37,2,0,0,38527,39609,2000,1700,1500,1
2280,200000,Female,University,Married,35,1,-2,-2,0,0,0,0,0,0
2281,20000,Female,University,Single,41,0,0,0,13723,14266,1500,2000,3000,0
2282,500000,Male,High_School,Married,56,0,0,0,139117,130301,4500,5000,5000,0
2283,90000,Female,High_School,Married,49,0,0,0,104494,99941,3592,3382,3319,0
2284,70000,Female,Graduate,Single,29,0,0,2,47310,51047,4500,1813,0,0
2285,50000,Female,High_School,Married,49,0,0,-1,33782,35650,4000,390,390,1
2286,180000,Male,Graduate,Married,37,-1,0,0,121915,116093,7416,7038,7000,0
2287,50000,Male,University,Single,27,1,3,2,41322,40383,0,3000,0,0
2288,230000,Female,University,Single,33,0,0,0,232796,233564,9000,9500,6000,0
2289,70000,Male,University,Single,28,1,2,0,35155,26598,23,1637,1000,0
2290,30000,Male,High_School,Single,39,0,0,0,10178,14491,4491,1257,565,1
2291,10000,Male,High_School,Single,54,1,2,0,8210,7936,0,1146,471,0
2292,90000,Male,High_School,Married,35,1,-1,2,0,800,800,0,0,0
2293,80000,Female,High_School,Married,43,2,2,3,68152,71459,5000,4000,0,1
2294,360000,Female,Graduate,Married,46,1,-1,2,-200,2716,2916,0,0,0
2295,150000,Female,Graduate,Single,29,-1,2,2,766,515,0,85,1124,1
2296,200000,Female,Graduate,Married,32,1,2,2,25830,780,0,0,0,0
2297,300000,Female,High_School,Single,38,0,0,0,35103,43782,10000,6000,30000,0
2298,500000,Male,Graduate,Married,37,-2,-2,-2,0,0,0,0,0,1
2299,210000,Male,Graduate,Single,27,-1,0,0,25025,25336,5000,4000,5000,0
2300,80000,Female,University,Single,33,0,-1,-1,17254,811,1000,1533,0,0
2301,200000,Female,Graduate,Married,44,2,0,0,188553,192100,8011,5203,4000,0
2302,230000,Female,Graduate,Married,30,-1,-1,0,2212,17402,17402,20013,346,1
2303,60000,Female,Graduate,Married,29,0,0,0,51855,53220,2200,7000,0,0
2304,180000,Male,University,Single,32,1,2,2,172842,177065,8500,0,7000,1
2305,80000,Male,University,Married,26,0,0,0,51751,43280,2000,2000,1668,0
2306,220000,Female,Graduate,Married,44,-2,-2,-2,0,0,0,0,0,0
2307,30000,Female,University,Married,26,0,0,0,10540,9766,1081,0,6712,0
2308,30000,Female,Graduate,Single,30,1,-2,-1,0,0,0,4990,4322,0
2309,30000,Male,University,Single,25,0,0,0,8864,10062,1500,2000,1500,0
2310,150000,Male,University,Married,40,0,0,0,54021,55154,2003,2044,2054,0
2311,30000,Female,University,Married,47,1,2,0,23709,23047,0,1698,1022,0
2312,180000,Male,University,Single,26,0,0,0,93169,58983,4500,4000,4000,0
2313,30000,Male,Graduate,Single,56,2,0,0,27033,27772,1480,1448,1021,0
2314,240000,Female,Graduate,Single,28,0,0,0,236772,201463,10000,7000,10040,0
2315,120000,Female,University,Single,31,0,0,0,26307,27361,1483,2000,2000,0
2316,150000,Female,High_School,Married,43,0,0,0,17541,19021,2000,2000,2000,0
2317,180000,Female,Graduate,Married,47,1,-2,-1,0,0,0,1154,2000,0
2318,50000,Male,University,Married,46,0,0,0,44573,60540,2200,2600,600,0
2319,360000,Female,Graduate,Single,26,1,-2,-2,-200,-200,0,200,3000,1
2320,30000,Female,High_School,Single,60,-1,-1,-2,2365,-581,0,0,0,0
2321,50000,Male,University,Married,24,-1,-1,-1,390,918,918,19583,1000,0
2322,30000,Female,University,Married,39,-1,3,2,1742,1560,0,0,0,0
2323,50000,Female,Graduate,Single,53,0,0,0,50777,51086,2504,2059,666,0
2324,90000,Male,University,Single,30,0,0,0,46927,40000,4000,0,0,0
2325,200000,Female,University,Single,39,7,6,5,195156,190843,0,0,0,1
2326,50000,Male,High_School,Single,52,0,0,0,47479,49344,29456,1300,675,0
2327,80000,Female,University,Single,40,0,0,0,33918,50878,20000,2400,2000,0
2328,50000,Female,University,Single,41,0,0,0,45408,36025,2025,0,0,0
2329,200000,Female,University,Single,23,-1,-1,-1,964,-36,0,1036,0,0
2330,90000,Female,University,Married,36,0,0,0,89309,88544,5000,3500,2000,0
2331,240000,Male,Graduate,Single,28,0,0,0,199671,193523,7000,7000,7000,0
2332,90000,Female,Graduate,Single,29,-2,-2,-2,1709,2522,2522,3426,3426,1
2333,10000,Male,Graduate,Single,23,2,2,2,2724,5520,3000,0,0,0
2334,210000,Female,Graduate,Married,38,-1,-1,2,2360,4707,4465,0,0,0
2335,140000,Female,University,Single,26,0,0,0,12436,14910,3380,1200,2000,0
2336,50000,Female,Graduate,Married,29,0,0,0,29719,30754,1815,2000,2000,0
2337,50000,Female,University,Married,28,0,0,0,36380,51418,30000,2052,1034,1
2338,230000,Female,High_School,Married,45,-1,-1,-2,1633,8410,8435,5955,10371,0
2339,150000,Female,University,Single,27,-1,-1,-1,4914,6237,6237,3280,11167,0
2340,240000,Male,University,Married,36,0,0,0,10767,144915,140013,5206,5008,0
2341,80000,Male,University,Single,25,1,2,2,81774,79597,0,3667,0,0
2342,140000,Female,High_School,Single,33,1,-2,-2,0,0,0,0,4647,0
2343,290000,Male,University,Married,50,0,0,0,88713,79214,3459,4000,5000,0
2344,80000,Male,Other,Married,29,0,0,0,80534,78179,3006,2641,2827,0
2345,400000,Male,University,Married,34,0,0,0,372724,394443,28000,14547,8078,0
2346,20000,Male,High_School,Single,46,0,0,-1,20393,19908,1425,20310,1020,0
2347,360000,Male,Graduate,Single,30,-1,-1,-1,11487,307,307,400,589,0
2348,260000,Female,University,Single,25,0,0,0,16373,15249,5006,5000,5000,1
2349,30000,Male,Graduate,Single,28,1,2,2,10056,9815,2000,0,144,0
2350,130000,Male,University,Single,27,0,0,0,131406,125858,5000,3572,3153,1
2351,490000,Male,Graduate,Married,41,0,0,0,95997,98047,3600,4000,4000,0
2352,580000,Male,Graduate,Married,42,0,0,0,264482,267508,9431,8842,7663,0
2353,20000,Male,University,Married,34,0,0,2,12619,14896,2800,0,800,1
2354,180000,Female,Graduate,Single,32,0,-1,0,64008,3414,3414,1500,1500,0
2355,90000,Female,Graduate,Single,26,-1,-1,-1,1224,3120,3128,1712,5000,0
2356,90000,Male,University,Single,25,0,-1,-1,2908,1051,1052,2422,0,0
2357,440000,Female,Graduate,Married,54,2,0,0,276955,198150,8752,8200,6700,1
2358,280000,Female,University,Married,52,0,0,0,50667,50400,2007,2007,1370,0
2359,230000,Male,Graduate,Single,29,0,0,0,121344,121415,6317,5516,2015,0
2360,300000,Male,University,Single,35,0,0,0,276536,206885,26531,10017,9123,0
2361,20000,Female,University,Married,41,-1,2,-1,6565,4460,0,1500,8745,0
2362,80000,Female,University,Single,26,0,0,0,27041,27797,5879,1000,11360,0
2363,20000,Male,University,Single,24,8,7,6,24348,24025,0,0,0,0
2364,220000,Male,Graduate,Single,34,-1,-1,-1,17875,3431,3431,0,0,1
2365,210000,Female,University,Married,44,0,0,0,73487,75456,3748,13000,3081,0
2366,130000,Male,High_School,Single,49,2,0,0,60273,61839,2536,1857,1681,1
2367,400000,Male,Graduate,Married,66,0,0,0,258070,77910,47000,1500,0,0
2368,120000,Female,Graduate,Single,25,-1,-1,-1,9642,12557,12557,3938,1110,0
2369,460000,Female,University,Married,33,0,0,0,128302,59254,2371,2008,1560,0
2370,230000,Female,Graduate,Married,42,-1,-1,-1,2915,4203,4203,200,3351,0
2371,210000,Male,University,Single,28,0,0,0,187992,193623,8500,8600,6500,0
2372,30000,Female,University,Single,23,-2,-2,-2,318,0,0,0,0,0
2373,50000,Female,High_School,Married,39,0,0,0,41250,40813,1501,1297,448,0
2374,250000,Female,Graduate,Single,29,-1,-1,0,1181,1545,1545,1000,1500,0
2375,50000,Female,University,Single,25,3,3,2,35592,36518,1800,1200,1500,1
2376,40000,Male,University,Married,38,2,2,2,33152,33623,1300,2000,0,1
2377,230000,Male,University,Married,35,0,0,2,28827,36326,8000,0,2000,0
2378,210000,Male,Graduate,Single,33,1,-2,-2,0,0,0,0,0,1
2379,60000,Male,University,Single,30,0,0,0,15145,16618,2000,2100,0,1
2380,500000,Female,Graduate,Married,41,0,0,0,190730,194336,8501,8001,6701,0
2381,110000,Female,University,Single,28,0,0,0,81449,83241,4000,4000,3400,0
2382,400000,Male,Graduate,Married,44,0,0,0,95719,96369,4652,3565,2731,0
2383,280000,Male,Graduate,Married,51,-1,-1,-1,1323,445,445,393,294,0
2384,60000,Male,University,Married,35,0,0,0,22226,18597,1292,2245,161,0
2385,100000,Male,High_School,Married,47,0,0,-1,3933,2162,1000,1000,0,0
2386,230000,Female,University,Single,42,0,0,0,64489,58611,3100,5000,5000,0
2387,80000,Female,High_School,Single,24,1,-2,-1,0,0,0,2455,2500,0
2388,110000,Female,University,Married,43,0,0,0,45021,45782,2100,1800,1638,0
2389,390000,Male,Graduate,Married,47,-1,-1,-1,9361,-25,0,18426,34,0
2390,150000,Female,University,Single,39,1,2,2,21019,19890,1602,0,1000,0
2391,180000,Male,University,Single,29,1,2,2,5265,5002,0,0,0,1
2392,500000,Male,Graduate,Single,32,1,-1,-1,-218,466,1000,1267,155000,0
2393,50000,Male,High_School,Married,32,2,3,2,39589,40160,1500,1600,1700,1
2394,20000,Female,High_School,Single,49,0,0,2,8503,11352,3008,0,600,0
2395,130000,Female,University,Single,24,1,-2,-1,-10,-10,0,3372,0,0
2396,110000,Female,High_School,Married,27,0,0,0,61152,60833,2326,3000,1807,0
2397,200000,Male,University,Married,29,0,0,0,45982,46328,2078,3900,1900,0
2398,50000,Female,University,Married,47,0,0,0,48991,43412,2000,1500,1050,0
2399,130000,Male,Graduate,Single,29,0,0,0,126974,122107,5988,4560,3300,0
2400,260000,Male,University,Single,28,0,0,2,149814,184419,107000,0,5000,0
2401,180000,Male,University,Married,30,-1,-1,-1,220,4680,4686,0,7500,0
2402,330000,Female,Graduate,Married,29,-1,-1,-1,730,213,213,2368,1000,0
2403,80000,Female,University,Single,29,1,2,2,54033,52595,0,5000,0,0
2404,320000,Male,Graduate,Single,32,-1,2,-1,752,169,0,1948,0,1
2405,20000,Male,University,Single,38,-1,-1,-1,10462,3327,10287,19305,355,0
2406,50000,Female,High_School,Single,43,2,2,7,2400,2400,0,0,0,1
2407,210000,Female,High_School,Married,40,0,0,0,201169,210942,16286,10011,5000,0
2408,420000,Male,University,Single,31,2,2,0,239293,90568,0,3500,6600,1
2409,210000,Female,University,Single,35,-2,-2,-2,2593,0,0,0,0,0
2410,160000,Female,University,Married,42,0,0,0,35815,38023,3000,3000,2000,0
2411,20000,Female,Graduate,Single,25,0,0,0,17776,18886,1700,1300,662,0
2412,360000,Male,Graduate,Single,35,-1,-1,-1,2010,2936,2936,640,0,0
2413,30000,Male,University,Single,50,2,0,0,11479,12981,2000,2000,693,1
2414,50000,Male,University,Single,27,1,-1,0,-697,48266,49900,1800,1700,0
2415,30000,Male,University,Married,38,1,-1,-1,0,2281,2281,3666,2713,1
2416,30000,Female,University,Single,24,0,0,0,28008,29549,2000,2000,900,0
2417,280000,Female,University,Single,24,-1,-1,0,1006,1853,1855,1422,7,0
2418,30000,Female,High_School,Single,24,2,0,0,30279,30428,1500,2700,1300,1
2419,20000,Male,University,Single,33,0,0,0,12518,12889,1300,1000,1000,0
2420,300000,Female,Graduate,Married,51,0,0,0,108639,85818,4107,7346,65000,0
2421,180000,Female,Graduate,Single,35,-1,3,2,1880,1702,0,0,0,0
2422,20000,Female,University,Married,24,4,3,2,16549,16002,0,600,0,1
2423,80000,Female,High_School,Married,39,0,0,0,4948,3804,1000,0,0,0
2424,20000,Female,University,Married,47,0,0,0,19553,18092,1417,2000,3005,0
2425,60000,Male,Graduate,Single,29,0,0,0,31462,31499,6037,5084,6000,0
2426,20000,Male,University,Single,22,0,0,2,18743,19879,3000,0,3000,0
2427,30000,Female,High_School,Married,67,1,2,0,30734,28092,0,1800,1200,0
2428,50000,Male,Graduate,Single,33,1,2,2,26957,28230,2000,0,1000,1
2429,80000,Male,Graduate,Married,47,0,-1,-1,49735,25144,25144,8000,0,0
2430,170000,Female,University,Single,24,-1,-1,2,1166,4144,3000,0,1000,1
2431,160000,Male,Graduate,Married,36,-1,-1,-1,816,316,316,316,316,1
2432,130000,Male,Graduate,Single,27,1,2,2,60024,58104,4000,0,1580,0
2433,30000,Female,University,Married,34,2,2,2,31746,32743,1800,1100,0,1
2434,100000,Female,Graduate,Single,36,1,-1,-1,0,780,780,0,0,0
2435,120000,Female,University,Single,25,3,3,2,87057,84821,0,2700,2500,1
2436,150000,Female,Graduate,Married,49,-1,-1,-2,850,0,0,0,31106,1
2437,100000,Female,High_School,Married,24,1,2,0,56341,54869,0,14130,7065,1
2438,30000,Male,University,Single,24,2,0,0,25851,26912,1779,1402,2042,1
2439,160000,Female,University,Single,45,-2,-2,-2,2057,2147,2147,1945,1934,0
2440,120000,Female,High_School,Married,48,-2,-2,-2,2468,7869,7890,506,2097,0
2441,160000,Female,Graduate,Single,40,-1,0,0,67925,69771,3509,5824,0,0
2442,340000,Female,Graduate,Married,35,1,-1,-1,-8,1722,1730,1692,0,1
2443,240000,Male,High_School,Married,55,0,0,0,25631,27047,2500,2000,2000,0
2444,30000,Female,High_School,Married,42,1,2,0,30607,29849,10,2000,2000,0
2445,50000,Male,University,Married,54,0,0,0,47872,48802,2000,2456,0,0
2446,200000,Male,University,Single,25,1,-2,-2,0,0,0,0,1517,1
2447,80000,Female,University,Single,44,0,0,0,17047,11885,1435,1350,5144,0
2448,50000,Female,University,Single,41,2,2,2,5025,4805,0,42000,1600,1
2449,130000,Female,University,Married,29,0,0,0,18157,16520,2000,1010,1003,0
2450,290000,Male,Graduate,Married,57,1,-2,-2,0,0,0,0,0,1
2451,30000,Female,High_School,Married,44,0,0,0,27631,29179,2000,1500,933,1
2452,340000,Male,High_School,Married,40,0,0,0,77181,59873,5305,3000,5000,0
2453,180000,Female,Graduate,Single,28,-1,-1,-1,651,1883,1883,651,2688,0
2454,60000,Female,Graduate,Single,23,0,0,2,59423,63347,5500,146,1500,0
2455,390000,Female,Graduate,Single,25,-1,0,0,83514,79730,4013,4000,2100,0
2456,460000,Male,Graduate,Married,35,0,0,0,384919,393029,15045,16017,13000,0
2457,500000,Male,Graduate,Married,51,0,0,0,396402,395484,14034,15040,12018,0
2458,30000,Female,University,Married,44,-1,2,2,8347,9560,1500,0,2000,0
2459,80000,Female,University,Single,25,1,2,2,28789,31026,2998,1183,1400,0
2460,250000,Female,University,Married,41,-1,-1,-1,37137,51803,51811,9544,0,0
2461,280000,Female,Graduate,Single,26,0,0,0,146130,120750,5042,4000,4000,0
2462,30000,Female,University,Single,26,2,2,2,25615,29849,5000,2000,0,1
2463,30000,Male,Graduate,Single,28,2,0,0,22329,23665,2000,1400,2000,1
2464,20000,Male,University,Single,27,1,3,2,19443,18851,0,1000,0,1
2465,380000,Female,High_School,Married,56,-2,-2,-2,0,1349,1349,5957,16735,1
2466,100000,Female,High_School,Married,29,4,3,2,175441,153992,0,0,0,1
2467,180000,Male,University,Single,32,-1,-1,-1,1071,1671,1671,1981,4241,1
2468,80000,Female,Graduate,Single,25,0,0,0,3409,4489,1144,1000,109,0
2469,220000,Male,Graduate,Single,31,0,0,0,163148,158197,5725,5971,5846,0
2470,170000,Female,University,Single,26,0,0,0,141476,143850,5113,4514,4376,0
2471,140000,Female,Graduate,Single,29,2,2,2,97905,100152,4700,3200,3500,1
2472,20000,Male,Graduate,Single,29,2,2,3,10512,12044,2000,0,0,1
2473,100000,Female,High_School,Married,38,0,0,0,62427,63922,2500,3000,2400,0
2474,50000,Female,High_School,Married,47,0,0,0,32516,32774,1870,1693,1106,0
2475,300000,Female,University,Single,30,-1,-1,-1,2186,0,0,290,1209,0
2476,30000,Female,High_School,Single,25,0,0,0,26769,27138,1500,1447,3000,0
2477,50000,Male,High_School,Married,53,0,0,0,49696,50893,2000,2000,1000,0
2478,160000,Male,University,Single,37,-1,-1,0,3090,52125,52165,5000,7000,0
2479,80000,Male,University,Single,27,0,0,0,45920,47186,5013,5000,4000,0
2480,140000,Female,University,Married,28,0,0,0,132070,134766,6000,4000,4000,0
2481,20000,Male,University,Single,23,1,2,0,19403,18541,0,1298,1000,1
2482,50000,Male,High_School,Married,51,-1,-1,-1,17453,7802,8338,22232,4985,0
2483,200000,Female,Graduate,Single,34,1,-2,-2,0,0,0,0,347,1
2484,80000,Female,University,Married,23,-2,-2,-2,780,0,0,390,390,1
2485,80000,Female,University,Single,27,1,2,2,81635,83465,3716,0,2989,0
2486,210000,Female,Graduate,Single,39,-1,-1,-1,6000,0,0,2880,0,0
2487,260000,Male,University,Married,28,0,0,0,26303,9408,5030,2025,7770,0
2488,200000,Male,University,Married,46,1,-1,-1,0,552,552,2531,2327,1
2489,110000,Female,University,Married,33,2,2,2,110327,112130,5332,0,7800,1
2490,10000,Male,University,Single,23,0,0,0,5857,6722,1117,1700,1230,0
2491,200000,Male,Graduate,Single,30,0,0,2,91936,94698,7500,0,1500,0
2492,300000,Male,Graduate,Single,31,-1,-1,-1,360,360,360,360,360,1
2493,360000,Female,Graduate,Married,39,-1,-1,-1,7001,1224,1224,394,6,0
2494,290000,Female,University,Married,32,0,0,0,78200,79726,3700,3600,3000,0
2495,30000,Male,High_School,Married,26,1,2,0,30814,29551,0,1500,1150,1
2496,300000,Male,Graduate,Married,47,-2,-2,-2,0,225,225,4019,3860,0
2497,300000,Female,Graduate,Single,28,-1,-1,-1,986,2939,2964,27968,10597,0
2498,210000,Female,High_School,Single,45,-2,-2,-1,316,312,312,2376,316,0
2499,50000,Male,High_School,Married,36,0,0,0,74969,76012,2846,2671,2396,1
2500,340000,Female,Graduate,Single,26,0,0,0,337871,311076,11208,5000,23809,0
2501,330000,Male,Graduate,Married,34,0,0,0,138009,141253,7015,7000,10007,1
2502,220000,Female,Graduate,Single,28,0,0,0,44109,32978,5000,13500,14000,0
2503,100000,Female,University,Single,30,0,0,0,23939,23572,1500,1011,0,0
2504,260000,Male,Graduate,Single,30,-1,-1,-1,399,399,399,399,399,1
2505,180000,Male,University,Single,30,-1,-1,-1,440,30404,30404,0,880,0
2506,200000,Male,University,Married,44,-1,-1,2,780,390,390,780,0,0
2507,110000,Female,High_School,Single,41,0,0,0,90599,60949,2213,2300,2300,1
2508,20000,Male,University,Single,48,0,0,0,7186,9063,2000,2000,0,1
2509,60000,Male,Graduate,Single,25,0,0,0,13123,14403,1500,2000,2000,0
2510,30000,Male,High_School,Married,28,2,2,2,23848,23873,700,1000,2550,1
2511,30000,Female,Graduate,Single,24,2,2,2,31202,32801,2415,0,1045,1
2512,420000,Female,Graduate,Married,37,-1,-1,-1,38386,316,316,9894,13811,1
2513,340000,Male,Graduate,Married,34,-1,-1,-1,332,332,332,332,142402,1
2514,270000,Male,University,Married,38,1,-2,-2,0,0,0,0,0,0
2515,360000,Female,Other,Single,36,-2,-2,-1,15019,1221,2074,7039,10,0
2516,230000,Female,Graduate,Single,25,-1,-1,-1,736,645,645,855,0,0
2517,50000,Female,University,Married,33,0,0,0,47327,48765,2200,1518,1414,0
2518,230000,Female,Graduate,Single,28,-2,-2,-2,-5,2148,2153,2932,354,0
2519,200000,Female,Graduate,Married,38,-2,-2,-2,-3,687,690,2753,2054,0
2520,100000,Female,University,Single,24,0,0,0,101887,102069,4902,4507,3936,0
2521,150000,Female,University,Married,47,0,0,0,153404,144960,6900,7200,5450,0
2522,50000,Male,High_School,Single,28,0,0,0,46709,12889,1690,38000,1500,0
2523,60000,Male,University,Single,29,0,0,0,34081,23215,2000,8565,969,0
2524,70000,Female,University,Single,30,0,0,0,10149,11454,2000,2000,0,0
2525,20000,Male,University,Single,23,-1,0,-1,5044,3700,1011,13181,5,0
2526,50000,Female,University,Single,25,0,0,0,24408,25169,1300,1500,1000,0
2527,500000,Female,Graduate,Married,33,2,2,-1,1569,1379,0,1800,0,0
2528,390000,Male,High_School,Married,49,1,-2,-2,0,0,0,0,0,0
2529,90000,Female,Graduate,Single,27,-2,-2,-2,0,0,0,0,0,0
2530,10000,Male,University,Single,22,0,0,0,5748,3203,1189,1025,3028,0
2531,30000,Male,University,Single,24,-1,-1,-1,390,390,390,780,0,1
2532,240000,Male,High_School,Married,35,1,-2,-2,-2,-2,0,0,970,1
2533,180000,Female,Graduate,Single,29,-1,0,0,36567,26613,1682,1400,1554,0
2534,70000,Female,University,Single,23,0,0,0,22658,31647,9397,1487,1039,0
2535,50000,Male,University,Single,26,-1,-1,-1,1530,750,750,1140,1530,0
2536,20000,Male,High_School,Married,46,0,0,0,11325,12654,1519,1524,500,0
2537,260000,Female,University,Married,36,0,0,0,200593,206178,8500,7000,7508,1
2538,160000,Male,University,Married,26,-2,-2,-2,0,0,0,0,0,1
2539,250000,Female,Graduate,Married,42,0,0,-2,25298,0,0,0,0,0
2540,20000,Male,Graduate,Married,49,-1,-1,-1,1044,0,0,5596,0,0
2541,210000,Male,High_School,Married,37,-1,-1,-1,2359,1519,1519,1939,1939,0
2542,100000,Female,Graduate,Married,35,2,0,0,47253,49489,3000,5000,2000,1
2543,100000,Male,Graduate,Single,28,0,0,0,72970,100360,30000,4094,2900,0
2544,230000,Female,University,Married,34,-2,-2,-2,2329,1894,1894,2532,1865,0
2545,20000,Male,University,Single,25,0,0,0,13896,12906,2000,2500,2000,1
2546,40000,Male,Graduate,Single,24,0,0,0,30096,30819,1300,2013,319,1
2547,100000,Male,High_School,Married,51,-1,-1,-1,54530,37295,55000,100044,2000,0
2548,20000,Male,High_School,Single,26,0,0,0,16514,17547,1306,1300,1000,0
2549,140000,Male,University,Single,32,0,0,0,31367,29652,1614,10018,2009,0
2550,50000,Male,High_School,Single,23,2,2,2,44470,51192,7800,173,1000,0
2551,30000,Female,University,Single,26,0,0,-1,17341,-1030,485,31509,1500,0
2552,80000,Male,University,Single,28,0,0,0,15268,5135,1315,0,0,0
2553,20000,Female,High_School,Married,31,0,0,0,15654,16425,1330,1170,500,1
2554,210000,Female,Graduate,Single,26,0,0,0,9899,6000,1008,1000,0,0
2555,220000,Female,Graduate,Single,33,-1,-1,-1,3378,1531,1531,942,608,0
2556,150000,Female,Graduate,Married,30,0,0,0,40046,47317,7995,5849,1196,0
2557,200000,Male,Graduate,Single,28,-1,-1,-1,508,10680,10712,1194,527,0
2558,200000,Female,Graduate,Single,28,2,2,2,68398,73564,6900,1966,12,1
2559,50000,Male,University,Single,39,0,0,0,26813,22999,1708,1454,289,0
2560,80000,Female,Graduate,Single,28,0,0,0,9782,11620,2001,3000,2000,0
2561,310000,Female,Graduate,Single,32,-2,-2,-2,20138,8267,8267,66008,8543,1
2562,210000,Male,Graduate,Single,29,0,0,0,140619,144410,7000,9000,11550,0
2563,140000,Male,Graduate,Married,40,2,0,0,136785,137175,5051,12602,0,1
2564,20000,Female,University,Married,32,0,0,0,15498,16409,1600,1600,1000,0
2565,10000,Female,Graduate,Single,23,1,-2,-2,0,0,0,0,0,0
2566,250000,Female,Graduate,Single,30,0,-1,2,5607,9416,10000,0,10000,0
2567,280000,Male,Graduate,Single,31,1,-1,-1,0,3495,3495,2783,0,0
2568,210000,Male,University,Married,48,-1,-1,-1,8666,8666,8666,17307,173,0
2569,10000,Male,University,Single,54,0,0,2,5186,8225,3300,300,0,0
2570,60000,Female,High_School,Married,59,0,0,0,59174,60922,3298,3000,0,0
2571,180000,Female,Graduate,Single,38,0,0,-2,184650,0,0,0,0,0
2572,10000,Female,Graduate,Single,31,1,-2,-2,0,0,0,0,0,0
2573,200000,Female,Graduate,Married,41,-2,-1,2,0,5932,5932,0,0,0
2574,120000,Female,Graduate,Single,29,-1,-1,-1,1171,644,1000,0,0,0
2575,160000,Female,University,Married,28,0,0,0,54232,55456,2100,2100,2500,0
2576,180000,Male,Graduate,Married,48,0,0,0,167140,160707,8000,6000,7000,0
2577,60000,Female,High_School,Married,42,0,0,0,58186,58364,2382,2373,1324,0
2578,80000,Male,University,Married,27,0,0,0,73000,71338,5000,2000,1500,0
2579,200000,Male,Graduate,Single,27,-1,0,-1,9747,17230,10051,198,877,0
2580,20000,Female,High_School,Single,22,1,2,0,18590,17838,0,1307,1580,1
2581,360000,Female,University,Single,31,0,0,-2,17582,0,0,0,0,0
2582,140000,Female,Graduate,Single,43,1,2,0,147560,142435,3,5000,5000,0
2583,110000,Female,High_School,Married,46,0,0,2,94025,101460,8942,3800,0,1
2584,360000,Female,Graduate,Married,33,1,-2,-2,-200,-200,0,200,13467,0
2585,30000,Female,Graduate,Single,22,-1,-1,-1,3963,6222,6222,2936,0,0
2586,100000,Male,University,Single,25,0,0,0,76222,79564,4700,1500,0,0
2587,60000,Male,High_School,Single,34,0,0,0,35187,36236,1616,1600,1336,1
2588,130000,Female,Graduate,Single,32,1,-2,-1,0,0,0,3726,0,0
2589,240000,Female,University,Single,34,-1,-1,-1,5516,4950,4950,5232,6464,0
2590,210000,Female,University,Married,35,2,2,2,61189,62721,3100,0,2235,1
2591,360000,Male,Graduate,Single,25,-1,-1,-1,586,14074,14076,5672,0,0
2592,30000,Female,University,Single,22,1,2,2,22167,22474,1000,150,0,0
2593,480000,Male,Graduate,Married,49,1,-1,-1,-220,38929,39149,344261,33312,0
2594,90000,Female,Other,Single,49,-1,-1,-2,1722,0,0,0,0,0
2595,50000,Female,Graduate,Married,42,0,0,0,4908,7479,3000,5000,5000,0
2596,20000,Male,High_School,Single,41,0,0,0,9186,9459,1200,1200,500,0
2597,160000,Female,University,Single,27,-2,-2,-1,490,-85,3085,5300,1000,0
2598,90000,Female,University,Single,24,0,0,0,14520,14747,1240,1220,1000,0
2599,300000,Female,Other,Married,34,-2,-2,-2,9474,0,0,0,0,0
2600,500000,Male,Graduate,Married,43,-1,-1,-1,640,600,600,1490,1822,0
2601,130000,Female,High_School,Single,36,1,-2,-2,0,0,0,0,0,1
2602,250000,Male,High_School,Married,62,0,0,0,38924,38468,5000,5000,5000,0
2603,10000,Male,High_School,Single,25,2,0,0,4693,5371,1300,1600,400,1
2604,340000,Male,Graduate,Single,30,0,0,-1,1933,2855,1000,872,981,0
2605,60000,Male,High_School,Single,24,-1,0,0,15527,16882,2000,2000,10000,0
2606,50000,Male,University,Married,47,0,0,0,48308,48019,2200,2068,3048,0
2607,170000,Male,University,Single,34,-1,-1,2,7885,7190,2336,0,0,0
2608,490000,Male,High_School,Married,51,-1,-1,-1,389,376,377,481,1,1
2609,20000,Female,University,Married,26,0,0,0,17679,16720,1300,1277,1800,1
2610,550000,Male,University,Married,47,0,0,0,68328,76797,10000,20000,5000,0
2611,340000,Female,University,Single,39,0,0,0,66623,61474,2500,2500,2500,0
2612,10000,Male,University,Single,32,0,0,0,9576,9028,1384,1000,196,0
2613,230000,Female,University,Single,25,-2,-2,-2,0,0,0,13499,9117,0
2614,30000,Male,University,Married,39,1,2,0,29388,27850,0,1452,1018,0
2615,200000,Female,University,Single,42,-1,-1,0,73032,12928,12928,79365,30000,0
2616,450000,Female,Graduate,Married,37,0,0,-1,13371,13480,4000,5747,3339,0
2617,380000,Male,High_School,Married,44,0,0,0,329877,309781,12055,9837,9154,1
2618,50000,Female,University,Married,31,2,0,0,29767,30206,1615,1670,605,1
2619,80000,Female,Graduate,Single,27,0,0,0,23107,24674,5034,10000,1000,0
2620,150000,Female,University,Married,42,1,-2,-2,0,0,0,0,11068,1
2621,50000,Female,University,Single,44,0,0,0,49006,49139,2000,1000,3600,0
2622,210000,Female,Graduate,Single,39,1,-2,-2,0,0,0,0,0,0
2623,100000,Female,University,Single,24,0,0,0,59712,61743,3000,3000,2400,0
2624,100000,Male,University,Single,38,0,0,0,25994,27173,1994,19462,3000,0
2625,500000,Male,Graduate,Married,45,0,0,0,3136,2345,2002,7505,145,0
2626,30000,Female,High_School,Married,58,0,0,0,9819,10873,1230,1100,419,0
2627,50000,Male,University,Single,46,0,-1,0,53541,29308,31483,1408,3000,0
2628,50000,Female,University,Single,23,-2,-2,-2,0,0,0,0,0,0
2629,420000,Female,University,Married,36,-1,-1,-1,3663,4338,4338,3400,2535,0
2630,30000,Female,University,Married,32,2,2,0,28156,27422,0,1542,1024,1
2631,240000,Male,Graduate,Single,32,0,0,0,240790,224497,6892,7866,5602,0
2632,80000,Female,High_School,Married,55,0,0,0,69116,64325,2500,2000,2000,0
2633,330000,Male,Graduate,Single,45,0,0,0,265362,246735,7500,8001,7000,1
2634,50000,Male,University,Married,30,1,2,2,49371,50092,1800,240,1000,1
2635,200000,Female,Graduate,Married,42,-2,-2,-2,0,0,0,0,0,1
2636,210000,Female,Graduate,Married,34,1,-2,-1,-300,-716,0,1548,1132,0
2637,130000,Male,University,Single,31,1,2,2,70722,69040,0,4130,43,0
2638,390000,Male,Graduate,Single,28,-1,0,0,10439,25143,15007,10529,10000,0
2639,100000,Male,High_School,Married,40,0,0,-1,12878,7702,2000,2377,40000,0
2640,140000,Female,Graduate,Married,33,0,0,0,85314,87042,4000,5000,2000,0
2641,80000,Female,High_School,Married,35,2,2,2,70002,71389,3100,4204,2790,1
2642,50000,Female,High_School,Married,42,1,3,4,44498,46740,3240,0,0,1
2643,50000,Male,University,Single,25,0,0,0,21316,23038,2375,2375,2375,0
2644,360000,Male,Graduate,Married,39,1,-2,-2,0,0,0,0,0,0
2645,170000,Female,University,Married,49,1,2,0,153322,149027,0,6320,5045,1
2646,50000,Male,University,Single,41,0,0,0,48152,45974,2043,3000,14000,0
2647,310000,Female,Graduate,Single,25,2,0,0,266270,273719,11677,8406,6000,1
2648,210000,Male,Graduate,Single,31,-1,-1,-1,326,326,326,326,326,1
2649,140000,Male,University,Married,37,0,0,0,90186,74504,2805,2877,1360,0
2650,150000,Female,Graduate,Single,37,0,0,0,127111,106956,3878,3794,3783,0
2651,170000,Male,Graduate,Married,40,-1,-1,-1,2000,2210,2210,3000,2000,1
2652,260000,Female,Graduate,Single,25,-1,2,-1,148,75,7,12117,2,1
2653,170000,Female,Graduate,Single,26,0,0,0,99387,102141,5250,5100,7500,0
2654,310000,Female,Graduate,Single,35,1,-2,-1,0,0,0,4488,264,0
2655,50000,Female,High_School,Single,23,0,0,0,34364,34212,1861,2004,1324,0
2656,260000,Female,Graduate,Married,35,2,2,-2,1013,0,0,0,6895,1
2657,100000,Male,Graduate,Single,27,0,0,2,36014,39321,4200,900,1400,1
2658,40000,Female,University,Married,25,0,0,0,40633,40311,4300,2000,2938,0
2659,180000,Female,Graduate,Married,46,1,2,2,82505,86302,6000,0,15000,0
2660,50000,Male,High_School,Married,41,2,2,2,26184,29261,3500,0,1100,0
2661,200000,Male,Graduate,Single,29,-1,-1,-1,4810,0,0,726,0,1
2662,320000,Female,University,Married,53,0,0,0,33589,34608,3000,6000,8000,0
2663,220000,Female,Graduate,Single,45,-1,-1,-1,4624,2874,2888,1216,640,0
2664,180000,Male,University,Married,46,0,0,0,60005,41223,3000,10000,3000,0
2665,50000,Female,University,Single,36,0,0,0,94228,47635,2000,1500,1000,1
2666,50000,Female,University,Single,22,0,0,0,29637,30805,1826,1200,268,0
2667,150000,Female,Graduate,Single,32,0,0,0,83275,84220,3006,3000,2000,0
2668,120000,Female,Graduate,Married,38,-1,-1,2,6856,17329,19600,0,14150,0
2669,30000,Male,University,Single,34,0,0,0,29302,30052,1530,1416,1142,0
2670,10000,Male,Other,Married,43,-1,0,0,17560,9829,2537,1000,0,1
2671,380000,Male,Graduate,Single,34,-2,-2,-2,34869,6305,6336,5766,904,0
2672,320000,Female,Graduate,Married,38,1,-2,-2,0,0,0,0,0,1
2673,30000,Female,University,Single,41,0,-1,-1,1448,1261,1261,630,0,0
2674,470000,Male,University,Single,29,0,0,0,72830,49502,4003,4003,8003,0
2675,80000,Female,High_School,Married,40,0,0,0,75768,78069,3500,2934,897,0
2676,20000,Male,University,Married,60,-1,-1,2,8570,10651,2620,0,500,0
2677,120000,Male,Graduate,Married,51,0,0,2,125702,130461,8300,4500,4260,0
2678,150000,Female,Graduate,Single,37,1,-2,-1,0,0,0,584,12,0
2679,200000,Female,University,Single,43,0,0,0,180680,184436,8155,8302,7225,0
2680,20000,Male,University,Single,40,0,0,0,45429,47961,2819,2420,88,0
2681,170000,Female,High_School,Married,36,0,0,0,85780,80568,2906,3002,3000,0
2682,150000,Female,Graduate,Single,34,-1,-1,-2,900,0,0,0,740,0
2683,160000,Male,University,Single,30,-1,-1,-1,632,0,0,632,316,0
2684,280000,Female,Graduate,Single,32,-1,-1,-1,45536,11509,11509,5000,2121,0
2685,60000,Male,Graduate,Married,42,2,0,0,39986,41036,2000,2100,1800,1
2686,100000,Male,High_School,Married,44,0,0,0,39649,43608,5000,5000,1554,0
2687,360000,Male,University,Single,48,0,0,0,68032,63174,4500,3000,50000,0
2688,500000,Female,Graduate,Married,44,-2,-1,0,71921,367979,368199,6486,234,0
2689,290000,Female,Graduate,Single,30,0,0,0,284239,284692,11000,10000,8000,1
2690,160000,Female,Graduate,Single,31,-2,-2,-2,0,0,0,0,150,0
2691,50000,Male,University,Married,47,0,0,0,22923,23264,1400,1400,850,0
2692,250000,Female,University,Married,35,0,0,0,27107,36565,10000,10000,10000,0
2693,350000,Male,Graduate,Married,42,-1,-1,-1,3800,3138,3138,4160,3750,0
2694,100000,Female,University,Married,22,0,0,0,99415,101507,4600,3478,3461,0
2695,30000,Male,University,Single,33,1,2,0,31956,30425,0,1753,1200,0
2696,450000,Female,Graduate,Married,36,1,-1,-1,0,2500,2500,2500,0,0
2697,20000,Female,High_School,Single,40,-1,-1,0,9755,894,894,5000,4000,0
2698,30000,Female,High_School,Single,26,0,0,0,28063,29304,1700,1407,1200,0
2699,150000,Female,High_School,Single,47,0,0,0,103226,64671,2627,4123,0,0
2700,30000,Male,University,Married,36,1,3,2,22327,21696,0,0,908,0
2701,10000,Male,High_School,Single,23,0,0,0,6001,4308,2000,1500,400,0
2702,50000,Female,High_School,Single,47,0,0,0,17569,18592,1613,1642,2769,0
2703,50000,Female,Graduate,Single,22,0,-1,-1,4124,1070,1070,0,1217,0
2704,130000,Female,University,Single,23,2,2,2,6271,6871,1500,1000,2000,0
2705,50000,Female,High_School,Single,22,0,0,0,47066,45132,2300,3862,2000,0
2706,180000,Female,University,Single,25,0,0,0,177633,139415,5203,30023,10024,0
2707,30000,Male,University,Married,47,2,2,2,24081,29818,6155,0,1030,1
2708,60000,Female,University,Single,24,0,0,0,29717,28208,2076,1500,1500,0
2709,200000,Male,Graduate,Single,26,0,0,0,16811,21290,5023,4007,5001,0
2710,30000,Female,High_School,Single,23,0,0,-1,18292,18450,1000,390,390,0
2711,320000,Female,University,Single,36,0,0,0,262613,164486,10043,15005,21640,0
2712,360000,Female,Graduate,Married,37,-1,2,2,1605,1448,14,0,0,0
2713,60000,Female,Graduate,Married,39,0,0,2,56045,59524,5000,2000,1000,0
2714,50000,Female,University,Single,28,-2,-2,-1,13733,5570,2037,2698,2000,0
2715,30000,Male,University,Single,35,2,2,2,27143,28211,1800,1200,0,0
2716,50000,Female,University,Married,31,1,2,0,34644,33669,0,1597,649,0
2717,70000,Female,Graduate,Single,24,0,0,0,42105,35575,1614,2042,2002,0
2718,310000,Male,Graduate,Single,44,1,-1,-1,-42,7281,7323,0,0,0
2719,170000,Female,University,Single,39,-1,-1,-1,2860,15643,15643,1108,191,0
2720,150000,Male,Graduate,Married,49,-2,-2,-2,111348,109115,6000,4044,309,0
2721,120000,Female,Graduate,Single,30,-1,-1,-1,3333,0,0,3333,0,0
2722,100000,Female,Graduate,Single,33,0,0,0,75374,44796,2000,5000,1521,0
2723,140000,Male,Graduate,Single,41,2,2,2,138379,143684,9000,0,6800,1
2724,180000,Female,High_School,Married,47,-1,0,0,14525,13828,1347,5000,10026,0
2725,20000,Female,High_School,Married,51,0,0,-1,19684,11580,1000,780,0,0
2726,80000,Female,University,Single,25,1,-2,-2,0,0,0,0,0,0
2727,200000,Female,University,Married,39,0,0,0,178665,133266,3677,2441,1854,0
2728,200000,Male,University,Single,27,0,0,2,25334,26203,2204,1004,1004,0
2729,30000,Male,High_School,Married,42,0,0,2,14617,20350,6000,28,5000,0
2730,250000,Female,University,Single,40,-2,-2,-2,0,1069,1069,320,0,0
2731,50000,Male,High_School,Single,30,1,2,3,31217,33423,3000,0,0,0
2732,250000,Male,Graduate,Single,31,-2,-2,-2,-23,3102,3125,4455,3417,1
2733,140000,Female,Graduate,Single,25,0,0,0,23409,24725,2000,2000,1500,0
2734,170000,Female,University,Single,31,2,-1,-1,520,1316,1339,6779,2000,0
2735,240000,Female,University,Single,47,-2,-2,-2,316,21359,21359,2762,10318,0
2736,140000,Female,Graduate,Married,37,0,0,0,135134,139178,6703,6120,4015,0
2737,50000,Female,University,Married,28,0,0,0,50998,51103,2209,1726,710,0
2738,240000,Female,University,Married,47,1,2,2,124425,131943,10839,5000,4800,1
2739,420000,Female,University,Married,57,-1,-1,-1,666,2629,2629,4360,2064,0
2740,220000,Male,Graduate,Married,53,-1,-1,-1,1136,642,642,1582,1109,0
2741,70000,Female,University,Married,28,0,0,0,44230,44348,1747,1272,1212,0
2742,90000,Male,University,Single,28,0,0,0,55779,51886,2100,2166,1400,0
2743,220000,Female,Graduate,Married,40,-2,-2,-2,0,0,0,0,0,0
2744,200000,Female,Graduate,Single,27,0,0,0,9314,6020,2020,2817,1098,0
2745,240000,Male,High_School,Married,55,0,0,0,229254,232693,8737,7506,6501,0
2746,310000,Female,High_School,Single,28,0,0,-1,19610,14746,10000,28216,4245,0
2747,80000,Female,University,Married,34,2,2,2,76142,80627,6611,1,3000,1
2748,290000,Female,University,Married,38,0,0,0,144160,147451,6000,6010,5600,0
2749,260000,Male,University,Married,43,0,0,0,175247,164173,8500,5950,4000,1
2750,120000,Male,Graduate,Married,43,1,-2,-2,0,0,0,0,0,1
2751,260000,Female,Graduate,Married,32,-1,-1,2,598,2268,2268,0,1732,0
2752,360000,Female,University,Single,39,-1,2,2,655,655,0,0,0,0
2753,30000,Female,High_School,Married,36,0,0,0,7963,9152,1321,1451,349,1
2754,30000,Female,University,Single,22,0,0,0,27444,29000,2000,1800,0,1
2755,20000,Male,Graduate,Single,22,0,0,0,3281,4325,1100,1100,500,0
2756,240000,Female,University,Single,25,0,0,0,175764,178600,6500,7000,6680,0
2757,200000,Male,University,Married,31,7,6,5,254266,240966,0,328,0,1
2758,70000,Male,University,Single,38,0,0,2,27000,31809,5600,0,1500,0
2759,200000,Female,Graduate,Single,23,-2,-2,-2,488,878,878,488,488,0
2760,150000,Female,Graduate,Single,31,-1,-1,-1,18395,-2390,312,20132,129665,0
2761,160000,Female,University,Married,35,0,0,0,17742,12939,2000,1000,500,0
2762,180000,Female,Graduate,Single,30,0,0,0,113647,52992,3000,3170,2000,0
2763,190000,Male,University,Married,39,0,0,0,144414,145572,7000,6000,6000,0
2764,20000,Female,University,Married,22,0,0,0,15749,16221,1500,5000,500,0
2765,150000,Male,Graduate,Single,27,0,0,0,82494,83044,3100,3500,3000,0
2766,310000,Male,University,Married,35,0,0,0,7589,9463,2000,3000,3000,0
2767,180000,Female,University,Married,36,0,0,0,98736,96566,6025,5000,6800,0
2768,80000,Female,University,Single,24,0,0,0,81908,83597,5501,3450,3000,1
2769,350000,Female,University,Married,41,0,0,0,85339,84393,5000,5016,5000,0
2770,50000,Female,University,Married,47,0,0,0,32547,33481,1582,1800,0,0
2771,90000,Female,University,Single,23,2,0,0,87669,86653,3499,3000,3000,0
2772,220000,Male,University,Married,35,0,0,-1,112460,29300,8500,8500,0,0
2773,50000,Female,Graduate,Single,25,2,3,2,43870,42891,0,1700,2000,1
2774,90000,Male,High_School,Married,46,-1,2,-1,1651,390,0,390,1950,0
2775,400000,Female,University,Married,30,0,0,-1,161226,139481,5000,17939,12845,0
2776,210000,Female,High_School,Married,40,-1,-1,0,2309,4791,4791,1909,2588,0
2777,180000,Female,University,Married,39,2,2,2,177113,180628,7800,0,11700,1
2778,500000,Male,Graduate,Married,55,-1,-1,-1,3925,11200,11253,25585,3,0
2779,260000,Female,University,Married,39,2,0,0,228443,233958,10698,24799,0,1
2780,180000,Female,University,Single,26,0,0,0,7149,12946,5946,3663,3159,0
2781,180000,Female,University,Married,34,-1,-1,-2,8000,0,0,0,0,1
2782,30000,Female,Graduate,Single,24,0,0,0,22236,23574,1696,1705,1037,0
2783,360000,Female,Graduate,Single,33,0,0,0,31482,31805,5119,5007,5002,0
2784,280000,Female,Graduate,Married,47,-1,2,2,2002,1311,0,0,430,0
2785,100000,Female,Graduate,Single,27,1,2,0,53213,50842,6,2031,1800,1
2786,50000,Female,University,Married,49,0,0,0,49467,41877,1472,1000,107,0
2787,20000,Male,High_School,Married,31,0,0,0,17557,18739,1466,1200,343,0
2788,80000,Female,High_School,Single,27,-2,-2,-2,1672,0,0,1672,836,1
2789,110000,Female,University,Single,36,1,-1,-1,0,780,780,0,0,0
2790,50000,Male,Graduate,Single,25,1,-1,2,6300,3395,9195,0,1831,1
2791,50000,Female,University,Married,50,0,0,0,48119,48318,1554,1028,4387,1
2792,20000,Male,Graduate,Single,33,0,0,0,16117,17130,1285,2200,0,0
2793,200000,Female,High_School,Married,41,0,0,0,98184,103228,5143,19034,0,0
2794,250000,Female,University,Single,44,1,-1,-1,0,664,664,65791,2000,0
2795,150000,Female,Graduate,Married,33,1,-2,-2,0,0,0,0,0,1
2796,50000,Male,Graduate,Single,23,1,-2,-2,0,0,0,0,0,1
2797,200000,Female,Graduate,Married,38,-1,-1,2,1779,1354,1354,0,7000,0
2798,220000,Male,University,Married,38,0,0,0,147048,137560,6364,5892,5000,0
2799,60000,Female,University,Married,36,-2,-2,-2,0,2426,2426,3367,2898,0
2800,100000,Male,University,Single,43,0,0,0,47730,47525,1808,1728,1641,0
2801,20000,Male,High_School,Single,46,0,0,0,15523,17264,2000,1500,500,0
2802,140000,Male,University,Single,28,1,3,4,82265,86127,5747,0,0,1
2803,50000,Male,University,Married,46,0,0,0,48677,39756,2000,3000,0,1
2804,50000,Male,Graduate,Single,28,0,0,0,28639,29482,2100,2000,1000,0
2805,120000,Female,University,Married,30,-1,-1,-1,686,686,686,686,1372,0
2806,120000,Female,Graduate,Married,39,1,-2,-2,0,0,0,0,0,0
2807,30000,Male,University,Single,38,0,0,0,28637,28711,2002,2002,1503,0
2808,180000,Female,Graduate,Single,26,1,-2,-2,0,0,0,0,0,0
2809,500000,Male,Graduate,Married,46,0,0,0,53049,66623,16018,10000,4,0
2810,420000,Male,Graduate,Married,44,0,0,0,337792,293987,12011,6472,6711,0
2811,20000,Female,University,Married,45,0,0,0,14296,15321,1262,1274,1375,0
2812,50000,Female,University,Single,24,0,0,0,39083,40150,1700,1700,1501,1
2813,260000,Female,University,Single,30,0,0,0,19674,17810,2000,3000,3000,0
2814,50000,Male,University,Single,27,0,0,0,47481,36112,1910,1790,79,0
2815,50000,Female,Graduate,Single,26,-1,-1,-1,750,0,0,3116,302,0
2816,50000,Female,University,Single,49,0,0,0,43342,44441,2100,2000,1113,0
2817,100000,Male,University,Married,49,0,0,0,69896,71360,2588,2644,2656,0
2818,50000,Female,Graduate,Single,24,4,3,2,38965,38063,0,1700,1700,1
2819,180000,Female,Graduate,Single,27,0,0,0,174546,175121,8269,6606,5000,0
2820,240000,Female,Graduate,Married,38,1,-2,-2,0,0,0,100000,0,0
2821,30000,Male,University,Married,38,2,0,0,28484,29242,1905,1700,1108,0
2822,30000,Female,High_School,Married,60,-1,3,2,5867,5621,0,0,0,1
2823,270000,Female,Graduate,Married,45,0,0,0,96175,88092,3626,2700,3180,0
2824,30000,Female,High_School,Married,57,-1,-1,-1,347,1353,1353,78,135,1
2825,200000,Female,University,Married,31,-1,-1,-1,1319,4997,4997,3650,130,1
2826,40000,Female,University,Married,29,-1,0,0,8801,9544,1000,0,0,1
2827,360000,Female,Graduate,Married,31,-2,-2,-2,0,18540,18540,10000,10000,0
2828,150000,Female,High_School,Married,57,-1,-1,-1,5483,9136,9136,17348,6456,0
2829,80000,Female,University,Single,24,0,0,0,9933,11111,1370,1233,261,1
2830,300000,Female,Graduate,Married,32,1,-1,-1,-227,44791,45018,0,130447,0
2831,220000,Male,University,Married,32,0,0,0,202010,103124,3746,3820,4000,0
2832,110000,Female,University,Married,42,-1,-1,-1,776,776,776,776,776,0
2833,50000,Male,Graduate,Single,30,0,0,0,11787,9720,1300,1034,0,0
2834,50000,Female,High_School,Single,60,0,0,0,31164,32384,1756,1445,993,0
2835,230000,Female,Graduate,Married,37,-1,-1,0,400,20123,20123,1256,1000,0
2836,50000,Male,Graduate,Married,27,2,2,2,43333,46308,4000,2000,0,1
2837,240000,Female,University,Single,39,0,0,0,171907,171394,7200,3000,3000,0
2838,130000,Female,Graduate,Single,26,0,-1,-1,20054,1298,1298,6730,900,0
2839,160000,Female,Graduate,Single,34,0,0,0,43729,43535,2045,1809,1265,0
2840,210000,Female,Graduate,Single,31,0,0,0,121697,120133,5000,5000,4036,0
2841,210000,Female,University,Single,32,-1,0,0,1952,2787,1526,4000,514,0
2842,330000,Male,Graduate,Single,47,0,0,0,240063,242040,9500,5591,5500,0
2843,110000,Female,University,Married,51,0,0,0,10141,11472,1500,2000,0,0
2844,120000,Female,University,Single,28,1,2,2,108993,111266,5500,4100,4087,0
2845,100000,Female,Graduate,Single,29,-1,-1,-1,5466,5652,5652,9690,6916,0
2846,210000,Female,University,Single,34,0,0,0,63672,57299,2200,3000,3000,0
2847,350000,Female,Graduate,Single,31,0,0,0,181550,177978,10000,20000,100048,0
2848,180000,Female,University,Single,25,0,0,0,141836,140792,5124,6000,5300,0
2849,150000,Female,Graduate,Single,28,0,0,0,66296,61916,3000,3005,5000,0
2850,50000,Male,Graduate,Single,37,1,2,0,49457,47080,0,1200,1000,0
2851,230000,Female,High_School,Married,47,-1,-1,-1,5482,15900,15900,1678,0,0
2852,30000,Female,University,Married,39,2,2,0,9884,9586,0,1200,375,1
2853,90000,Female,University,Married,24,2,2,2,86643,87249,3881,3000,2800,1
2854,390000,Female,University,Married,24,0,0,0,16406,16966,1500,1500,1000,0
2855,50000,Female,University,Single,25,2,2,2,15679,16228,1100,2150,0,1
2856,320000,Male,University,Married,39,0,0,0,51058,34619,1240,1403,18084,0
2857,20000,Male,University,Single,34,0,0,0,15907,17142,1498,1200,365,0
2858,200000,Female,University,Married,41,0,0,0,42292,43764,3000,2000,5000,0
2859,500000,Male,Graduate,Married,40,-2,-2,-2,5255,721,721,17252,7421,1
2860,190000,Female,University,Single,28,1,-2,-2,0,0,0,0,0,0
2861,70000,Female,Graduate,Single,25,2,0,0,5730,7625,2000,2000,2000,1
2862,220000,Female,Graduate,Single,35,-1,-1,-1,8304,11526,11526,1282,0,1
2863,50000,Male,University,Single,28,0,0,0,28864,30090,2000,2000,2900,0
2864,50000,Male,University,Married,37,0,0,0,15175,16505,1579,1590,1000,0
2865,50000,Female,University,Married,46,2,2,2,28390,29639,2000,2000,0,0
2866,70000,Male,Graduate,Married,42,0,0,0,70730,58103,3500,15000,3000,0
2867,80000,Female,Graduate,Single,26,0,0,0,66982,66130,2986,3056,2787,0
2868,50000,Male,High_School,Single,41,0,0,0,45487,45548,1858,1685,659,0
2869,150000,Female,Graduate,Single,27,-1,-1,-2,1345,0,0,0,0,0
2870,300000,Female,Graduate,Married,36,-2,-1,-1,540,1283,1283,843,0,0
2871,50000,Female,Graduate,Single,25,0,0,0,10973,12092,1300,1500,500,0
2872,170000,Female,University,Married,42,0,0,0,4600,6519,2000,1000,2437,0
2873,350000,Male,Graduate,Single,37,-2,-2,-2,316,316,316,316,466,0
2874,470000,Female,University,Single,33,0,0,0,43353,47682,5000,2600,1500,0
2875,20000,Male,University,Single,25,0,0,0,13610,14160,1360,1400,0,0
2876,140000,Female,University,Single,26,1,-1,0,0,811,811,1000,33,0
2877,60000,Female,University,Single,23,1,2,2,45014,45698,1774,0,12858,0
2878,160000,Female,University,Single,23,0,0,2,122339,137278,18518,3358,0,0
2879,150000,Female,Graduate,Single,26,0,0,0,101569,103688,3756,5350,2562,0
2880,20000,Female,Graduate,Single,23,-1,-1,-1,292,780,780,0,593,0
2881,210000,Male,Graduate,Single,35,-1,-1,-1,6808,4954,4960,8747,8,0
2882,50000,Male,University,Single,23,-1,-1,0,3352,18685,18685,1105,500,0
2883,210000,Female,Graduate,Single,31,-1,-1,-1,15332,10000,10000,19875,50000,0
2884,280000,Male,Graduate,Married,44,-2,-1,-1,593,1763,1777,53934,4726,0
2885,300000,Male,University,Single,36,-1,0,0,15536,17923,10000,10140,360,0
2886,230000,Female,High_School,Married,37,0,0,0,228342,189966,6100,7000,5356,0
2887,250000,Male,University,Married,47,-2,-2,-2,8996,18069,18069,7966,3470,0
2888,500000,Female,Graduate,Married,36,-1,-1,-1,24170,8051,8091,78192,65,0
2889,50000,Female,University,Married,48,0,0,0,12592,12899,2017,2000,1200,0
2890,50000,Male,High_School,Single,46,0,0,0,5942,5444,1056,1000,57,0
2891,150000,Female,University,Married,36,0,0,0,296846,301634,7143,13700,15000,0
2892,180000,Female,Graduate,Single,53,1,-2,-1,0,41300,41300,41300,0,0
2893,450000,Male,University,Single,37,0,0,0,136655,146400,13492,13641,12168,0
2894,70000,Female,University,Single,24,1,2,0,4177,2657,0,1500,0,0
2895,110000,Male,High_School,Married,40,0,0,0,93357,94938,4100,2612,2666,0
2896,200000,Male,Graduate,Married,43,1,2,0,203393,198272,0,5812,4500,1
2897,210000,Female,University,Single,37,1,-2,-2,0,0,0,0,0,0
2898,320000,Male,Graduate,Single,36,0,0,0,146201,129311,5465,3137,52,0
2899,20000,Male,Graduate,Single,37,0,0,0,66599,67259,2317,2579,606,1
2900,130000,Female,University,Single,29,-1,-1,2,1110,1170,1170,0,0,0
2901,20000,Male,Graduate,Married,29,0,0,0,16961,16365,2000,1139,556,0
2902,210000,Male,Graduate,Married,39,-1,-1,2,3391,775,1000,0,0,0
2903,30000,Female,University,Single,33,0,0,0,25498,26149,1451,1408,1000,1
2904,60000,Female,High_School,Married,36,1,2,2,47987,48716,1788,0,1894,1
2905,110000,Male,University,Married,49,0,0,0,75565,64833,4009,5000,2000,0
2906,130000,Male,Graduate,Single,32,-1,-1,-1,32236,41510,10000,0,0,0
2907,500000,Female,Graduate,Single,38,0,0,0,74615,74399,4010,6720,5000,0
2908,500000,Male,University,Married,38,0,0,0,499231,511629,22600,501,6892,1
2909,100000,Male,University,Single,35,-1,2,2,8102,10252,2500,0,59265,1
2910,220000,Male,Graduate,Single,25,0,0,-1,29664,5995,1018,8424,20,0
2911,50000,Male,University,Single,40,0,0,0,40561,97214,18280,2284,311,0
2912,500000,Male,Graduate,Married,49,-1,-1,-1,1320,1320,1320,1320,1320,0
2913,50000,Female,Graduate,Single,29,-1,-1,-1,2459,2471,2471,6015,0,1
2914,200000,Female,Graduate,Married,45,-2,-2,-2,1417,12643,12660,3977,0,0
2915,320000,Female,University,Single,50,-1,0,-1,5714,7870,3000,342,2,0
2916,450000,Male,University,Single,29,1,2,0,16524,12624,676,1204,264,0
2917,20000,Male,High_School,Single,26,8,7,6,43340,42619,0,0,0,0
2918,310000,Female,University,Married,44,-1,-1,-2,500,0,0,0,0,0
2919,120000,Female,University,Single,23,0,0,0,100727,96551,4324,3234,1448,1
2920,200000,Female,University,Married,48,0,0,0,354304,303188,8000,5600,5600,0
2921,50000,Male,High_School,Married,53,0,0,0,49466,50544,2442,1669,330,0
2922,130000,Male,High_School,Married,48,0,0,0,100522,102650,4650,0,0,0
2923,50000,Female,University,Single,23,0,0,0,25421,26704,2000,1000,3400,0
2924,130000,Male,University,Single,26,0,0,0,16435,17166,1300,2600,1000,1
2925,50000,Female,University,Single,42,0,0,0,50221,49664,2215,1462,248,0
2926,30000,Male,University,Single,32,2,0,0,17287,14493,3000,3000,3000,0
2927,30000,Female,University,Married,34,2,2,2,24014,25891,2274,2217,1200,1
2928,160000,Male,Graduate,Single,34,-1,-1,-1,390,390,390,390,520,1
2929,50000,Male,Graduate,Single,27,0,0,0,43341,44442,1800,1729,3600,0
2930,80000,Female,University,Single,28,0,-1,-1,18112,8857,10084,79200,2108,0
2931,60000,Female,University,Single,25,0,0,0,50269,47809,4749,1621,1400,0
2932,230000,Female,Graduate,Single,27,1,2,0,46628,45253,0,1000,135,0
2933,390000,Female,Graduate,Single,30,0,0,0,86124,89129,4300,3437,3346,0
2934,110000,Female,University,Married,28,0,0,0,3242,4095,1300,1054,1000,0
2935,50000,Male,Graduate,Single,24,1,-2,-2,0,0,0,0,0,0
2936,20000,Female,University,Married,35,1,2,2,22382,20650,0,0,0,1
2937,100000,Male,University,Single,29,0,0,0,65324,11860,2106,0,0,0
2938,70000,Female,High_School,Married,33,0,0,0,32405,22484,10580,8009,10004,0
2939,150000,Male,University,Married,31,2,2,0,156286,148841,57,6203,2819,0
2940,390000,Male,Graduate,Single,31,0,0,0,19469,17227,2227,2400,2180,0
2941,50000,Male,University,Married,22,0,0,0,47559,50463,3690,2500,942,0
2942,90000,Male,University,Single,26,2,2,-1,121368,102385,0,95800,0,0
2943,290000,Female,University,Single,30,0,0,0,288994,296230,12549,7003,234456,1
2944,20000,Male,University,Single,24,0,0,2,19401,20610,3232,0,815,0
2945,90000,Female,Graduate,Single,28,0,0,2,87916,87459,5800,5400,5804,1
2946,260000,Male,High_School,Single,48,0,0,0,266762,268508,11500,10000,5731,0
2947,90000,Female,University,Single,26,0,0,0,92472,92518,4600,4100,3900,0
2948,100000,Female,University,Single,27,3,2,0,104489,101123,0,4384,341,1
2949,150000,Female,Graduate,Single,31,0,0,0,126419,128887,7000,12440,10000,0
2950,60000,Female,University,Married,46,0,0,0,60987,60832,2145,1612,1404,0
2951,80000,Male,University,Married,42,2,0,0,80586,77960,3000,3200,3000,0
2952,80000,Female,University,Married,24,-1,-1,-1,15621,3760,3768,1368,0,0
2953,30000,Female,University,Married,26,1,2,0,30349,29580,0,1200,256,0
2954,20000,Male,University,Married,38,-1,-1,-1,2638,3016,3016,3282,7055,0
2955,50000,Male,University,Single,24,0,0,-2,34500,0,0,0,0,0
2956,250000,Female,Graduate,Single,37,0,0,-1,43971,32009,1007,13346,9163,0
2957,50000,Female,Graduate,Single,22,0,0,0,41940,41811,1748,1253,2504,1
2958,120000,Female,High_School,Single,32,0,0,-1,5152,4529,1015,890,890,0
2959,20000,Female,University,Married,36,1,-2,-2,-25,-25,0,0,0,0
2960,280000,Female,High_School,Single,33,-1,-1,-1,2186,2186,2196,2194,2554,0
2961,50000,Female,Graduate,Married,35,0,0,0,46532,46624,3000,1200,9,0
2962,360000,Male,High_School,Single,49,-2,-2,-2,348,7963,8047,200222,1044,0
2963,100000,Male,Graduate,Single,32,-1,-1,-1,671,671,671,671,1642,1
2964,140000,Female,High_School,Married,42,2,2,2,47556,48802,2300,0,3800,0
2965,170000,Female,University,Married,33,0,0,0,172382,173101,6558,6316,3828,0
2966,50000,Female,University,Married,33,-1,0,0,25658,26539,1700,2080,3000,0
2967,50000,Male,High_School,Married,46,0,0,0,49083,27822,1463,1733,1150,0
2968,120000,Male,University,Married,47,-1,-1,-1,2486,151,260,5753,1153,1
2969,170000,Female,University,Single,38,0,0,0,86401,88991,3991,4071,4000,0
2970,380000,Male,University,Married,43,-1,0,0,195221,188328,8000,8263,7127,0
2971,400000,Female,High_School,Married,37,0,0,0,76917,79075,4000,4000,3000,0
2972,50000,Female,Graduate,Single,30,0,0,0,30145,26212,5000,2000,1000,0
2973,440000,Female,University,Married,42,1,-2,-2,22597,7288,7324,5683,20,0
2974,30000,Female,University,Married,24,2,2,2,150,150,0,0,0,0
2975,470000,Male,Graduate,Married,39,-1,-1,-1,5572,3595,3595,22816,2360,0
2976,180000,Female,High_School,Married,40,-1,-1,-2,1903,0,0,0,3155,0
2977,110000,Male,High_School,Single,32,0,-1,-1,34000,223,223,0,0,1
2978,300000,Male,Graduate,Single,25,0,0,0,76918,41773,4103,1427,600,0
2979,120000,Female,Graduate,Single,31,-1,-1,-1,325,325,325,325,325,0
2980,220000,Male,Graduate,Single,33,-2,-2,-2,3233,2106,2108,1332,1064,0
2981,50000,Male,Graduate,Single,27,0,0,0,50459,36307,1600,3071,500,0
2982,100000,Male,University,Married,43,1,-2,-2,0,0,0,0,0,0
2983,170000,Female,Graduate,Single,30,-2,-2,-2,3733,1958,1958,5956,1842,0
2984,360000,Female,Graduate,Single,37,-1,-1,-1,3355,5865,5865,3300,6290,0
2985,180000,Female,University,Single,43,0,0,0,4819,5240,1010,1003,496,0
2986,120000,Male,University,Single,27,0,0,0,33474,29029,1789,2037,659,0
2987,210000,Male,High_School,Single,32,-2,-1,-1,1649,1000,1000,0,1761,0
2988,60000,Male,University,Married,56,0,0,0,28842,30371,2000,2000,1315,1
2989,130000,Male,University,Married,40,0,0,0,20733,14261,7261,12272,10265,0
2990,50000,Female,High_School,Married,36,0,-1,0,3781,1710,1710,25000,754,0
2991,50000,Female,High_School,Married,52,1,2,0,30505,29731,0,1831,3000,1
2992,100000,Female,Graduate,Married,33,-1,-1,-2,3976,0,0,0,0,1
2993,150000,Female,High_School,Married,43,0,0,0,90606,93496,4348,3229,3150,0
2994,240000,Male,University,Married,38,2,-1,-1,6848,836,836,2508,0,1
2995,120000,Male,University,Single,38,-2,-2,-2,7787,3495,3505,1711,0,0
2996,80000,Female,University,Married,32,-1,-1,-1,199,199,199,199,199,1
2997,210000,Female,University,Married,27,2,2,0,174134,167095,16,6800,3800,1
2998,80000,Female,University,Single,37,-1,2,-1,1118,1102,0,10512,9529,0
2999,50000,Female,University,Married,38,0,0,2,20838,23204,3000,0,1000,1
3000,50000,Female,University,Single,52,0,0,0,50671,50525,1844,1292,804,0
3001,330000,Female,Graduate,Single,34,-1,-1,-1,1406,1467,1488,2599,17064,0
3002,230000,Male,High_School,Single,28,0,-1,-1,152966,65722,65722,20000,18844,0
3003,30000,Male,High_School,Married,44,4,3,2,7221,6962,0,0,0,1
3004,50000,Male,Graduate,Married,41,2,0,0,39159,40194,1669,1684,1600,1
3005,220000,Male,Graduate,Single,37,2,2,0,185955,181587,0,9000,7000,0
3006,270000,Female,Graduate,Single,27,0,0,0,11306,11263,1500,2000,2000,0
3007,160000,Male,Graduate,Married,44,0,0,0,156400,157923,7200,8000,5510,0
3008,10000,Female,University,Married,24,1,2,2,3892,3686,0,1600,0,0
3009,20000,Male,University,Single,25,0,0,0,15006,16166,1406,1400,0,0
3010,30000,Male,High_School,Single,25,2,2,2,22440,24168,2390,0,859,1
3011,210000,Female,University,Single,32,0,0,0,85965,88586,4000,7500,0,0
3012,250000,Female,University,Married,50,0,0,2,116256,122392,11500,0,3543,0
3013,50000,Male,University,Single,28,0,0,0,23244,24364,1500,1500,1000,0
3014,180000,Female,Graduate,Single,28,-2,-2,-2,584,1133,1133,572,803,0
3015,200000,Male,Graduate,Single,35,-1,-1,-1,7429,24325,24325,40265,15159,0
3016,350000,Male,Graduate,Married,38,-2,-2,-1,16459,4120,941,44743,0,1
3017,20000,Male,Graduate,Single,22,0,0,0,18093,18543,1300,1611,700,0
3018,30000,Male,High_School,Single,36,0,0,0,30328,29999,1768,0,0,1
3019,20000,Male,Graduate,Married,34,2,0,0,6099,7559,2000,2000,0,0
3020,140000,Female,High_School,Single,59,2,0,0,62042,63445,3000,2000,2000,1
3021,30000,Male,High_School,Married,44,2,2,2,18659,22544,4500,0,1500,1
3022,180000,Female,Graduate,Single,30,0,0,-1,15743,9814,1205,9402,0,0
3023,20000,Female,University,Single,25,0,0,0,8011,9041,1320,2181,900,0
3024,100000,Female,High_School,Married,36,2,2,2,53530,55081,3000,2000,4600,1
3025,100000,Female,High_School,Married,36,0,0,2,101972,115335,16608,0,4233,1
3026,20000,Male,University,Married,45,-2,-2,-2,0,0,0,0,0,0
3027,350000,Male,Graduate,Married,31,0,0,0,18685,21057,3000,3000,0,1
3028,80000,Female,University,Married,32,0,0,0,80237,69568,3000,2500,2000,0
3029,120000,Female,High_School,Married,49,0,0,0,44244,44075,2000,3000,2000,0
3030,210000,Female,University,Single,30,-1,0,0,1654,33257,32000,2000,1500,0
3031,120000,Male,Graduate,Married,37,-1,-1,-1,32050,3872,3872,52150,2740,0
3032,20000,Male,University,Single,22,0,0,2,8134,9992,2000,1000,1000,0
3033,200000,Male,High_School,Single,25,-2,-2,-2,848,753,753,547,2,0
3034,50000,Female,University,Single,54,-1,4,3,1126,1113,0,0,323,0
3035,170000,Male,University,Married,37,-2,-2,-2,5635,6321,6321,102108,2120,0
3036,450000,Male,Graduate,Married,37,1,-1,-1,0,245,245,0,0,0
3037,300000,Male,Graduate,Single,34,-1,-1,-1,396,396,396,396,0,0
3038,300000,Male,Graduate,Single,36,0,0,0,295433,301521,13000,13116,11000,0
3039,280000,Male,University,Married,37,-2,-1,-1,2035,11009,11009,9370,7486,0
3040,170000,Male,Graduate,Single,39,0,0,0,171160,187853,13000,6154,15000,0
3041,60000,Male,Graduate,Married,38,2,0,0,30013,31226,2000,2000,2800,1
3042,50000,Male,University,Single,29,0,0,0,23469,23110,1437,1236,649,0
3043,380000,Male,University,Married,38,-2,-2,-2,0,0,0,990,2086,0
3044,70000,Female,Graduate,Married,40,2,0,0,45251,42685,1800,3700,0,1
3045,430000,Male,Graduate,Married,48,-2,-2,-2,4469,52213,52226,46935,0,0
3046,180000,Male,Graduate,Married,38,-1,-1,-1,326,326,326,326,326,0
3047,330000,Female,University,Married,41,1,2,2,289884,283863,0,22200,12000,0
3048,250000,Female,Graduate,Single,26,-1,-1,-2,7374,0,0,0,0,0
3049,480000,Female,Graduate,Married,38,0,0,0,384150,392013,15000,16000,12008,0
3050,210000,Male,University,Single,37,-1,-1,-1,1890,3037,3037,1200,0,0
3051,160000,Male,University,Single,26,0,0,0,25060,24306,8026,7804,7730,0
3052,390000,Male,Other,Single,29,1,2,0,407399,397464,0,14414,14411,0
3053,280000,Male,Graduate,Married,44,1,-2,-2,-136,-496,360,360,360,0
3054,50000,Male,University,Married,33,-2,-2,-2,390,390,390,0,780,0
3055,350000,Male,Graduate,Married,60,1,-1,-1,0,1150,1150,4576,0,1
3056,230000,Female,Graduate,Single,40,-2,-2,-2,360,0,0,0,0,0
3057,200000,Male,High_School,Single,36,-2,-2,-2,5644,82620,89187,14178,41359,0
3058,30000,Male,University,Single,47,0,0,0,29596,29625,1600,1500,1500,0
3059,50000,Male,University,Married,37,-1,-1,-1,4719,22449,22530,6640,5410,0
3060,180000,Male,Graduate,Single,26,0,0,0,24464,25332,1573,3007,4394,0
3061,150000,Female,High_School,Married,45,0,0,0,141415,144592,5457,5661,4636,1
3062,70000,Male,Graduate,Single,27,0,0,0,39449,39742,2100,2000,1200,0
3063,150000,Male,University,Single,26,0,0,0,10111,9847,1158,1181,1500,0
3064,50000,Male,High_School,Single,25,1,2,2,43685,44694,2000,0,2000,0
3065,430000,Female,University,Married,42,0,0,0,89395,90052,3243,3200,3185,0
3066,70000,Male,Graduate,Single,25,-1,2,2,3635,4529,1100,0,624,1
3067,20000,Male,High_School,Single,36,1,-1,-1,0,832,832,0,832,0
3068,310000,Female,Graduate,Married,33,-2,-2,-2,115,894,894,0,0,1
3069,160000,Female,University,Married,23,0,0,0,96814,69870,10008,20014,1894,0
3070,30000,Male,High_School,Single,38,1,2,0,30771,29975,0,2000,1000,0
3071,480000,Female,High_School,Married,39,-2,-2,-1,51303,74639,73428,20496,34,0
3072,180000,Female,Graduate,Single,28,0,0,0,99307,104403,6700,10605,0,1
3073,210000,Male,University,Married,40,-1,-1,0,5130,15266,15266,2500,1200,0
3074,360000,Male,Graduate,Single,30,-1,-1,-1,312,312,313,313,313,1
3075,180000,Male,High_School,Single,31,2,2,0,36864,35587,0,1800,1230,0
3076,200000,Female,Graduate,Single,29,1,2,0,16198,14320,0,5000,1000,0
3077,50000,Male,High_School,Single,22,0,0,-1,48423,44450,2150,956,20,1
3078,240000,Male,University,Married,48,0,-1,-1,3972,783,783,0,0,1
3079,180000,Female,Graduate,Single,29,0,0,0,35619,22745,1745,1200,1531,0
3080,80000,Female,High_School,Married,33,-1,-1,0,325,107,107,1000,1338,0
3081,50000,Female,High_School,Married,32,0,0,0,42740,44744,3000,4000,1000,0
3082,280000,Female,University,Married,36,0,0,0,101803,100836,5005,7066,10000,0
3083,70000,Female,Graduate,Single,29,0,0,0,43462,41845,3000,3000,7000,0
3084,400000,Male,Graduate,Single,36,-1,-1,-1,6233,11152,11219,0,377,0
3085,210000,Female,High_School,Married,45,-1,-1,-1,430,430,430,430,430,0
3086,80000,Male,High_School,Single,33,0,0,0,55424,56598,2068,2081,2113,0
3087,30000,Female,University,Single,24,2,2,7,300,300,0,0,0,0
3088,310000,Male,University,Single,29,2,2,2,400,400,0,0,20334,0
3089,360000,Female,High_School,Single,27,1,-2,-2,0,0,0,0,0,0
3090,200000,Male,University,Single,28,-1,0,0,29804,30892,20044,10198,15083,0
3091,50000,Male,University,Married,33,0,0,0,50431,45619,1823,1500,1000,0
3092,320000,Female,University,Married,41,0,0,0,49846,53811,5000,2000,2000,0
3093,60000,Male,University,Single,27,0,0,0,23439,26042,3300,3900,1500,0
3094,230000,Female,Graduate,Single,30,2,2,2,216409,221419,10000,8500,8500,0
3095,150000,Female,Graduate,Married,44,-1,-1,-1,1843,1367,1367,0,0,1
3096,360000,Female,Graduate,Married,39,-1,-1,-1,165,853,853,165,300,0
3097,50000,Male,Graduate,Single,34,0,0,0,20613,28018,10000,10000,1500,0
3098,280000,Female,Graduate,Married,37,-1,-1,-1,3915,6686,6691,85,11045,0
3099,50000,Female,High_School,Married,50,0,0,0,38499,39216,1743,1021,200,0
3100,500000,Male,Graduate,Married,32,0,0,0,15491,22984,12992,2009,5000,0
3101,400000,Female,High_School,Married,41,0,0,0,18487,12366,2620,1000,0,1
3102,280000,Male,University,Single,28,-2,-2,-2,1799,1768,1782,1857,0,0
3103,360000,Female,University,Single,41,0,0,0,158277,203726,50000,100000,0,0
3104,260000,Female,Graduate,Single,29,1,-1,0,15502,16832,18000,16666,16666,1
3105,330000,Male,Graduate,Married,42,0,0,0,241191,114291,10000,5449,5000,0
3106,350000,Female,University,Married,33,-2,-2,-1,-7438,144562,152000,6000,5000,0
3107,500000,Female,University,Married,39,-1,-1,-1,36550,18752,18795,22398,39041,0
3108,440000,Female,Graduate,Married,35,0,0,0,128808,133340,10000,5000,5000,0
3109,260000,Male,University,Single,28,0,0,0,234867,237497,10500,9150,7500,0
3110,500000,Male,High_School,Married,48,0,0,0,36875,26031,1192,32382,2011,0
3111,100000,Male,University,Married,35,0,0,0,81415,80759,4000,3000,3004,0
3112,70000,Male,High_School,Married,47,0,0,0,67670,62529,2730,2490,1000,0
3113,440000,Male,Graduate,Single,43,0,0,0,58108,51013,2400,3000,2000,0
3114,220000,Female,Graduate,Married,44,-1,0,0,208858,212640,7611,7484,7109,0
3115,160000,Female,Graduate,Married,32,-1,-1,-1,3189,3203,3248,3421,2750,0
3116,200000,Male,University,Married,46,-1,2,-1,7340,5980,0,4486,10000,0
3117,30000,Female,University,Single,25,0,0,0,24458,29022,5000,1518,529,0
3118,110000,Female,Graduate,Single,27,0,0,0,113461,112026,4251,4218,4167,0
3119,60000,Female,University,Married,43,0,0,0,57033,58994,2880,2473,1322,0
3120,260000,Male,Graduate,Single,28,-1,-1,-1,76996,11515,11515,13419,22209,0
3121,110000,Male,University,Married,36,0,0,0,109361,102505,3940,3256,2696,0
3122,260000,Male,High_School,Married,44,0,0,0,257987,260104,7100,135546,4500,0
3123,280000,Female,Graduate,Single,32,0,0,0,157480,155362,6400,6100,5600,0
3124,210000,Male,Graduate,Single,30,-1,-1,-1,462,562,1032,2234,0,0
3125,80000,Female,University,Married,37,0,-1,0,5744,33115,33115,1568,1246,0
3126,200000,Female,Graduate,Single,37,0,0,0,75360,57589,2050,15000,6003,0
3127,100000,Female,University,Single,33,2,2,0,74763,73010,0,3000,2000,0
3128,210000,Male,University,Married,42,-1,-1,-1,9377,9534,9540,9856,9905,0
3129,140000,Female,University,Single,35,1,2,0,148305,141907,0,7000,3923,0
3130,180000,Male,Graduate,Single,29,0,0,0,93962,95955,3500,4000,8600,0
3131,240000,Female,University,Single,34,0,0,0,122810,114408,10066,7255,3035,0
3132,150000,Female,Graduate,Single,24,-1,-1,-1,4857,1729,1733,49200,1000,0
3133,80000,Male,University,Married,54,0,0,0,105365,108702,5030,2698,2172,1
3134,210000,Female,University,Married,37,0,0,-2,22908,32513,32513,9,8,1
3135,180000,Female,Graduate,Single,28,0,0,0,12595,18704,7000,7000,7000,0
3136,100000,Female,Graduate,Single,26,0,0,0,96353,99710,4900,5000,4000,0
3137,20000,Male,Graduate,Single,28,0,0,0,17359,16828,2700,4150,1500,0
3138,140000,Male,University,Single,34,0,0,0,128312,119084,5000,2200,2300,0
3139,200000,Male,High_School,Single,40,-2,-2,-2,390,1799,1799,390,390,0
3140,80000,Male,University,Single,25,0,0,0,77142,45209,2000,2000,2000,0
3141,20000,Female,University,Single,49,1,2,2,18718,18132,0,3000,0,1
3142,80000,Female,University,Single,24,-2,-2,-2,0,0,0,0,0,0
3143,170000,Female,Graduate,Married,41,0,0,0,165602,138507,80000,4742,2022,0
3144,70000,Female,University,Married,41,2,2,2,50241,51145,2000,0,4200,1
3145,90000,Female,High_School,Married,40,-1,-1,-1,3569,7319,7385,7608,1720,0
3146,30000,Male,University,Single,30,0,0,0,22221,23248,1391,1403,886,0
3147,50000,Male,Graduate,Single,25,-1,-1,-1,2543,14335,14439,566,5243,0
3148,50000,Female,University,Single,21,-1,-1,-1,390,1499,1499,780,797,1
3149,260000,Female,Graduate,Single,39,0,0,0,231024,208119,10000,10000,8000,0
3150,360000,Female,Graduate,Married,33,-1,-1,-1,50067,17607,17607,41285,8882,0
3151,500000,Female,High_School,Single,52,-2,-2,-2,0,0,0,0,0,1
3152,160000,Male,High_School,Married,46,2,2,0,168501,160421,0,6322,2275,0
3153,460000,Female,Graduate,Single,39,0,0,0,89095,93634,6000,20000,90000,0
3154,20000,Female,University,Single,26,2,0,0,19366,19297,1800,1500,500,1
3155,360000,Male,University,Single,25,1,-1,2,0,1647,1647,5,2,0
3156,300000,Female,Graduate,Married,38,-1,-1,-1,1008,228,228,0,0,0
3157,70000,Female,University,Married,28,1,3,2,29836,30856,1800,600,2000,1
3158,50000,Female,Graduate,Single,26,0,0,0,26808,44361,30040,2037,592,0
3159,150000,Female,High_School,Married,51,0,0,0,113647,117322,5001,4000,6006,0
3160,390000,Male,University,Married,42,-1,-1,-1,1565,1733,1733,2492,2637,0
3161,280000,Male,Graduate,Single,37,0,0,0,251486,245307,9352,8077,7171,0
3162,50000,Female,High_School,Married,28,0,0,-1,3377,4256,1000,4207,694,0
3163,280000,Female,Graduate,Single,38,1,-2,-1,0,0,0,3898,1460,1
3164,50000,Female,University,Married,41,1,-2,-2,0,0,0,0,0,0
3165,50000,Male,Graduate,Single,32,0,0,0,13185,5070,1255,2000,0,0
3166,150000,Female,Graduate,Single,28,-2,-2,-2,0,0,0,0,0,0
3167,120000,Female,Graduate,Single,31,1,-1,-1,0,1730,1730,2459,0,1
3168,360000,Female,University,Single,37,0,0,0,10764,8874,1052,1002,328,0
3169,20000,Male,University,Single,33,-1,0,0,3010,1603,1272,19288,681,0
3170,50000,Female,High_School,Married,46,0,0,0,48797,49115,2000,1018,0,0
3171,20000,Female,Graduate,Single,23,1,2,2,10407,10096,0,2000,0,1
3172,90000,Male,University,Married,35,0,0,0,90467,88834,4000,5000,3100,1
3173,230000,Male,University,Married,35,0,0,0,176853,180639,10000,5000,0,0
3174,20000,Male,University,Single,22,-1,2,0,17990,17413,0,1502,822,0
3175,100000,Female,University,Single,23,-2,-2,-2,45756,9187,9187,5408,12920,0
3176,270000,Male,University,Single,26,0,0,0,214277,199757,10000,7500,8000,0
3177,160000,Male,University,Single,28,-1,-1,-1,1390,550,550,550,550,0
3178,80000,Female,University,Single,29,0,0,0,46724,35074,2000,2000,1100,0
3179,10000,Male,Graduate,Single,24,2,0,0,7554,8287,1500,2000,700,1
3180,500000,Female,University,Married,27,-2,-2,-2,11354,9983,9983,13587,10000,0
3181,90000,Female,Graduate,Married,43,-1,-1,2,16139,7199,4367,9,7660,0
3182,150000,Female,High_School,Married,59,-2,-2,-2,11067,12367,12405,10557,9974,0
3183,50000,Male,High_School,Married,49,0,-1,-1,2522,1173,1173,0,3000,0
3184,260000,Male,High_School,Married,48,0,0,0,200716,203751,8812,9158,0,0
3185,50000,Female,University,Single,22,-2,-1,0,836,10214,10214,2000,0,0
3186,30000,Male,Graduate,Single,28,-1,2,2,1190,2107,1098,0,0,1
3187,70000,Male,University,Single,26,2,2,2,46599,45578,0,4000,0,0
3188,360000,Male,Graduate,Married,52,1,-2,-2,0,0,0,0,0,1
3189,430000,Female,Graduate,Single,39,-2,-1,-1,673,4549,4576,7642,990,0
3190,50000,Female,University,Single,23,-1,0,0,1291,2075,1100,1181,300,0
3191,150000,Female,Other,Single,26,0,0,2,22683,24349,2219,0,0,0
3192,70000,Female,University,Single,23,1,2,0,17461,16892,0,1400,1600,1
3193,150000,Female,Graduate,Single,25,0,0,0,42437,35082,2265,2538,277,0
3194,110000,Male,High_School,Married,38,0,0,0,14084,11129,2500,2500,1000,0
3195,20000,Female,Graduate,Single,38,-1,0,0,3527,4556,1241,1700,0,1
3196,20000,Male,High_School,Single,39,0,0,0,7824,9000,1307,1174,2236,0
3197,50000,Male,Graduate,Single,31,-2,-2,-2,11479,12002,12002,3508,339,0
3198,10000,Male,Graduate,Single,33,0,0,0,8417,6281,1700,4700,2502,0
3199,20000,Male,University,Single,24,0,0,2,15703,19775,4663,0,1000,0
3200,180000,Male,University,Single,34,1,-2,-2,149172,100466,4600,4207,3500,1
3201,60000,Female,University,Married,26,0,0,2,60597,61332,5504,0,2304,1
3202,20000,Male,Graduate,Married,30,1,2,2,6885,8627,2000,0,1855,1
3203,70000,Female,Graduate,Single,25,0,0,0,71106,67954,3292,3290,1706,0
3204,60000,Female,University,Married,38,0,0,0,48399,48241,1764,1400,5000,0
3205,200000,Male,Graduate,Single,28,-2,-2,-2,3330,2665,2686,115916,21722,0
3206,200000,Male,Graduate,Single,34,1,-2,-1,-1730,-1730,0,3000,0,1
3207,300000,Female,Graduate,Married,37,-1,-1,0,3144,5688,5734,2018,3138,0
3208,390000,Male,Graduate,Single,34,-1,-1,-1,13006,522,524,1790,7957,0
3209,80000,Female,University,Married,23,0,0,0,72364,64105,2756,1366,1000,0
3210,100000,Female,Graduate,Single,25,-1,-1,-1,12660,5000,5000,0,6272,0
3211,230000,Male,High_School,Single,30,1,2,2,213894,218966,10040,28341,0,0
3212,40000,Female,High_School,Married,49,1,-2,-2,0,0,0,0,0,0
3213,180000,Female,University,Married,25,0,0,0,33322,29500,1900,1864,600,0
3214,420000,Male,University,Single,28,0,0,0,22872,23309,1700,2000,1500,0
3215,20000,Male,University,Married,59,0,0,-1,2946,0,0,1473,240,0
3216,340000,Female,University,Married,31,-1,0,0,33639,37373,5000,5000,3000,0
3217,20000,Female,Graduate,Single,25,2,2,2,9317,18576,10000,800,0,1
3218,320000,Male,High_School,Single,52,0,0,0,31858,33562,5000,5000,5000,0
3219,360000,Male,Graduate,Married,39,-2,-2,-2,0,0,0,0,0,0
3220,100000,Female,Graduate,Single,29,0,0,0,33330,36282,3500,3000,5000,0
3221,310000,Female,Graduate,Single,36,-2,-2,-2,0,298887,298887,0,0,0
3222,140000,Female,University,Single,24,0,0,0,35806,36823,3000,1580,1294,0
3223,200000,Male,University,Single,33,1,2,2,98990,96566,0,9000,0,0
3224,30000,Female,University,Single,28,-1,-1,-2,1743,0,0,0,2779,1
3225,130000,Female,High_School,Married,25,0,0,0,132110,133734,6359,4505,4530,0
3226,20000,Female,High_School,Married,44,0,0,2,17095,19112,3000,0,1000,0
3227,120000,Female,Other,Married,57,0,0,0,116497,109247,5000,5007,5000,0
3228,190000,Female,Graduate,Single,32,-2,-2,-2,8010,922,922,3208,15010,0
3229,50000,Female,University,Married,26,0,0,0,43721,42060,2228,2500,1660,0
3230,130000,Female,Other,Single,27,0,0,0,107599,109902,4030,4600,4200,0
3231,220000,Female,University,Married,48,0,0,0,28132,30362,2700,1534,1700,1
3232,200000,Female,University,Married,29,0,0,0,70422,67991,3500,2472,1683,0
3233,50000,Female,High_School,Married,59,0,0,0,37201,27863,1503,1352,1073,0
3234,30000,Female,University,Married,26,2,2,2,30954,30670,2074,0,2304,0
3235,200000,Female,University,Married,33,1,-2,-2,0,0,0,0,0,0
3236,400000,Female,High_School,Married,50,2,-1,-1,5523,8033,8037,0,550,1
3237,120000,Female,Graduate,Married,41,0,0,0,118847,113190,5000,6000,5000,0
3238,60000,Female,University,Married,38,0,0,0,45972,49874,5000,5000,5000,0
3239,150000,Female,Graduate,Single,25,-1,-1,0,3167,13680,13879,4000,0,0
3240,240000,Female,University,Married,44,-2,-1,-1,16925,1411,1411,1200,0,0
3241,130000,Male,University,Single,29,-1,-1,-2,3594,0,0,0,0,0
3242,200000,Male,High_School,Married,40,2,0,0,91368,92989,4000,8300,4000,1
3243,240000,Female,University,Married,56,2,2,-2,2500,0,0,0,0,1
3244,30000,Female,Graduate,Single,22,-1,-1,2,14885,16579,1939,1500,8213,1
3245,50000,Female,University,Married,26,0,0,0,44335,44626,2126,2104,990,0
3246,30000,Male,University,Single,26,2,0,0,13660,14708,1269,3286,2881,0
3247,310000,Male,Graduate,Married,33,-2,-2,-2,0,0,0,0,0,0
3248,120000,Female,University,Single,28,2,2,2,111840,114252,5300,3600,0,1
3249,290000,Female,University,Married,34,0,0,0,16196,17220,1292,1303,665,0
3250,50000,Male,University,Single,45,0,0,0,45911,47521,2350,2421,298,0
3251,130000,Female,Graduate,Single,27,0,0,0,86883,99516,40000,3400,3000,0
3252,50000,Male,Other,Married,30,0,0,0,47311,44136,2900,1035,500,0
3253,210000,Female,University,Married,33,-1,-1,-1,98,1090,1120,0,0,0
3254,50000,Male,High_School,Married,47,1,3,2,4759,4540,0,0,0,1
3255,10000,Female,University,Single,40,0,0,0,6160,6787,1123,1103,243,0
3256,10000,Male,High_School,Single,22,0,0,0,5757,6706,1200,1128,286,0
3257,80000,Female,University,Single,24,2,2,3,75444,80025,6400,0,6300,1
3258,360000,Male,University,Married,65,1,-2,-2,0,0,0,0,0,1
3259,530000,Male,Graduate,Single,32,-2,-2,-1,12451,24095,24120,15791,12808,0
3260,20000,Male,University,Single,46,0,0,0,20376,19927,2000,1500,607,0
3261,170000,Male,University,Married,42,0,0,0,131629,131374,5300,5100,5000,0
3262,220000,Female,University,Married,33,-1,-1,-1,16090,4991,4991,0,20000,0
3263,180000,Male,High_School,Married,40,-1,-1,-1,991,991,991,1316,0,0
3264,440000,Female,Graduate,Married,37,-1,-1,-1,5302,13333,13333,1383,0,0
3265,20000,Male,University,Married,62,2,0,0,17870,18740,1462,1367,682,1
3266,400000,Female,University,Single,39,1,-2,-2,0,0,0,0,0,1
3267,130000,Male,University,Single,27,0,0,0,44826,40650,1092,0,0,0
3268,420000,Male,Graduate,Single,29,0,0,0,194505,144086,5479,5502,4193,0
3269,80000,Female,University,Married,34,0,0,0,78688,80539,4000,2333,3032,0
3270,20000,Female,University,Married,45,0,0,0,18569,40278,2500,3000,1000,0
3271,320000,Female,University,Single,29,1,2,0,93070,90725,0,3500,15100,1
3272,160000,Male,Graduate,Married,40,0,0,0,27563,28350,5002,5000,14400,0
3273,50000,Female,University,Single,23,0,0,0,48725,51175,4987,1661,2000,0
3274,50000,Male,University,Single,35,0,0,0,14536,10827,2000,2000,2000,0
3275,70000,Female,University,Married,43,0,0,0,71037,71880,3352,3400,2900,0
3276,20000,Male,High_School,Single,59,1,2,2,19074,18482,0,2300,0,1
3277,160000,Female,University,Single,24,0,0,0,157389,158475,6800,6500,6000,0
3278,130000,Female,Graduate,Single,33,1,-2,-2,0,0,0,0,0,1
3279,20000,Female,Graduate,Single,23,0,0,3,16918,20627,4000,1,651,0
3280,170000,Female,University,Married,48,-2,-2,-1,18727,64028,66513,108323,13608,0
3281,300000,Female,Graduate,Single,39,-1,-1,-1,729,0,0,236,800,0
3282,160000,Female,Graduate,Single,31,-1,-1,-1,1672,4411,4411,504,0,0
3283,110000,Female,High_School,Married,52,1,-2,-1,0,0,0,1000,0,0
3284,230000,Female,Graduate,Single,27,0,0,0,92167,92799,3340,3401,3420,0
3285,60000,Female,University,Single,21,0,0,0,40969,32724,1859,1410,910,0
3286,280000,Male,Graduate,Married,35,0,0,0,146368,244092,101585,90762,50119,0
3287,180000,Female,Graduate,Single,47,1,-2,-1,-6,-6,0,1257,0,0
3288,30000,Female,Graduate,Married,30,2,2,2,12109,12917,1300,1500,0,1
3289,50000,Female,University,Single,28,0,0,0,48010,40668,5000,2000,5000,0
3290,270000,Female,University,Married,41,-1,2,-1,832,416,0,832,0,0
3291,80000,Female,University,Single,24,-1,-1,-2,2346,0,0,0,0,1
3292,120000,Male,Graduate,Single,31,2,0,0,25719,29961,5000,3000,0,1
3293,120000,Male,High_School,Married,53,-1,-1,-1,291,291,291,0,582,0
3294,30000,Male,Graduate,Single,23,0,0,0,29025,28331,1507,5538,1030,0
3295,380000,Male,Graduate,Single,36,0,0,0,68943,75024,8000,5000,2500,0
3296,80000,Female,University,Married,37,2,2,2,80508,81731,3100,0,2000,1
3297,20000,Female,University,Single,26,0,0,0,17938,18798,1456,1005,160,0
3298,160000,Male,High_School,Married,34,-1,0,0,2947,4593,2000,2000,1000,0
3299,230000,Female,University,Single,26,-1,-1,-1,8328,0,0,600,0,1
3300,370000,Male,University,Single,39,2,0,0,334394,337272,14005,12004,12362,1
3301,30000,Female,High_School,Married,41,1,2,0,29717,28569,0,2000,2200,0
3302,20000,Female,University,Single,24,0,0,0,20073,19940,1319,1291,656,0
3303,20000,Male,University,Single,23,1,3,2,17529,16967,0,780,0,1
3304,470000,Male,University,Married,52,0,0,0,84672,86821,5000,5000,5000,0
3305,220000,Female,University,Single,29,0,0,0,36106,33494,3000,3000,6000,1
3306,80000,Male,High_School,Single,32,0,0,0,78887,69433,2569,2000,2000,0
3307,180000,Female,University,Married,33,-2,-2,-2,0,0,0,0,0,0
3308,100000,Female,University,Single,39,0,0,-1,24110,10497,2000,20159,500,0
3309,10000,Female,University,Single,21,0,0,0,7888,8987,1383,1000,196,0
3310,280000,Female,University,Married,51,-2,-2,-2,2477,3470,3470,0,0,0
3311,110000,Female,Graduate,Married,31,2,2,2,107507,108067,7960,0,3000,1
3312,210000,Female,Graduate,Single,27,0,0,0,135066,121769,5600,4000,3220,0
3313,200000,Female,Graduate,Married,36,0,-1,-1,10317,5755,5788,8587,5314,0
3314,260000,Male,Graduate,Single,27,-1,-1,-1,868,1317,1320,1770,31744,0
3315,600000,Male,Graduate,Single,36,-2,-2,-2,-1,-1,0,1096,4,0
3316,330000,Male,University,Married,47,-2,-2,-1,19540,23240,25487,166744,60057,0
3317,500000,Female,Graduate,Single,31,0,0,0,258257,247282,25239,18011,13014,0
3318,200000,Male,Graduate,Single,29,-1,-1,-1,7505,5894,5919,3017,1720,0
3319,200000,Male,University,Married,36,2,-1,-1,7300,3238,3238,2655,0,1
3320,210000,Female,University,Single,27,-1,-1,-1,5353,280,280,4609,94,0
3321,500000,Female,Graduate,Married,46,-2,-2,-2,3982,3700,3718,13023,9070,0
3322,10000,Female,University,Married,44,0,0,0,4125,5275,1275,0,0,0
3323,160000,Female,Graduate,Single,24,0,0,-2,37000,0,0,0,0,0
3324,50000,Female,High_School,Married,42,0,0,0,50906,48888,2009,1180,1000,0
3325,130000,Male,University,Single,33,1,2,2,130565,131878,5012,0,4000,0
3326,140000,Female,Graduate,Single,28,0,0,0,138036,140922,6600,7000,5300,1
3327,80000,Female,University,Single,45,0,0,-2,83150,-8000,0,8000,0,0
3328,500000,Female,Graduate,Single,31,-2,-2,-2,17496,1001,2000,5000,37223,1
3329,500000,Female,University,Married,39,0,0,0,146700,126765,4585,3789,3942,0
3330,320000,Female,University,Married,35,0,0,0,4050,4914,1073,1789,0,0
3331,50000,Male,University,Single,29,1,2,0,49612,48546,0,1900,1333,0
3332,120000,Female,University,Single,40,0,0,0,4180,5100,1000,0,0,0
3333,500000,Male,Graduate,Married,59,-2,-2,-2,0,0,0,994,3342,1
3334,290000,Female,University,Married,42,-2,-1,-1,-132,18364,18496,2429,4598,0
3335,280000,Male,Graduate,Married,50,-1,-1,-1,19378,347,348,4399,18,0
3336,30000,Female,High_School,Married,41,0,0,0,39230,37737,1618,2000,1500,1
3337,80000,Male,Graduate,Single,31,1,2,2,21004,20384,0,2500,0,1
3338,50000,Male,University,Single,24,0,0,0,48136,72898,3700,5396,6,0
3339,10000,Male,High_School,Single,24,1,2,2,7826,8745,1200,0,900,0
3340,550000,Male,Graduate,Married,49,-1,-1,-1,42141,1515,1522,1495,18426,1
3341,60000,Male,University,Single,41,0,-1,-1,14895,6750,6750,5784,5246,0
3342,140000,Female,University,Married,28,0,0,0,5925,7729,2000,0,150,0
3343,50000,Female,University,Single,28,0,0,0,46096,25370,1442,1403,1000,0
3344,300000,Female,University,Married,27,0,0,0,286321,283547,20000,12003,10524,1
3345,30000,Female,High_School,Married,29,2,2,2,26836,28894,2500,2670,2000,1
3346,50000,Female,University,Single,25,1,-2,-2,0,0,0,0,0,1
3347,250000,Female,University,Married,33,2,2,-2,2500,0,0,0,0,1
3348,60000,Male,Graduate,Single,39,0,0,0,54978,56144,2050,2053,2219,0
3349,80000,Male,High_School,Single,44,2,0,0,57076,58358,2800,2200,4700,0
3350,480000,Male,Graduate,Single,33,1,-2,-2,-897,-897,0,0,0,0
3351,30000,Male,University,Married,44,1,3,2,23171,22523,0,0,1800,1
3352,10000,Female,University,Single,25,0,0,0,9150,9206,1185,1030,1000,0
3353,410000,Female,Graduate,Single,41,-2,-2,-2,0,0,0,0,150,0
3354,100000,Male,Graduate,Married,33,0,0,2,38219,42604,5000,3000,2000,0
3355,200000,Male,High_School,Married,41,0,0,0,84573,76348,2544,1433,3224,0
3356,380000,Female,University,Married,48,0,0,0,363191,373421,15504,14000,12500,0
3357,100000,Male,University,Single,27,0,0,0,41298,42448,2000,2500,4900,0
3358,50000,Female,High_School,Married,27,0,0,0,37651,38498,1754,2900,0,1
3359,130000,Female,University,Married,28,0,0,0,107216,91888,4000,4000,8000,1
3360,120000,Male,University,Single,34,0,0,0,131773,58259,3000,1944,5000,0
3361,150000,Female,University,Married,42,0,0,0,139172,141401,6022,5022,5100,0
3362,310000,Female,Graduate,Married,39,-1,-1,-1,1989,4566,4566,5433,5724,0
3363,110000,Female,University,Single,51,-2,-2,-2,150000,0,0,0,3007,0
3364,420000,Male,University,Married,37,0,0,0,415257,411624,16850,15522,14000,1
3365,140000,Male,University,Married,28,-1,-1,-1,6007,7332,7340,7983,0,1
3366,500000,Female,Graduate,Married,37,1,-2,-2,0,0,0,0,0,1
3367,260000,Female,University,Single,26,0,0,2,258364,279322,45446,9000,0,0
3368,90000,Female,University,Married,48,-1,-1,-1,316,316,316,316,316,1
3369,90000,Female,University,Single,41,-1,0,0,48276,47820,2281,1219,1164,0
3370,20000,Male,High_School,Single,35,-1,3,2,8918,8634,0,0,4000,0
3371,30000,Male,University,Single,36,0,0,0,36124,35538,2500,2215,1156,1
3372,140000,Female,University,Married,36,0,0,0,45849,46909,2100,2100,1900,0
3373,340000,Female,University,Single,32,0,0,0,80174,82761,3871,3136,3014,0
3374,120000,Female,Graduate,Single,31,-2,-2,-2,-66,-33,0,0,0,0
3375,420000,Male,Graduate,Married,34,-1,0,0,18037,9944,3048,3016,0,0
3376,100000,Male,High_School,Married,48,-2,-2,-2,6345,0,0,0,0,0
3377,350000,Female,University,Single,37,0,0,0,128146,117713,4052,1700,1500,0
3378,50000,Male,University,Married,26,0,0,0,48992,49689,1769,1003,189,0
3379,30000,Female,Graduate,Single,28,2,2,4,37,37,0,0,0,0
3380,360000,Female,Graduate,Single,29,-1,-1,-1,1766,4500,4534,14697,0,0
3381,20000,Female,High_School,Single,23,-1,-1,-1,17432,1165,1165,19325,386,0
3382,400000,Female,University,Single,38,0,0,0,2988,3983,1222,1000,1200,0
3383,170000,Male,High_School,Married,45,0,0,0,40441,40937,5000,2000,2000,0
3384,110000,Female,University,Married,36,1,2,0,10448,10144,0,5000,5000,1
3385,200000,Female,University,Married,37,-1,-1,-1,390,31638,31638,770,2118,1
3386,200000,Female,Graduate,Married,32,-2,-2,-2,6540,17288,17301,3009,26257,0
3387,360000,Male,Graduate,Single,29,-1,-1,-1,5143,2092,6159,1870,969,0
3388,500000,Male,Graduate,Married,37,-1,-1,-1,1961,1188,1188,0,300,0
3389,20000,Male,University,Single,22,0,0,0,18462,16699,1510,3875,759,0
3390,270000,Male,High_School,Married,32,3,2,0,150616,146262,0,7100,5500,0
3391,20000,Male,University,Single,44,1,2,0,6535,6285,0,1500,1000,1
3392,350000,Female,Graduate,Married,43,-2,-2,-2,0,0,0,0,0,0
3393,150000,Female,University,Married,26,0,0,-1,115786,123423,10000,5250,0,0
3394,260000,Female,Graduate,Single,30,0,0,0,83138,93416,14038,5018,10000,0
3395,90000,Male,Graduate,Single,33,-1,-1,2,1650,721,721,0,2833,0
3396,310000,Female,University,Married,32,0,0,0,162530,155831,6100,4252,5000,0
3397,210000,Female,Graduate,Single,43,1,-1,0,-3309,177952,184212,5482,3493,0
3398,40000,Female,University,Married,45,1,2,0,11402,10928,0,1200,500,1
3399,80000,Female,University,Married,25,1,-2,-2,0,0,0,0,0,0
3400,50000,Male,High_School,Single,22,0,0,0,6673,5054,1056,1000,40,1
3401,370000,Female,Graduate,Married,46,-1,-1,-1,26555,1572,1572,166235,3372,0
3402,130000,Male,University,Single,28,0,0,0,113613,112867,5847,3413,3872,0
3403,710000,Female,University,Married,40,-2,-2,-2,5200,0,0,0,1004,1
3404,180000,Female,High_School,Single,24,1,-1,-1,0,35300,35300,1000,0,0
3405,80000,Female,University,Married,30,0,0,0,42755,45053,3000,1800,3000,0
3406,560000,Female,Graduate,Single,32,0,0,0,68199,31211,1548,1446,14720,0
3407,170000,Female,Graduate,Single,26,0,0,0,47642,40779,4000,2006,1000,0
3408,30000,Female,High_School,Married,63,-1,-1,-1,8866,5884,5884,11146,0,0
3409,430000,Female,Graduate,Single,30,-1,-1,-1,2202,7172,7232,4723,2035,0
3410,500000,Female,University,Married,37,-1,-1,-1,7325,355,355,355,1204,0
3411,10000,Male,University,Single,26,0,0,0,7606,7030,2000,2000,1000,1
3412,130000,Female,Graduate,Single,25,0,0,0,5279,7887,4000,4000,2500,0
3413,160000,Female,University,Single,50,-2,-2,-2,3,3,13333,13333,13333,0
3414,150000,Male,Graduate,Single,33,1,2,2,88590,85800,0,7400,0,1
3415,340000,Female,University,Married,43,-2,-2,-2,33245,249,249,27477,0,0
3416,200000,Female,University,Married,37,0,0,0,184144,189158,8017,8000,8000,0
3417,130000,Male,University,Single,37,0,0,0,125780,128768,6500,5000,5000,0
3418,320000,Female,High_School,Married,30,0,0,0,49889,51151,2825,2961,1600,0
3419,50000,Male,High_School,Married,54,2,0,0,55518,52931,3000,4000,53083,0
3420,360000,Male,Graduate,Married,46,-1,-1,-1,2171,1063,1068,91679,45086,0
3421,420000,Female,University,Single,29,0,0,0,408568,418589,18000,18691,5027,0
3422,110000,Male,Graduate,Single,30,1,2,-1,2932,2373,0,2373,1475,0
3423,80000,Male,University,Single,35,0,0,0,26994,28659,2000,30000,1000,0
3424,60000,Female,High_School,Married,43,0,0,0,60283,61227,3000,1700,1135,1
3425,60000,Male,University,Single,24,0,0,0,47757,26340,1468,2000,0,0
3426,210000,Male,University,Single,26,0,0,0,186109,168198,5929,3272,4362,0
3427,360000,Female,Graduate,Married,46,0,-1,0,42094,10594,10600,30000,20000,0
3428,20000,Male,University,Single,48,0,0,2,6111,10479,4500,0,1000,0
3429,150000,Female,Graduate,Single,42,1,-2,-2,-874,-874,0,0,0,0
3430,310000,Male,High_School,Single,30,-2,-2,-2,-44,-44,0,8959,0,0
3431,240000,Female,University,Married,40,-1,-1,-1,3571,2298,2309,2637,2,1
3432,160000,Female,High_School,Married,55,-1,-1,-1,4144,2016,2016,3399,1449,0
3433,240000,Female,Graduate,Single,40,-1,2,2,1841,764,2,0,0,0
3434,20000,Male,Graduate,Single,22,0,0,0,14677,16625,3004,3006,3007,0
3435,190000,Male,Graduate,Married,55,-1,-1,-1,390,390,390,390,390,1
3436,280000,Female,University,Married,40,1,-2,-2,-10,-10,0,0,0,0
3437,80000,Male,University,Single,58,0,0,0,3719,4444,1000,0,0,0
3438,290000,Female,High_School,Married,49,0,0,0,169004,166920,7600,7521,3804,0
3439,200000,Female,Graduate,Married,34,-1,-1,-1,3987,1631,1631,21698,12657,0
3440,320000,Male,Graduate,Married,50,-2,-2,-2,6426,-4,0,824,31144,0
3441,350000,Female,University,Single,27,0,0,0,16022,17059,1600,1300,650,0
3442,110000,Male,Graduate,Single,33,0,0,2,39768,44333,5548,0,5651,0
3443,300000,Female,University,Married,37,1,-2,-2,0,0,0,0,363,1
3444,500000,Female,Graduate,Married,44,1,-1,-1,706,1108,1242,380,22,0
3445,120000,Female,Graduate,Single,35,-1,-1,-1,500,2483,2483,252,1579,0
3446,80000,Female,High_School,Single,31,0,0,0,5154,5390,1124,1010,1322,0
3447,200000,Female,University,Single,33,0,0,0,198878,195883,7700,7527,4900,1
3448,150000,Female,Graduate,Single,26,-1,-1,-1,1551,2961,2990,4175,1707,1
3449,150000,Female,Graduate,Single,40,0,0,0,145074,152179,11000,6000,40000,0
3450,210000,Male,University,Married,42,1,-2,-2,652,0,0,326,326,0
3451,150000,Male,University,Single,36,-1,-1,-2,5382,0,0,0,0,1
3452,50000,Female,Graduate,Single,26,0,0,2,39052,44416,6000,0,2000,0
3453,80000,Male,University,Married,33,0,0,0,79537,76226,2359,1745,1725,0
3454,50000,Male,University,Married,34,0,0,-1,2522,0,0,2522,0,0
3455,20000,Female,University,Married,50,2,0,0,17393,18119,1315,2401,900,0
3456,50000,Male,University,Married,37,0,0,0,27516,28871,2000,1435,1149,0
3457,50000,Male,Graduate,Single,29,1,2,2,14497,13975,0,12000,1100,0
3458,280000,Male,University,Married,46,1,2,2,188894,194489,10101,8000,0,1
3459,230000,Male,University,Married,51,0,0,0,197993,84076,2965,3500,2600,0
3460,230000,Male,University,Single,30,0,0,2,38651,45681,8000,0,4970,1
3461,80000,Female,High_School,Married,37,0,0,0,63185,62209,5021,10036,3000,0
3462,60000,Female,University,Single,35,0,0,2,12695,15453,3000,0,2000,0
3463,200000,Male,University,Married,37,0,0,0,199669,204168,9300,7851,6400,0
3464,30000,Female,High_School,Single,22,-1,-1,0,-854,29393,33404,1000,2390,0
3465,340000,Female,Graduate,Single,34,-1,-1,-1,32488,42449,42552,30084,29033,0
3466,250000,Female,University,Married,40,-1,-1,-1,4843,2942,2942,1057,1708,0
3467,200000,Male,Graduate,Married,52,-1,-1,-1,1015,932,934,1461,823,0
3468,150000,Male,Graduate,Single,39,0,0,0,146736,149030,7027,6000,3220,0
3469,100000,Female,High_School,Married,53,1,-2,-2,0,0,0,0,0,0
3470,220000,Female,University,Married,41,0,0,0,126532,90013,4500,4006,3000,0
3471,140000,Male,Graduate,Single,32,1,-2,-1,-4,-680,0,3000,0,1
3472,40000,Male,Graduate,Married,28,-1,-1,2,10371,11895,2567,0,2475,1
3473,200000,Female,University,Single,30,0,0,0,185070,182566,7022,6501,6500,0
3474,520000,Female,Graduate,Single,35,0,0,0,60912,56728,7000,5000,5004,0
3475,30000,Female,University,Married,22,0,0,0,16534,17213,2002,1553,1002,0
3476,20000,Male,University,Single,28,0,0,0,17973,17835,1318,1278,635,0
3477,50000,Male,University,Single,40,0,0,0,14633,12921,1218,1254,3000,1
3478,300000,Female,High_School,Single,29,0,0,0,143568,147715,7951,6890,0,0
3479,500000,Female,Graduate,Single,36,-1,-1,-1,10935,4079,4081,4283,3338,0
3480,490000,Female,University,Single,27,0,0,0,222705,191752,5011,5217,5000,0
3481,200000,Male,Graduate,Single,27,-1,-1,-1,630,825,825,1890,0,0
3482,40000,Female,Graduate,Single,23,2,2,2,19827,20709,1500,1000,1000,1
3483,150000,Female,Graduate,Single,28,-1,-1,-2,3752,2730,2730,500,2727,0
3484,50000,Male,Graduate,Married,29,0,0,0,48310,49690,2300,1400,335,1
3485,100000,Male,University,Single,27,0,0,0,99668,100181,4850,3740,2798,0
3486,50000,Female,High_School,Married,42,2,2,2,44961,48164,4000,0,3000,1
3487,130000,Female,University,Single,25,-1,-1,-1,390,390,780,36659,5000,0
3488,70000,Female,Graduate,Single,27,-1,-1,-1,157,157,157,157,157,0
3489,30000,Female,Graduate,Married,30,0,0,0,28289,29537,2013,1440,800,0
3490,50000,Male,Graduate,Single,28,0,0,0,31170,20413,2005,1206,1000,0
3491,80000,Male,Graduate,Married,45,-1,-1,-1,1473,1473,1473,24770,3366,1
3492,220000,Female,Graduate,Single,30,0,0,0,72546,74618,5206,30176,10258,0
3493,200000,Male,University,Married,45,0,0,0,200378,162374,6061,7048,5016,0
3494,120000,Female,University,Single,24,0,0,0,11296,12200,1400,1000,0,0
3495,100000,Female,University,Single,25,2,2,2,98499,101051,5000,0,3900,0
3496,100000,Female,High_School,Married,59,1,-1,0,0,7240,7240,1000,1558,0
3497,50000,Female,Graduate,Single,23,0,0,0,50025,22656,1626,1581,1000,0
3498,240000,Male,University,Married,37,-1,-1,-1,2208,5652,5665,35000,8877,0
3499,60000,Male,Graduate,Single,28,0,-1,0,2295,5293,6000,10000,900,0
3500,260000,Female,University,Married,34,-2,-2,-2,8214,2149,2151,3065,750,1
3501,30000,Female,High_School,Married,56,2,2,2,17643,18564,1500,0,3000,1
3502,440000,Female,High_School,Married,40,0,0,0,54408,57901,5000,5000,5000,0
3503,360000,Female,University,Single,30,0,0,0,132250,132655,5000,5000,5000,0
3504,50000,Female,Graduate,Single,26,-1,0,0,5310,34105,29000,1000,0,1
3505,270000,Male,Graduate,Married,50,-1,-1,-1,316,316,316,316,5772,0
3506,150000,Female,Graduate,Single,27,-1,0,0,30585,30138,6000,0,0,0
3507,200000,Male,High_School,Single,26,-1,-1,-1,8355,8355,8355,8355,8355,0
3508,50000,Female,University,Married,36,0,0,0,44510,42564,3000,3000,3000,0
3509,210000,Female,Graduate,Single,33,-1,2,2,970,2273,1303,3,5387,0
3510,50000,Female,University,Single,27,2,2,2,47760,45064,0,3400,0,1
3511,50000,Male,University,Single,24,0,0,0,19839,20231,1328,1315,703,0
3512,440000,Male,Graduate,Single,29,-2,-2,-1,26430,23509,1249,279048,10758,0
3513,60000,Female,Graduate,Single,28,2,2,2,43662,42682,0,3628,0,1
3514,70000,Female,University,Married,41,0,0,0,6017,8798,3000,1500,0,0
3515,290000,Female,University,Single,25,0,0,0,71559,66658,2500,3000,3000,0
3516,140000,Male,University,Single,29,-1,-1,-1,487,487,487,2010,0,0
3517,310000,Female,University,Single,33,0,0,0,110786,115540,6555,6000,3272,0
3518,450000,Female,Graduate,Single,36,1,-2,-1,-44,10223,10267,200,0,0
3519,360000,Male,Graduate,Married,34,-1,-1,-1,997,1267,1270,3946,2444,0
3520,550000,Female,University,Married,34,0,0,0,383973,380082,15000,20000,20000,0
3521,180000,Male,Graduate,Married,44,1,-2,-2,0,0,0,0,0,0
3522,140000,Male,University,Married,37,0,-1,0,34661,5309,5334,50006,9460,0
3523,50000,Male,Graduate,Single,33,0,0,0,17094,17779,2000,3000,1000,0
3524,200000,Female,University,Married,30,-2,-2,-2,0,0,0,441,653,0
3525,60000,Male,University,Married,39,0,0,0,54282,49541,2128,1608,1391,0
3526,140000,Male,Graduate,Single,28,0,-1,-1,3234,4324,4340,5491,2013,0
3527,70000,Male,University,Married,42,0,0,0,70293,69199,3300,2600,2600,0
3528,20000,Female,University,Married,50,1,2,2,7973,9686,2000,0,1600,0
3529,100000,Female,University,Married,24,0,0,0,68963,64880,3000,2700,2000,0
3530,360000,Male,Graduate,Single,33,1,-2,-2,0,0,0,0,0,0
3531,100000,Female,High_School,Married,24,-1,-1,-1,440,470,500,470,470,0
3532,160000,Female,High_School,Single,41,-1,2,2,26736,29052,3000,0,1200,0
3533,160000,Female,University,Single,27,0,0,0,163418,164211,6200,7600,6100,0
3534,130000,Male,University,Single,26,-1,0,0,296,1299,1003,0,501,1
3535,100000,Female,High_School,Married,40,0,0,0,48923,48404,2084,1973,1708,0
3536,90000,Male,Graduate,Married,35,0,0,2,15952,18780,3100,1000,0,1
3537,80000,Male,University,Single,23,2,0,0,8613,12438,4000,3000,1000,0
3538,220000,Female,University,Married,28,5,6,5,216435,219973,8355,1000,0,1
3539,260000,Female,Graduate,Married,39,-2,-2,-2,5912,3768,3786,1451,2424,1
3540,30000,Male,High_School,Married,45,2,2,2,25161,24476,0,5000,3300,1
3541,100000,Female,University,Married,40,1,2,2,4535,3546,0,0,10644,1
3542,80000,Male,University,Single,39,0,0,0,55084,51265,3012,2100,2001,0
3543,20000,Female,University,Single,31,0,0,-1,5526,5561,1032,2938,6039,0
3544,140000,Male,Graduate,Married,41,0,0,0,19853,22525,3000,3000,5000,0
3545,30000,Female,Graduate,Single,25,1,-2,-2,0,0,0,0,0,1
3546,90000,Male,University,Married,39,0,0,0,20612,21956,1676,2000,1220,0
3547,150000,Female,University,Single,23,0,0,0,59555,59684,2812,2599,2143,0
3548,250000,Male,High_School,Married,28,0,0,0,191305,90497,3899,3913,3186,0
3549,20000,Female,University,Married,37,1,2,2,19911,20797,1500,0,500,1
3550,50000,Male,University,Married,28,0,0,-1,20914,29303,10087,2522,7951,0
3551,100000,Male,University,Married,31,3,2,-1,2000,1000,0,3000,0,1
3552,500000,Male,Graduate,Married,46,-1,-1,-1,3580,18785,18785,10742,37171,0
3553,50000,Female,University,Married,36,2,0,0,47357,49260,3000,3266,600,0
3554,40000,Female,Graduate,Single,27,0,0,-1,32228,38904,8040,4235,87230,0
3555,80000,Female,University,Married,35,0,0,2,75530,79324,7000,0,3000,0
3556,100000,Male,Graduate,Married,35,0,0,0,45124,46168,1730,1722,3214,0
3557,180000,Male,Graduate,Single,29,-2,-2,-1,1073,3191,3206,10696,1291,0
3558,90000,Female,High_School,Married,53,0,0,0,87235,88338,4000,2602,2000,0
3559,10000,Female,University,Single,23,-2,-2,-2,1082,2731,2731,757,876,0
3560,200000,Female,Graduate,Single,33,-1,-1,-1,165,145,145,0,631,0
3561,80000,Male,High_School,Married,57,2,2,2,7431,9895,2600,350,0,1
3562,90000,Male,University,Single,33,2,2,2,62011,63426,3000,2500,2600,1
3563,80000,Female,University,Married,42,0,0,-2,30900,0,0,0,0,1
3564,90000,Female,University,Single,24,2,2,2,124457,118666,6600,0,2915,1
3565,80000,Female,University,Married,46,-1,-1,-1,2350,2350,2350,4700,0,0
3566,140000,Male,Graduate,Single,27,-1,-1,-1,832,0,0,825,0,1
3567,480000,Male,University,Married,39,0,0,0,398380,394515,20091,25370,15203,0
3568,230000,Male,Graduate,Married,39,1,2,2,276758,282285,12000,10000,8300,0
3569,70000,Male,Graduate,Single,27,-1,3,2,4168,3942,0,0,1980,1
3570,200000,Female,Graduate,Single,39,0,0,0,126082,127734,6216,4371,4037,0
3571,180000,Female,Graduate,Single,35,0,0,0,66376,67033,5000,4000,5000,0
3572,190000,Male,High_School,Married,37,0,0,0,181295,178857,8019,8008,6700,0
3573,20000,Female,University,Married,24,1,2,0,18817,18227,0,1720,1754,0
3574,10000,Male,Graduate,Single,24,0,0,2,7680,10160,2616,0,400,1
3575,80000,Female,Graduate,Married,45,0,0,0,81133,81466,3502,3000,4000,0
3576,60000,Male,High_School,Single,28,2,2,2,53567,59629,6950,3250,1767,0
3577,500000,Female,Graduate,Single,37,-1,-1,-1,4168,19169,19169,22893,53198,0
3578,50000,Male,High_School,Single,42,-1,-1,2,550,1974,1974,0,700,1
3579,360000,Female,Graduate,Single,28,1,-1,-1,0,420,420,0,742,0
3580,10000,Female,High_School,Married,56,0,0,2,7324,9808,2609,0,830,0
3581,300000,Male,Graduate,Married,54,-1,-1,-1,206,555,555,0,718,1
3582,70000,Male,University,Married,48,0,0,0,8439,7606,1188,2000,1230,0
3583,250000,Female,University,Married,32,0,0,-2,39936,16666,8666,16998,17504,0
3584,10000,Male,High_School,Married,51,2,2,2,3577,6012,2500,300,0,1
3585,140000,Female,High_School,Married,28,0,0,0,25184,27742,5000,3011,5000,0
3586,100000,Female,University,Married,40,1,-2,-2,0,0,0,0,0,0
3587,110000,Female,Graduate,Married,31,1,-2,-1,0,0,0,638,225,0
3588,210000,Male,University,Married,38,-1,-1,-1,291,291,291,291,291,0
3589,210000,Female,Graduate,Married,40,-2,-2,-2,14472,680,680,0,0,0
3590,70000,Female,University,Single,26,3,2,2,49201,48134,0,5100,2000,1
3591,20000,Male,University,Married,47,0,0,0,15166,15014,1257,1267,588,0
3592,220000,Male,Graduate,Single,31,-2,-2,-2,4935,3796,3796,5227,2293,0
3593,20000,Female,High_School,Single,51,2,0,0,18355,17165,1600,1500,900,1
3594,80000,Male,Graduate,Married,28,2,2,2,56272,58756,4000,2400,3000,0
3595,500000,Female,University,Married,42,0,0,0,506787,487049,21000,17414,12000,1
3596,210000,Male,High_School,Single,66,0,0,0,209396,136809,6510,6450,5103,0
3597,80000,Male,University,Single,27,2,0,0,76896,78663,3613,3100,2000,1
3598,50000,Female,University,Married,37,2,2,2,40994,43594,5500,0,580,0
3599,240000,Male,Graduate,Married,35,1,-1,-1,0,11901,11901,5758,0,0
3600,150000,Female,University,Single,23,-2,-2,-2,198,4824,4848,1282,4854,0
3601,210000,Female,University,Married,49,1,-2,-2,0,0,0,0,0,0
3602,360000,Female,University,Single,28,1,-2,-2,0,0,0,0,0,1
3603,230000,Female,Other,Married,29,0,0,0,70069,64375,3000,2386,2553,0
3604,500000,Male,Graduate,Single,35,1,-1,-1,-453,1168,2336,1215,6461,0
3605,150000,Female,University,Married,34,-1,0,0,50523,46054,1763,2500,2000,0
3606,30000,Female,University,Single,31,1,2,0,27254,26531,0,1772,2600,1
3607,470000,Male,Graduate,Married,57,0,0,0,83852,85008,3477,4100,2022,0
3608,200000,Male,Graduate,Married,59,0,0,0,27119,28081,1700,3000,0,0
3609,470000,Male,Graduate,Single,35,0,0,0,211775,218246,9883,6000,6194,0
3610,310000,Male,Graduate,Single,32,0,0,0,53340,85711,69220,3095,5000,0
3611,210000,Female,Graduate,Single,28,0,0,0,204191,204530,9000,9007,5254,0
3612,500000,Female,University,Married,41,-1,-1,-1,24433,187206,187206,10909,29161,0
3613,80000,Female,University,Single,27,0,0,0,72991,75134,3320,2800,6400,0
3614,20000,Male,High_School,Single,38,0,0,0,11805,12186,1400,1023,0,1
3615,150000,Male,High_School,Single,32,1,-1,0,3706,40093,40093,30000,10000,0
3616,390000,Male,High_School,Married,39,0,0,0,475934,308108,59324,6093,5411,0
3617,10000,Male,Graduate,Single,29,0,0,0,10208,8598,1500,1000,4000,0
3618,390000,Female,High_School,Married,46,-2,-2,-2,14315,7097,7097,6548,8976,0
3619,210000,Male,High_School,Married,41,-1,-1,2,390,1732,1732,0,0,1
3620,350000,Female,Graduate,Married,33,-2,-2,-2,16414,693,693,0,1144,1
3621,150000,Female,Graduate,Single,35,-1,-1,-1,3299,596,599,982,1007,0
3622,210000,Female,University,Married,36,0,0,0,54717,55522,2017,1900,1900,0
3623,100000,Male,Graduate,Married,55,0,0,0,18135,31498,2000,4000,2000,0
3624,210000,Male,Graduate,Single,36,0,0,0,210463,109132,5187,2043,1552,1
3625,290000,Female,University,Married,48,-1,-1,-1,31386,31394,31401,1369,15010,0
3626,330000,Male,University,Married,50,1,-1,-1,-13,2750,2763,0,5371,1
3627,50000,Male,University,Single,37,0,0,0,50701,50462,2202,2083,697,0
3628,80000,Male,High_School,Single,27,0,0,0,47163,86021,1821,3600,1000,0
3629,340000,Male,University,Married,35,0,0,0,39229,40747,2000,2000,2000,0
3630,120000,Male,High_School,Married,38,0,0,0,40538,41870,1988,18000,1857,0
3631,30000,Female,University,Single,22,0,-1,-1,3158,5547,5572,3321,3154,0
3632,260000,Female,Graduate,Single,35,0,0,0,20556,25256,9581,30000,1590,0
3633,50000,Male,University,Married,64,0,0,0,48369,44762,2384,5461,2872,0
3634,420000,Female,High_School,Single,25,1,2,0,72874,71035,0,2000,1892,1
3635,130000,Female,University,Married,28,0,0,0,71983,71514,4000,7000,3600,0
3636,270000,Female,University,Married,30,0,0,0,62599,59368,5000,5000,5000,0
3637,50000,Male,High_School,Single,30,0,0,0,6615,7640,1135,1144,797,0
3638,20000,Male,University,Married,34,0,0,0,17179,17815,1300,1500,1415,1
3639,140000,Female,University,Married,34,0,0,0,132541,136186,7000,7000,5300,0
3640,100000,Female,University,Married,35,0,0,0,106229,98217,3000,1707,1551,0
3641,50000,Male,High_School,Single,41,2,2,2,29368,28612,0,3500,2589,0
3642,500000,Male,Graduate,Single,37,-1,0,0,27181,12525,7254,2208,11,0
3643,80000,Male,University,Married,35,0,0,0,78507,80327,3085,2969,1007,0
3644,220000,Female,University,Married,34,-1,-1,-1,51565,15683,15683,1381,3300,1
3645,30000,Male,University,Married,34,2,0,0,27358,25652,1750,1800,1118,0
3646,240000,Male,University,Single,26,0,0,0,161766,166147,7000,6500,6183,0
3647,220000,Male,High_School,Married,41,-2,-2,-2,10804,34407,34415,14565,7229,0
3648,320000,Male,University,Married,32,-1,-1,-1,6443,443,451,0,29811,0
3649,230000,Female,University,Married,36,0,0,-1,52689,0,0,150,0,0
3650,20000,Male,High_School,Single,44,-1,2,-1,780,390,0,390,390,0
3651,280000,Female,University,Married,34,0,0,0,82691,75867,3500,3200,2500,0
3652,110000,Male,University,Married,44,0,0,0,111188,109512,6010,5507,4500,0
3653,180000,Female,University,Married,26,0,0,0,186248,178001,18000,5044,6506,0
3654,100000,Male,High_School,Married,51,0,0,0,93970,93752,3799,3269,3407,0
3655,80000,Male,University,Married,37,0,0,-1,43311,16348,5377,9383,6295,0
3656,260000,Female,High_School,Single,30,-1,-1,-1,1264,6894,6894,2917,0,0
3657,110000,Female,University,Single,25,2,2,2,111483,114125,5900,3500,3400,0
3658,150000,Female,University,Married,31,0,0,0,104014,108229,5500,4005,3241,0
3659,180000,Female,University,Single,35,-1,-1,-1,15288,4194,4194,1300,0,0
3660,230000,Female,University,Married,28,0,0,0,53542,79186,36000,1222,7510,0
3661,500000,Female,Graduate,Single,27,0,0,0,73798,74781,4794,5560,2426,0
3662,300000,Male,University,Single,30,0,0,-1,1485,-9,0,11979,206,0
3663,180000,Female,University,Single,31,-1,-1,-1,326,326,326,326,326,0
3664,30000,Female,University,Single,24,2,2,3,1050,1050,0,0,0,1
3665,110000,Female,High_School,Single,29,1,2,2,6467,6920,1114,0,1000,0
3666,100000,Female,University,Married,28,0,0,0,36428,48850,6000,5000,1000,0
3667,390000,Male,Graduate,Single,31,0,0,0,381453,375926,15024,30002,15052,0
3668,180000,Female,Other,Married,35,0,0,0,29197,30719,2000,1400,639,0
3669,300000,Female,High_School,Married,37,1,2,2,5975,5312,1905,5,1527,0
3670,260000,Female,Graduate,Single,36,-1,-1,-1,7740,1445,1445,782,790,0
3671,360000,Female,University,Single,29,1,-2,-2,0,0,0,0,0,0
3672,80000,Female,University,Single,26,0,-1,0,509,437,525,3519,2201,0
3673,100000,Female,Graduate,Single,26,-1,-1,-2,26273,-73,0,0,0,1
3674,20000,Male,High_School,Married,47,2,2,2,14328,17196,3114,800,770,1
3675,210000,Female,Graduate,Single,33,-1,-1,-1,27042,0,0,188,16476,0
3676,10000,Female,University,Married,25,0,0,0,6991,8008,1126,1136,316,0
3677,150000,Male,Graduate,Single,26,-1,-1,-1,360,360,360,360,16133,0
3678,360000,Male,High_School,Married,37,-1,-1,-1,390,390,390,390,390,0
3679,80000,Female,University,Single,42,0,0,0,16959,17910,1235,1369,825,0
3680,130000,Female,Graduate,Single,29,-1,-1,0,13194,9403,9403,10007,184,0
3681,30000,Male,Graduate,Single,36,0,0,0,9934,10305,1000,1000,200,0
3682,430000,Female,University,Married,30,2,0,0,332721,277080,10896,8123,7522,1
3683,20000,Female,University,Single,23,0,0,0,16641,17969,1602,1268,0,0
3684,50000,Male,University,Single,32,0,0,0,50342,44659,8025,5023,0,0
3685,140000,Female,University,Married,26,0,0,0,129996,132004,7000,5000,2000,0
3686,200000,Male,Graduate,Single,32,-1,-1,-1,11494,9085,9139,5481,27110,0
3687,80000,Male,University,Married,28,2,2,2,65499,63882,0,5000,3200,0
3688,50000,Female,University,Single,23,0,0,0,12630,11999,1211,1202,452,1
3689,280000,Female,University,Single,27,1,2,0,297192,284462,0,11143,7300,0
3690,710000,Male,University,Married,51,1,-2,-2,0,0,0,0,0,0
3691,180000,Male,Graduate,Single,29,1,-1,-1,0,100000,100000,0,7632,0
3692,500000,Male,Graduate,Single,39,-2,-2,-2,12106,12559,13351,18997,50933,0
3693,360000,Male,University,Single,33,1,-2,-2,0,0,0,0,0,1
3694,50000,Male,Graduate,Single,29,-1,0,0,20258,22932,3000,0,2000,0
3695,80000,Male,University,Single,27,2,0,0,62824,63883,2178,2674,2200,1
3696,50000,Female,University,Married,44,0,0,2,43596,46320,5000,0,2500,0
3697,50000,Female,University,Single,23,0,0,0,13717,13822,2008,1106,1000,0
3698,150000,Male,Graduate,Single,33,-1,2,-1,1532,1000,0,1430,810,0
3699,360000,Male,University,Single,28,1,-2,-2,0,0,0,0,0,1
3700,50000,Female,University,Married,32,0,0,0,49547,49740,2100,2097,1289,0
3701,50000,Female,Graduate,Single,48,0,0,-1,83400,80000,1600,4990,13616,0
3702,200000,Female,Graduate,Single,29,-2,-2,-2,9344,723,723,723,1038,0
3703,80000,Male,Graduate,Single,29,1,-1,-1,-54,36656,36710,5114,0,0
3704,140000,Female,University,Married,46,-1,-1,-1,390,390,390,390,390,0
3705,20000,Female,Graduate,Single,22,0,0,0,14993,16244,1800,2800,0,1
3706,80000,Female,High_School,Single,34,1,-2,-2,0,0,0,0,0,0
3707,110000,Male,University,Married,30,0,0,0,107372,109156,5000,5000,3000,0
3708,140000,Female,Graduate,Single,27,0,0,0,143536,141849,5341,4000,3500,0
3709,300000,Female,Graduate,Single,31,0,0,0,32608,39029,20018,6028,25030,0
3710,50000,Female,University,Single,29,0,0,0,47411,19817,1300,1210,0,1
3711,180000,Female,Other,Married,39,0,0,0,84484,79099,3007,2804,2802,0
3712,290000,Female,University,Married,39,0,0,0,212943,216910,16923,7714,7283,0
3713,60000,Female,University,Married,36,1,-2,-2,0,0,0,0,0,0
3714,100000,Female,University,Married,38,1,2,0,12893,12447,0,3000,2000,0
3715,30000,Male,University,Married,41,0,0,0,29866,30900,1900,0,0,0
3716,220000,Female,High_School,Single,27,2,2,2,150739,153827,7000,7000,2300,0
3717,230000,Female,University,Single,30,-2,-2,-2,0,0,0,0,0,0
3718,30000,Female,Graduate,Single,29,1,-2,-2,0,0,0,0,0,0
3719,20000,Female,University,Married,47,0,-1,-1,1343,1547,1547,1539,1066,0
3720,50000,Male,University,Single,30,-1,-1,2,780,780,780,0,0,0
3721,80000,Female,University,Married,46,1,-2,-2,0,0,0,0,0,1
3722,90000,Male,Graduate,Single,29,0,0,2,24802,27551,3200,0,1000,0
3723,80000,Male,Graduate,Single,31,0,-1,-1,19824,5000,5000,19037,0,0
3724,50000,Female,High_School,Single,23,2,0,0,37350,39740,3000,2000,2000,1
3725,50000,Female,University,Single,29,-2,-2,-2,5520,0,0,0,0,0
3726,20000,Male,High_School,Single,53,2,2,-2,19369,3888,3900,3179,773,0
3727,250000,Female,Graduate,Married,38,-1,-1,-1,532,1106,1106,771,625,0
3728,120000,Female,University,Single,24,-1,-1,-1,889,1742,1742,1077,902,0
3729,110000,Female,University,Single,28,1,2,0,112597,107799,0,4000,4000,1
3730,160000,Male,Graduate,Single,33,-1,-1,-2,100,0,0,0,0,0
3731,80000,Female,High_School,Married,52,2,0,0,82198,80531,3543,1139,40003,0
3732,410000,Male,University,Married,36,-2,-2,-2,41116,38144,5071,3041,3096,0
3733,100000,Female,University,Married,43,-1,-1,-1,21293,70962,70973,9226,1845,0
3734,750000,Female,University,Married,43,-1,-1,-1,72495,99628,99664,74640,63758,0
3735,30000,Male,University,Single,47,0,0,0,29554,28893,1895,1539,1089,0
3736,80000,Male,University,Single,33,1,2,0,19073,16106,3895,50000,2000,0
3737,430000,Female,Graduate,Single,31,-2,-2,-1,10226,5671,5873,52983,35002,0
3738,480000,Male,Graduate,Married,44,0,0,0,350110,316685,14082,15023,15098,0
3739,360000,Female,High_School,Married,29,1,-2,-2,0,0,0,0,0,1
3740,150000,Female,Graduate,Married,37,0,0,-1,26416,18915,2497,16047,18776,0
3741,130000,Male,Graduate,Single,28,0,0,0,89418,83196,4000,2338,2000,0
3742,40000,Male,University,Married,47,1,2,2,37611,36726,0,4898,0,0
3743,280000,Female,Graduate,Married,34,-1,0,0,11584,12211,7011,3000,0,1
3744,40000,Male,University,Married,45,2,2,2,33547,36991,4000,0,2000,0
3745,120000,Female,Graduate,Single,26,-2,-2,-1,10415,7172,5771,120055,5073,0
3746,290000,Male,Graduate,Married,39,-1,-1,-1,1757,3555,3579,2262,2830,0
3747,250000,Male,High_School,Married,39,-1,-1,-1,1976,3314,3318,0,800,0
3748,200000,Male,Graduate,Married,43,-1,-1,-1,1144,2480,2506,3380,1085,0
3749,80000,Male,University,Single,32,0,0,0,81115,77649,5000,1200,0,0
3750,130000,Female,University,Single,27,0,0,0,18776,21458,3000,2000,778,0
3751,290000,Female,University,Married,37,-1,0,0,1428,2741,1500,1500,1500,1
3752,180000,Female,Graduate,Single,29,-1,-1,-1,1010,3070,3394,307,0,0
3753,360000,Female,Graduate,Married,31,-2,-2,-2,-5,-5,0,0,4237,0
3754,140000,Female,University,Married,37,-1,-1,-1,316,586,586,5842,8956,0
3755,350000,Female,Graduate,Married,41,-1,-1,-1,57956,15987,15987,36607,8243,0
3756,260000,Male,Graduate,Single,36,-2,-2,-2,0,0,0,0,0,0
3757,40000,Male,Graduate,Single,26,0,0,0,18338,20033,2000,2000,1000,0
3758,180000,Female,Graduate,Single,27,1,-2,-2,-200,-200,0,0,0,1
3759,80000,Male,High_School,Married,27,0,0,0,22381,11420,1500,3000,6157,1
3760,500000,Female,Graduate,Married,45,-1,-1,-1,3852,2395,2403,4730,4628,0
3761,80000,Male,Other,Single,27,-2,-2,-2,46089,4840,4840,0,0,0
3762,30000,Male,High_School,Married,57,0,0,0,20976,22332,2000,2000,2000,0
3763,220000,Female,University,Married,37,1,-2,-2,0,0,0,0,0,0
3764,70000,Female,University,Single,22,0,0,0,68247,68263,2120,1010,328,0
3765,510000,Male,Graduate,Married,41,-1,-1,-1,3196,16447,16447,3317,10771,0
3766,20000,Female,University,Single,22,0,0,0,18011,19389,2000,1494,2000,0
3767,100000,Female,University,Married,40,2,2,2,47243,48294,2000,1900,1600,1
3768,340000,Female,University,Married,30,0,0,0,338272,339191,15000,15000,15000,0
3769,180000,Female,Graduate,Single,29,-2,-2,-2,0,0,0,0,0,0
3770,290000,Female,Other,Single,38,1,-1,-1,0,1437,1437,3078,1406,0
3771,80000,Male,University,Single,53,0,0,0,80577,78781,3261,2342,1630,0
3772,280000,Male,Graduate,Married,42,-2,-1,-1,1751,22046,22909,64167,1113,0
3773,180000,Female,Graduate,Single,40,-2,-2,-2,0,0,0,0,0,0
3774,140000,Female,Graduate,Married,66,1,-2,-2,0,0,0,0,0,0
3775,500000,Female,Graduate,Single,32,-1,-1,-1,103880,39356,39560,302961,38139,0
3776,230000,Male,University,Single,34,0,0,0,151778,152966,5556,7200,5820,0
3777,250000,Female,University,Married,26,1,3,2,631,631,0,0,600,1
3778,10000,Male,University,Single,24,0,0,0,5803,6849,1300,1800,0,0
3779,230000,Male,Graduate,Married,39,0,0,0,220706,227741,11200,6200,6237,0
3780,70000,Male,Graduate,Single,29,0,0,0,63603,65513,7666,3800,1200,0
3781,140000,Female,Graduate,Married,39,-2,-2,-2,4654,5525,5525,5088,4480,0
3782,430000,Female,Graduate,Married,48,-1,-1,-2,9900,0,0,0,0,0
3783,120000,Female,Graduate,Single,28,-1,-1,2,200,1986,1986,0,0,1
3784,20000,Female,University,Single,25,0,0,0,16654,12801,2000,2000,7000,0
3785,30000,Male,Graduate,Single,32,0,0,2,29250,30496,3600,0,1500,0
3786,80000,Male,High_School,Single,43,7,6,5,81071,79283,0,0,0,1
3787,400000,Female,Graduate,Single,39,0,0,0,404924,359634,13521,12374,11643,0
3788,200000,Female,Graduate,Married,37,1,-2,-2,0,0,0,0,0,0
3789,30000,Male,Other,Single,23,-2,-1,-1,2700,899,899,0,30000,0
3790,50000,Female,University,Single,46,1,2,0,50471,49399,0,2247,1054,0
3791,250000,Male,Graduate,Married,46,-1,-1,-1,1197,-19,0,3140,2387,1
3792,120000,Male,Graduate,Single,28,-1,0,0,8922,43070,35000,5000,8000,1
3793,80000,Male,High_School,Married,45,1,-1,0,-1213,35789,38677,3000,0,0
3794,430000,Female,Graduate,Married,33,-2,-2,-2,1837,373,373,1198,0,0
3795,120000,Female,Graduate,Single,24,0,0,0,75796,76004,3700,2023,2016,0
3796,20000,Female,University,Single,22,0,0,0,20386,20033,1510,1300,1086,0
3797,20000,Female,University,Single,32,0,0,0,129106,127610,4420,3650,3120,0
3798,80000,Male,Graduate,Single,25,-2,-2,-2,0,0,0,0,0,0
3799,20000,Female,University,Single,44,0,0,0,7678,10475,3347,0,200,0
3800,140000,Female,University,Single,27,1,-2,-2,0,0,0,0,0,0
3801,10000,Female,University,Single,22,0,-1,0,14896,12011,7000,4000,207,0
3802,220000,Female,High_School,Single,34,-2,-2,-2,99518,-482,937,0,0,0
3803,60000,Male,Graduate,Married,48,-1,-1,2,282,61573,62773,0,0,0
3804,80000,Male,High_School,Married,59,1,2,0,21723,21097,0,2000,0,0
3805,30000,Male,University,Single,25,0,0,0,29745,16309,2500,1517,2000,1
3806,140000,Female,University,Married,27,1,2,2,139058,140243,4900,0,5200,0
3807,20000,Male,University,Single,26,0,0,0,4491,5906,1500,1500,1500,0
3808,100000,Female,High_School,Single,46,0,0,0,94657,81175,3000,2009,3000,0
3809,220000,Male,Graduate,Single,35,0,0,0,158882,164258,8000,5669,7599,0
3810,80000,Female,Graduate,Single,40,0,0,0,27432,27902,1833,1378,1328,0
3811,80000,Female,High_School,Single,46,0,0,0,76184,78306,3345,3344,1447,0
3812,130000,Male,University,Single,28,2,2,0,70952,69264,0,3000,2000,1
3813,300000,Female,Graduate,Married,33,1,-2,-2,0,0,0,0,0,0
3814,60000,Female,University,Married,42,0,0,0,58264,57923,3200,3000,800,0
3815,360000,Female,Graduate,Married,32,-1,-1,-2,249,0,0,0,685,0
3816,10000,Male,University,Single,24,-1,-1,-1,12,12,0,0,0,1
3817,50000,Male,University,Single,32,0,0,0,32813,34973,3000,1700,2600,1
3818,50000,Male,University,Married,48,0,0,0,42156,40584,4022,1347,1013,0
3819,200000,Male,University,Married,35,1,-2,-2,0,0,0,0,0,0
3820,30000,Female,University,Single,24,1,2,2,15164,16607,2000,1000,1000,1
3821,220000,Male,Graduate,Married,42,0,0,2,3208,9134,6000,0,0,0
3822,200000,Female,Graduate,Single,41,-2,-2,-2,5954,10464,10464,7165,6966,0
3823,80000,Female,High_School,Single,27,1,4,3,84718,82861,0,0,0,1
3824,200000,Male,University,Married,39,-2,-2,-2,15109,3139,3155,12848,3950,0
3825,240000,Female,Graduate,Married,34,-1,2,-1,652,326,0,326,326,1
3826,500000,Female,University,Single,28,-1,-1,-1,72620,873,873,8596,275,0
3827,230000,Male,High_School,Married,38,-2,-2,-1,6901,0,0,188,6498,0
3828,20000,Male,High_School,Single,22,0,0,0,11242,11070,1282,1000,192,0
3829,50000,Male,Graduate,Married,35,0,0,0,40730,41283,4069,1500,1500,0
3830,100000,Female,University,Married,35,0,0,0,5830,6694,1118,1279,500,0
3831,230000,Female,University,Single,37,-2,-2,-2,0,0,0,0,0,0
3832,60000,Male,University,Single,28,0,0,0,42243,37131,7773,1628,1395,0
3833,120000,Female,High_School,Married,48,-1,2,-1,3845,199,0,1823,3646,1
3834,130000,Female,High_School,Single,23,-1,0,0,5719,15578,10000,5000,2000,0
3835,50000,Female,High_School,Married,25,2,2,0,31097,30322,0,1833,1000,1
3836,400000,Female,Graduate,Single,30,-1,-1,-1,14013,5422,5460,16020,5805,0
3837,240000,Female,University,Single,27,-2,-2,-1,4400,0,0,1129,0,1
3838,70000,Male,High_School,Single,53,0,0,0,9928,11259,1497,1500,5000,0
3839,20000,Female,Graduate,Single,22,0,0,0,28758,14780,1423,5000,400,0
3840,50000,Male,High_School,Single,28,2,2,2,28129,29184,1800,0,1100,1
3841,240000,Female,Graduate,Married,54,0,0,0,60381,64395,5000,3000,5200,0
3842,380000,Male,Graduate,Single,31,0,0,0,167061,158903,6000,6010,5209,0
3843,50000,Male,University,Single,24,0,0,0,5219,6475,1500,1274,500,0
3844,50000,Female,University,Single,33,0,0,0,12498,16264,4000,2000,1000,0
3845,430000,Female,Graduate,Single,33,0,0,0,40984,37873,10000,5000,10000,0
3846,60000,Female,Graduate,Single,26,0,0,2,22921,23044,5000,0,0,0
3847,30000,Female,University,Single,25,0,0,0,3638,4401,1130,1026,125,0
3848,170000,Male,High_School,Married,48,0,0,0,170845,171762,6800,7790,4587,0
3849,70000,Female,Graduate,Single,29,0,0,2,40783,44205,4100,1600,0,0
3850,130000,Female,University,Single,28,-1,-1,-1,390,7412,7412,390,4134,0
3851,50000,Male,Graduate,Married,50,1,2,0,49252,44326,1521,1345,2074,1
3852,20000,Female,High_School,Single,38,1,-1,-1,0,3796,3796,5081,888,1
3853,50000,Male,High_School,Married,48,-1,-1,-1,1058,1726,1726,390,390,1
3854,20000,Male,High_School,Single,28,2,0,0,14043,13266,1600,1600,1500,0
3855,110000,Female,University,Single,32,-1,-1,-1,2015,1403,1403,2684,4,0
3856,90000,Female,University,Single,24,0,0,0,76453,49430,2500,2000,2000,0
3857,180000,Female,Graduate,Single,24,0,0,0,64800,66747,4000,2600,2000,0
3858,50000,Female,University,Single,28,0,0,0,43747,44488,1746,3600,0,0
3859,200000,Male,University,Married,36,1,-2,-1,-1,-1,0,297,303,0
3860,20000,Female,Graduate,Married,32,2,2,2,11337,14372,6000,0,744,1
3861,50000,Male,Graduate,Single,44,0,0,0,51671,50272,1928,1595,1526,0
3862,170000,Female,University,Married,39,0,0,0,114007,117677,7000,10500,0,1
3863,380000,Male,Graduate,Married,48,0,0,0,356375,347165,40000,20000,20000,0
3864,30000,Male,University,Single,39,1,2,2,1623,2441,1000,1000,1000,1
3865,30000,Female,University,Single,23,0,0,0,19594,20619,1346,1358,789,0
3866,160000,Male,High_School,Married,36,-1,-1,-1,4030,6720,6720,0,8484,0
3867,60000,Female,High_School,Married,39,2,0,0,29565,31123,3000,3638,0,1
3868,450000,Female,Graduate,Single,31,2,-1,0,1638,54490,54490,62841,2000,0
3869,80000,Female,University,Married,43,-2,-2,-2,398,379,381,607,0,1
3870,90000,Female,Graduate,Single,26,1,2,2,23812,15616,0,1525,35011,0
3871,30000,Male,University,Married,33,1,-2,-2,0,0,0,0,0,1
3872,50000,Male,University,Single,25,2,0,0,48885,49133,2200,2500,2070,1
3873,30000,Male,High_School,Married,49,2,2,2,26343,27127,1500,0,3712,0
3874,50000,Male,High_School,Married,52,1,2,0,32119,29498,0,6900,0,1
3875,320000,Female,Graduate,Married,34,-1,-1,-1,7417,7488,8000,25000,0,0
3876,300000,Female,University,Married,43,-1,-1,-2,1314,0,0,0,0,0
3877,390000,Female,Graduate,Single,43,0,0,0,90294,87292,3200,3200,3200,0
3878,50000,Female,University,Single,23,0,0,0,47662,41023,2000,2102,255,0
3879,20000,Male,University,Married,26,2,2,3,1050,1050,0,0,0,1
3880,90000,Male,University,Single,52,0,0,0,87186,87526,3505,3962,2909,0
3881,300000,Male,High_School,Single,51,-1,-1,-1,18341,19847,19854,6279,3883,0
3882,300000,Female,Other,Single,32,0,0,0,54053,65235,15235,1491,1303,0
3883,200000,Male,Graduate,Married,34,-1,-1,-1,5392,1938,1938,4819,13074,0
3884,50000,Male,University,Single,24,0,0,0,33715,22824,6600,1900,1500,0
3885,20000,Male,University,Single,24,-1,-1,2,390,780,780,0,780,1
3886,390000,Male,Graduate,Single,35,-1,-1,-1,30356,32910,33074,78772,1371,0
3887,70000,Male,University,Single,41,0,0,0,69866,63679,10000,5090,2000,0
3888,300000,Male,High_School,Single,43,0,0,0,158741,155438,5823,5310,5302,0
3889,140000,Female,High_School,Married,50,0,0,0,139153,141383,6006,5000,5000,0
3890,200000,Female,Graduate,Married,37,-1,0,0,97821,97934,4220,2029,2073,0
3891,80000,Female,High_School,Single,28,-1,-1,-1,2147,612,612,2110,2298,0
3892,80000,Female,High_School,Married,45,0,0,-2,80250,0,0,0,0,0
3893,170000,Female,Graduate,Married,36,-1,-1,-1,1218,2434,2434,1537,2156,0
3894,50000,Female,Graduate,Single,29,0,0,0,50187,51318,3000,23000,1120,0
3895,100000,Male,University,Single,27,0,0,0,82609,81989,3106,3000,2805,0
3896,30000,Female,University,Single,22,0,-1,2,1924,7096,7096,0,1732,0
3897,30000,Female,Other,Married,49,0,0,0,26305,27307,1500,1500,1000,0
3898,320000,Female,University,Married,36,-2,-1,0,73024,66537,2904,2973,1579,0
3899,70000,Female,University,Single,25,0,0,2,41511,44525,4000,0,2000,1
3900,50000,Female,University,Married,24,0,0,0,49387,50284,2000,1727,1846,0
3901,130000,Male,High_School,Married,48,0,0,0,68629,57168,2187,2000,2000,0
3902,50000,Female,University,Single,27,1,2,2,8951,8862,200,1500,0,1
3903,50000,Male,University,Married,33,0,0,0,16149,13662,1223,1236,528,0
3904,50000,Male,University,Single,30,0,0,2,2496,4533,2254,0,313,0
3905,160000,Male,High_School,Married,30,1,2,0,102867,82729,31,2609,2037,0
3906,450000,Male,University,Married,46,-1,-1,-1,130,1926,1926,15671,18574,0
3907,380000,Female,Graduate,Married,33,0,0,0,112926,108573,4677,130533,7609,0
3908,30000,Female,Graduate,Single,29,1,2,2,12517,13027,1006,0,0,1
3909,50000,Male,University,Single,24,0,0,0,47530,46155,1537,1679,688,0
3910,220000,Male,University,Single,30,-1,-1,2,776,1552,1552,0,221876,1
3911,50000,Female,University,Married,32,-1,-1,-1,390,390,390,390,390,1
3912,90000,Female,Graduate,Single,27,1,-2,-2,0,0,0,0,0,0
3913,80000,Male,University,Married,26,0,0,0,67692,63789,2763,3500,900,0
3914,390000,Male,Graduate,Married,44,-1,-1,-1,4197,4688,4711,63701,1214,0
3915,140000,Male,University,Single,43,0,0,0,128947,106671,4039,7010,2359,0
3916,360000,Female,University,Married,32,0,-1,-1,101403,2389,2389,11996,0,0
3917,50000,Male,High_School,Single,26,2,0,0,50951,49139,2500,2100,1900,1
3918,260000,Male,Graduate,Married,37,0,0,0,244736,249018,10000,10000,5000,1
3919,180000,Female,High_School,Married,43,-1,-1,0,1207,60267,60267,3000,2154,1
3920,360000,Male,Graduate,Single,26,1,-2,-2,-1917,-1917,0,0,0,0
3921,230000,Female,Graduate,Single,35,-1,-1,-2,2630,0,0,0,0,1
3922,130000,Male,Graduate,Single,25,-1,-1,-1,13350,6123,6141,2572,9010,0
3923,20000,Female,High_School,Married,42,0,0,0,17775,18974,1500,1285,656,0
3924,200000,Female,High_School,Married,41,-2,-2,-2,-140,-70,0,0,14038,0
3925,220000,Female,University,Married,35,0,0,0,100252,102510,3500,6000,3000,0
3926,20000,Male,Graduate,Single,25,0,0,0,8226,9281,1349,1393,446,0
3927,20000,Male,University,Single,24,0,0,0,17697,18445,1634,1571,629,0
3928,240000,Female,High_School,Single,40,0,0,0,227819,222299,8200,8800,7000,1
3929,480000,Female,Graduate,Married,50,-1,-1,-1,14638,11940,11956,12331,6295,0
3930,50000,Female,University,Married,29,0,0,0,26052,27631,2000,2000,2500,0
3931,100000,Male,University,Married,40,0,0,0,37596,23808,1000,0,0,0
3932,120000,Female,Graduate,Single,34,0,0,0,105356,107588,3931,9600,0,1
3933,230000,Female,Graduate,Married,27,0,0,0,104001,106155,4000,6000,6000,0
3934,20000,Male,University,Married,32,0,0,0,16849,17618,1434,1400,355,0
3935,50000,Male,University,Single,27,0,0,0,25140,23936,1252,1093,1210,0
3936,130000,Female,Graduate,Married,32,2,2,2,114227,115922,5000,5000,0,0
3937,150000,Female,Graduate,Married,38,-2,-2,-2,1736,0,0,0,0,0
3938,60000,Female,Graduate,Single,30,1,2,2,41259,40715,400,3406,1700,0
3939,260000,Male,University,Single,44,0,0,0,36048,37157,1688,1571,1213,0
3940,500000,Male,University,Married,40,0,0,0,30415,31645,2006,3000,5080,0
3941,270000,Female,University,Married,34,0,0,0,74813,75221,3000,4000,4000,0
3942,410000,Female,Graduate,Single,34,1,-1,-1,0,13621,13621,0,0,1
3943,60000,Female,University,Single,29,2,-1,-1,2469,59068,59068,4898,0,0
3944,200000,Female,Graduate,Married,31,-1,-1,-1,261,6229,6229,5815,854,0
3945,50000,Male,High_School,Single,45,-1,-1,-1,780,0,0,390,4300,0
3946,500000,Female,Graduate,Single,35,-2,-2,-2,-73,-73,0,0,0,1
3947,150000,Female,Graduate,Married,35,-2,-2,-2,329,-31,0,3220,0,0
3948,170000,Male,High_School,Married,44,1,-2,-2,0,0,0,0,0,0
3949,50000,Female,University,Single,25,0,0,0,51461,51179,2000,1771,1770,0
3950,130000,Male,University,Married,42,-1,-1,-1,1048,1048,1048,1048,1048,0
3951,120000,Male,High_School,Married,30,2,2,2,122246,124010,6000,0,5020,0
3952,70000,Male,Graduate,Single,28,0,0,0,9214,10560,1500,2000,1000,0
3953,320000,Female,University,Married,44,-1,-1,-1,3493,12444,12498,46185,1387,0
3954,110000,Female,University,Married,37,0,0,0,79646,110818,50000,3500,10000,0
3955,420000,Female,Graduate,Single,30,0,0,0,34567,36416,10000,2056,0,0
3956,240000,Female,University,Married,49,-1,-1,-1,18045,17401,17409,47622,12279,0
3957,380000,Male,Graduate,Single,33,0,0,0,70591,76715,10000,5000,5000,0
3958,20000,Female,University,Single,22,0,0,0,17356,18205,1274,1119,324,0
3959,50000,Female,Graduate,Single,42,0,0,2,35539,38246,3600,0,3000,1
3960,20000,Male,High_School,Single,23,-1,2,-1,780,390,0,380,400,0
3961,20000,Female,University,Single,31,0,0,0,16659,17688,1600,1700,1000,0
3962,240000,Female,Graduate,Single,28,0,0,0,237633,200572,7065,6002,10002,0
3963,340000,Female,University,Married,57,1,-2,-2,-8,-8,0,0,0,1
3964,90000,Female,University,Single,23,2,2,2,18168,17593,0,2500,0,1
3965,50000,Female,University,Married,56,0,0,0,31276,29179,1556,1247,1770,0
3966,210000,Female,University,Married,33,0,0,0,137009,121126,20000,15011,10000,0
3967,60000,Female,University,Single,25,0,0,2,44331,48590,5000,12000,0,0
3968,50000,Male,University,Married,53,0,0,2,12291,14295,3300,1000,0,0
3969,50000,Female,Graduate,Single,26,1,-1,-1,0,1950,1950,2576,10000,0
3970,90000,Female,University,Single,26,0,0,0,21854,23036,1536,1600,1500,0
3971,250000,Male,Graduate,Married,31,-2,-2,-1,3759,17694,8873,14548,4771,0
3972,290000,Male,High_School,Married,47,2,0,0,255412,217382,5130,4647,949,1
3973,240000,Male,University,Single,35,-1,-1,-1,8602,18703,18718,646,11478,0
3974,360000,Male,Graduate,Single,29,-1,-1,-1,1360,7995,8035,0,3658,0
3975,340000,Male,Graduate,Single,36,0,0,0,11951,16332,5000,5012,5000,0
3976,290000,Female,Graduate,Single,48,0,0,0,74864,36317,1411,1200,593,0
3977,50000,Female,University,Single,25,2,0,0,48690,49347,1692,1033,122,0
3978,310000,Female,University,Married,41,-1,-1,-1,530,7233,7233,4318,8408,0
3979,10000,Male,University,Single,22,0,0,0,9358,7926,1216,2800,190,0
3980,260000,Female,Graduate,Single,31,0,0,0,181679,187642,8900,7200,6800,0
3981,180000,Female,High_School,Single,26,0,0,0,71702,66234,2950,2200,2000,1
3982,20000,Male,High_School,Single,26,-1,-1,-1,96,780,1560,0,0,0
3983,360000,Female,Graduate,Single,28,-2,-2,-2,2400,2500,2500,0,0,0
3984,80000,Female,Graduate,Married,30,0,0,0,65622,67265,3300,2100,2000,0
3985,450000,Female,University,Married,44,0,0,0,10716,12254,8000,5000,7000,0
3986,30000,Female,University,Single,22,0,0,0,30190,28985,1532,2169,1000,1
3987,500000,Male,Graduate,Married,39,0,0,0,26501,21340,1261,5901,46,0
3988,210000,Female,Graduate,Married,34,0,0,0,146756,150057,5500,5510,5500,0
3989,300000,Male,High_School,Single,64,-1,-1,-1,1068,1168,1168,1005,1372,0
3990,100000,Male,Other,Married,52,0,0,0,90939,83090,3467,2000,1476,1
3991,240000,Male,Graduate,Married,47,1,2,2,138103,134976,500,6000,11000,1
3992,50000,Female,University,Single,56,0,0,-1,30121,31295,2295,19100,0,0
3993,20000,Male,University,Single,22,3,2,2,17710,17137,0,3000,0,1
3994,110000,Female,University,Single,23,0,0,0,1877,2507,1000,1000,100,1
3995,200000,Male,Graduate,Single,43,-1,-1,-1,9873,-709,0,11000,0,0
3996,220000,Male,High_School,Single,33,1,-1,-1,-117,487,1000,3000,2000,0
3997,50000,Female,University,Single,43,0,0,0,9784,11578,2303,2095,500,1
3998,60000,Male,University,Single,26,0,0,0,40171,37274,1491,2000,1092,0
3999,20000,Female,Graduate,Single,23,2,2,2,9736,12759,3500,200,1000,1
4000,170000,Male,University,Single,39,-1,-1,-1,2429,8054,8077,4380,0,1
4001,30000,Female,Graduate,Single,29,2,-1,-1,2030,1533,1533,3897,4081,0
4002,160000,Female,Graduate,Married,29,-1,-1,-2,1778,0,0,0,150,1
4003,200000,Male,Graduate,Married,35,0,0,0,199891,198608,8500,6000,4000,1
4004,120000,Male,High_School,Single,25,0,0,2,81129,72699,7504,29,10004,0
4005,230000,Female,Graduate,Married,38,0,-1,-1,12907,316,316,1156,316,0
4006,20000,Female,High_School,Married,42,-1,-1,-1,10665,637,637,11869,7314,0
4007,10000,Male,High_School,Single,46,2,2,3,1050,1050,0,0,0,1
4008,100000,Female,High_School,Single,24,1,-2,-2,0,0,0,0,0,0
4009,130000,Female,University,Single,24,1,-2,-2,0,0,0,0,0,0
4010,50000,Male,University,Single,47,0,0,0,91481,47099,3956,1365,848,0
4011,140000,Female,High_School,Single,31,0,0,0,92636,94641,3500,3600,3900,0
4012,50000,Male,University,Single,49,0,0,0,47864,99572,3473,2294,328,0
4013,360000,Male,Graduate,Single,29,-2,-2,-2,3206,2347,2358,3788,3483,0
4014,20000,Female,University,Single,22,4,3,2,19529,18937,0,0,1500,1
4015,110000,Female,University,Single,33,0,0,0,107028,106818,4000,3783,6488,0
4016,100000,Male,University,Single,33,5,4,3,90822,88562,0,0,3200,1
4017,260000,Female,Graduate,Married,39,0,0,0,256557,188370,6726,6637,7784,0
4018,50000,Female,Graduate,Single,23,0,0,0,46750,45985,1505,2000,592,0
4019,360000,Female,University,Married,39,1,-2,-2,0,0,0,0,0,1
4020,30000,Female,University,Married,27,2,2,2,27896,26835,0,2659,0,1
4021,50000,Male,University,Single,23,0,0,0,49798,50795,2193,2040,330,0
4022,270000,Female,University,Single,31,-2,-2,-2,0,0,0,0,0,0
4023,250000,Female,Graduate,Married,44,-2,-2,-2,4976,5417,5417,7948,1797,0
4024,250000,Male,Graduate,Single,48,-2,-1,-1,5241,2738,2754,2377,7006,0
4025,120000,Female,University,Married,24,1,-2,-2,0,0,0,0,0,0
4026,250000,Female,High_School,Single,36,-1,0,0,44242,58876,25000,24000,30000,0
4027,260000,Female,University,Single,29,-1,-1,-1,1267,553,553,0,202,0
4028,240000,Male,University,Married,39,2,0,0,234661,234364,10200,10200,8725,0
4029,60000,Female,University,Single,27,0,0,0,18224,19928,2000,1648,1000,0
4030,250000,Female,Graduate,Married,40,-1,-1,-1,326,326,326,652,0,1
4031,100000,Female,University,Single,26,0,0,0,98542,82569,3326,8003,2745,0
4032,150000,Female,Graduate,Single,35,1,-1,-1,0,1070,1070,0,0,0
4033,170000,Female,Graduate,Married,45,0,0,0,165243,156688,7067,6443,4617,0
4034,710000,Female,Graduate,Single,32,0,0,0,28585,31719,3561,3696,1616,0
4035,20000,Male,University,Married,50,0,0,0,6620,7556,1200,1300,1600,0
4036,360000,Female,University,Single,36,0,0,0,83412,77205,3700,1123,500,0
4037,150000,Female,High_School,Married,60,1,-2,-2,0,0,0,0,0,1
4038,150000,Female,High_School,Married,49,-1,-1,-1,3114,23946,23979,7838,7642,0
4039,50000,Male,High_School,Single,58,0,0,0,7556,7312,1140,1048,163,0
4040,140000,Female,High_School,Married,38,2,2,0,122283,118913,0,5000,21500,0
4041,250000,Male,Graduate,Married,42,1,-2,-1,-8,-8,0,1640,0,0
4042,20000,Male,University,Single,36,0,0,2,11423,13976,2749,0,2000,0
4043,360000,Female,University,Married,42,-2,-2,-2,2333,6295,6295,0,0,0
4044,160000,Female,University,Married,34,-1,-1,-1,2734,0,0,625,406,1
4045,180000,Female,University,Married,30,0,0,0,27225,28245,1765,1000,2200,0
4046,50000,Male,University,Single,23,0,0,0,28569,27693,1400,1600,600,0
4047,50000,Male,University,Single,45,0,0,0,19834,19387,1340,5000,0,0
4048,220000,Female,Graduate,Married,60,2,2,2,19024,20424,2000,0,2000,1
4049,150000,Male,University,Married,39,0,0,0,76415,78836,4150,10575,0,1
4050,160000,Male,University,Married,40,-1,-1,-1,1672,2927,2941,0,0,0
4051,160000,Female,High_School,Single,30,-1,-1,-1,1055,2579,2579,1155,3334,0
4052,200000,Female,University,Married,29,0,0,0,73700,73624,3304,3815,3004,0
4053,190000,Male,Graduate,Single,32,0,0,2,5484,6192,2450,0,200,0
4054,50000,Female,University,Married,32,0,0,0,47445,37395,1697,1118,285,1
4055,50000,Male,University,Single,24,-1,-1,-1,390,390,390,390,780,0
4056,140000,Female,University,Single,35,0,0,0,88394,90252,3280,4270,3500,0
4057,60000,Female,University,Single,26,0,0,0,48867,49979,2200,2470,4200,0
4058,10000,Female,High_School,Married,24,0,0,0,8283,8754,1500,1246,210,0
4059,400000,Male,Graduate,Single,28,1,-1,2,-1320,5773,9952,10,87170,0
4060,500000,Female,Graduate,Single,44,0,0,0,380502,295489,10481,12042,160042,0
4061,320000,Female,University,Single,24,-1,-1,-1,44500,51257,51334,54726,103,0
4062,240000,Male,Graduate,Married,50,-1,-1,-2,2115,0,0,0,0,0
4063,110000,Female,High_School,Married,44,0,0,0,128341,131227,4861,4300,3500,0
4064,240000,Male,Graduate,Single,29,1,-2,-2,0,0,0,0,0,1
4065,50000,Female,High_School,Single,31,2,2,2,26411,28902,3231,0,1026,1
4066,100000,Female,High_School,Single,46,2,-1,2,216,964,964,0,0,0
4067,50000,Male,Graduate,Single,25,-1,-1,-1,25045,15180,15522,6964,7604,0
4068,50000,Male,High_School,Single,24,-1,0,0,25437,25873,2000,0,100,1
4069,50000,Male,University,Married,43,-2,-1,0,1040,4254,4254,2962,5191,1
4070,150000,Female,University,Single,30,0,0,2,63150,68125,6000,0,8023,0
4071,200000,Female,University,Married,37,-2,-2,-2,4157,601,606,432,1602,0
4072,80000,Female,University,Single,28,0,0,0,47234,48147,3000,2007,1361,0
4073,360000,Male,Graduate,Married,35,-1,-1,-1,11936,21865,21983,4567,5236,0
4074,120000,Male,University,Single,49,0,0,0,38878,39917,2000,2000,2000,0
4075,230000,Male,Graduate,Single,28,0,0,2,70966,70366,5606,1050,1634,0
4076,60000,Female,University,Married,34,0,0,0,54316,55575,2770,1275,544,1
4077,90000,Male,University,Married,37,1,2,2,9549,9257,0,3200,572,0
4078,50000,Male,University,Single,29,3,2,2,49747,51075,2500,14,2000,1
4079,240000,Male,University,Married,31,-1,-1,-1,1051,475,475,1051,671,0
4080,230000,Female,University,Married,42,-1,-1,-1,6946,120,500,16000,9100,0
4081,80000,Female,Graduate,Single,23,0,0,0,23998,17442,3150,2000,6000,0
4082,400000,Female,Graduate,Single,28,-1,-1,-1,3299,6930,6978,2387,1127,0
4083,120000,Male,Graduate,Married,45,0,0,0,117775,117106,5700,6000,5000,0
4084,250000,Male,Graduate,Married,39,1,-1,-1,0,93,93,5354,167,0
4085,30000,Female,Graduate,Single,24,1,2,0,29846,28941,0,4000,600,0
4086,150000,Female,Graduate,Married,54,0,0,0,152059,150510,7100,5800,5300,0
4087,310000,Male,High_School,Single,37,2,2,0,207995,211176,8000,8000,10000,0
4088,150000,Male,University,Single,34,0,0,0,135587,138473,4000,4000,4500,0
4089,80000,Female,Graduate,Single,29,0,0,0,11040,5830,1500,2000,0,0
4090,200000,Female,Graduate,Married,37,1,-2,-2,0,0,0,0,0,1
4091,50000,Male,University,Single,24,0,0,0,35166,29045,1300,1106,1500,0
4092,190000,Male,University,Married,23,0,0,0,223483,183900,11837,6070,5136,1
4093,50000,Male,University,Single,33,2,0,0,30773,33275,4000,9000,0,0
4094,100000,Male,University,Single,31,1,2,2,24377,25167,1400,0,3100,1
4095,150000,Male,Graduate,Married,33,0,0,0,144761,146271,6005,5005,5005,0
4096,80000,Male,University,Single,43,0,0,0,19260,16902,1270,1874,0,0
4097,200000,Male,University,Married,30,1,-2,-2,736,736,736,736,736,0
4098,120000,Female,High_School,Single,46,0,0,0,116697,108828,4200,4715,3200,0
4099,60000,Female,University,Married,49,2,0,0,61093,57227,1739,1791,2378,1
4100,450000,Female,Other,Married,51,-1,-1,-1,144396,150396,6396,396,396,0
4101,120000,Male,Graduate,Single,32,-1,-1,-1,890,390,390,390,1480,1
4102,130000,Male,University,Married,43,-2,-2,-2,0,0,0,0,96963,0
4103,240000,Female,Graduate,Single,36,-1,-1,2,5367,6959,6959,15,0,1
4104,90000,Female,University,Single,26,0,0,0,11181,11237,3194,8823,0,0
4105,210000,Male,University,Single,25,2,0,0,7474,8625,1500,1500,1500,1
4106,90000,Female,University,Single,23,-1,-1,0,803,16983,16983,2000,500,0
4107,420000,Female,Graduate,Married,40,-2,-2,-2,1794,7748,7786,2965,18048,0
4108,290000,Male,Graduate,Married,63,0,0,0,183800,187658,6820,8500,7020,1
4109,390000,Male,Graduate,Single,29,0,0,2,43062,47142,5100,0,2000,0
4110,230000,Male,Graduate,Single,32,-2,-2,-2,489,0,0,1257,0,0
4111,90000,Female,University,Married,29,0,0,0,13770,14024,1522,3010,1500,0
4112,280000,Female,University,Married,45,1,-2,-1,0,0,0,3288,0,0
4113,280000,Female,Graduate,Single,28,-2,-2,-2,21670,15767,15846,15364,9948,0
4114,30000,Female,High_School,Married,25,-2,-1,0,0,20249,20657,1000,26408,0
4115,20000,Male,University,Married,38,-1,0,0,18596,19245,1342,1231,524,0
4116,180000,Female,Graduate,Married,43,-1,-1,-1,36484,24049,24049,91272,162,0
4117,70000,Female,High_School,Single,26,0,0,0,7139,8361,1500,2000,2000,1
4118,230000,Female,University,Married,34,-1,-1,-1,2007,3220,3229,6191,2782,0
4119,50000,Male,University,Single,36,0,0,2,17003,18157,3000,1000,1000,0
4120,250000,Male,University,Married,47,-1,-1,-1,10735,19147,19269,4192,5966,0
4121,140000,Male,Graduate,Married,47,0,0,0,109259,108015,5400,5211,4000,0
4122,140000,Female,University,Married,41,0,0,0,43616,44710,2100,2000,6000,0
4123,130000,Female,Graduate,Single,25,-1,-1,-1,1088,1521,1521,6044,1619,0
4124,120000,Female,University,Married,40,-2,-2,-2,73900,0,0,0,3663,0
4125,60000,Female,University,Single,43,1,2,0,44193,43205,0,5000,8100,1
4126,80000,Female,High_School,Single,32,0,0,0,77385,79038,2900,3200,3000,0
4127,240000,Female,Graduate,Married,41,-1,-1,-1,4420,16829,16920,4774,2442,0
4128,50000,Male,High_School,Married,32,0,0,0,46727,47973,2000,2005,1745,1
4129,270000,Female,Graduate,Single,33,-2,-2,-2,12091,0,0,6743,338,0
4130,170000,Female,Graduate,Married,52,-1,-1,2,2939,5447,3000,5,7509,0
4131,50000,Male,University,Married,51,0,0,0,42462,43684,1928,1200,300,1
4132,230000,Female,Other,Married,29,0,0,0,123436,127873,7000,6000,6000,0
4133,390000,Female,Graduate,Single,26,-2,-1,-1,5044,1248,1248,201925,6195,0
4134,200000,Female,University,Married,39,0,0,2,151955,158956,9201,5000,4500,1
4135,500000,Female,University,Married,27,0,0,0,174725,178556,6630,6831,6500,0
4136,30000,Female,Graduate,Single,25,3,2,0,14190,12900,0,2046,0,1
4137,450000,Female,Graduate,Single,33,-1,-1,-1,30627,3693,4008,6696,5000,0
4138,50000,Male,University,Single,25,0,0,-1,11014,11092,1402,694,1186,0
4139,50000,Female,Graduate,Single,26,0,0,0,48150,47684,1797,2113,2500,0
4140,220000,Male,Graduate,Single,48,0,0,0,115294,117945,6000,16000,0,0
4141,30000,Female,University,Single,33,0,0,0,29965,28048,2000,3000,3000,0
4142,50000,Female,High_School,Married,42,3,2,2,34542,30557,1000,1000,1000,0
4143,50000,Male,University,Married,31,0,0,0,48469,48872,2138,2095,1711,0
4144,30000,Female,University,Single,24,2,0,0,28510,28481,2000,1200,0,1
4145,200000,Female,Graduate,Single,42,-1,-1,2,660,1320,1320,0,1320,1
4146,50000,Female,University,Married,46,1,2,2,43244,42276,0,4000,1600,1
4147,80000,Female,University,Single,26,0,0,0,47788,45221,4000,3000,3000,0
4148,20000,Male,High_School,Married,26,3,2,3,10135,11926,2100,0,0,1
4149,70000,Female,University,Married,44,0,0,0,68687,69531,2545,2918,6329,0
4150,130000,Male,High_School,Married,44,0,0,-2,15722,0,0,0,0,0
4151,200000,Male,High_School,Married,34,0,0,0,192910,199344,10000,10000,6000,0
4152,320000,Female,Graduate,Married,34,-2,-2,-2,11317,2612,2617,1265,3031,0
4153,170000,Female,Graduate,Single,27,0,0,0,61785,17848,3848,4000,124208,0
4154,280000,Female,Graduate,Single,30,-1,-1,-1,8527,13219,13244,10157,29187,0
4155,10000,Female,University,Single,34,0,0,0,8014,9170,1300,1000,1166,0
4156,200000,Male,Graduate,Married,35,1,2,0,204441,198879,0,8555,10000,0
4157,70000,Male,University,Single,27,0,0,0,63298,65785,4100,2400,2500,0
4158,230000,Female,Graduate,Single,45,0,0,0,204625,205816,15006,15026,15000,0
4159,150000,Female,Graduate,Single,40,-1,-1,-1,800,2400,2400,0,0,0
4160,320000,Female,Graduate,Married,29,0,0,0,95322,98787,5000,2000,2000,0
4161,50000,Male,Graduate,Single,25,4,4,4,35906,37038,2000,2000,0,0
4162,200000,Female,University,Married,44,1,2,2,2667,2478,0,4000,14,1
4163,200000,Male,University,Married,39,-1,-1,-1,326,326,326,326,326,1
4164,160000,Female,University,Single,29,-1,-1,-1,2248,-2,0,4905,5525,0
4165,380000,Male,Graduate,Single,42,0,0,0,1837,4791,3000,2000,0,0
4166,50000,Male,University,Married,51,0,0,0,11583,16051,5000,10000,0,1
4167,500000,Female,University,Married,51,-2,-2,-2,8864,1462,1462,18661,45402,0
4168,150000,Male,High_School,Married,34,0,0,0,38808,39879,2000,1674,1636,0
4169,90000,Male,University,Single,33,0,0,0,56291,58385,3000,3000,2300,1
4170,60000,Male,University,Single,46,0,0,2,24677,26963,3000,2000,0,1
4171,140000,Male,Graduate,Single,27,-1,-1,-1,13497,15680,15688,4000,3218,0
4172,220000,Female,Graduate,Single,40,-1,-1,-1,13654,12312,12312,23031,7234,0
4173,450000,Male,High_School,Single,41,0,0,0,262138,242290,10027,8517,7020,0
4174,200000,Male,University,Married,48,0,0,-2,205150,0,0,0,0,0
4175,140000,Female,Graduate,Single,34,0,0,2,30996,33690,3200,1500,1800,1
4176,290000,Female,Graduate,Married,46,0,0,0,6615,8494,2000,2000,5000,1
4177,260000,Male,Graduate,Single,34,0,0,0,87281,96870,15000,20084,50029,0
4178,60000,Female,Graduate,Single,27,0,0,0,61015,58160,3016,5011,1005,0
4179,280000,Male,Graduate,Single,31,-1,-1,-1,12740,17239,17352,14575,16266,0
4180,310000,Female,High_School,Married,40,0,0,0,69569,71437,3366,2400,2212,0
4181,80000,Female,High_School,Married,50,0,0,0,6627,9503,3000,3000,3000,0
4182,150000,Female,Graduate,Single,33,0,-1,-1,74033,237,237,1426,1141,0
4183,80000,Male,University,Single,28,0,0,0,49302,35916,1412,1425,931,0
4184,480000,Female,University,Married,45,-1,-1,-1,1223,22308,22313,6083,5924,1
4185,350000,Female,University,Married,34,1,2,0,23589,22585,0,1700,1500,0
4186,230000,Male,Graduate,Single,30,1,-2,-2,0,0,0,0,0,0
4187,180000,Male,High_School,Single,46,0,0,0,109114,71952,2835,1500,1000,0
4188,50000,Male,University,Married,32,0,0,0,50764,50428,2200,1500,1500,1
4189,310000,Female,University,Married,43,1,2,2,266629,270414,9500,0,20000,1
4190,10000,Male,Graduate,Married,41,0,0,3,6859,9751,3000,0,0,0
4191,280000,Male,Graduate,Single,25,0,0,0,9895,7402,3011,3007,3019,0
4192,50000,Male,University,Single,52,0,0,0,50557,49214,2283,2225,1008,1
4193,50000,Female,University,Single,51,2,0,0,10728,11751,1504,2000,0,1
4194,10000,Female,Graduate,Single,22,1,3,2,8352,8078,0,0,1000,0
4195,290000,Male,Graduate,Married,43,0,0,0,294475,295310,12021,11212,8503,0
4196,240000,Male,Graduate,Single,33,1,-2,-2,0,0,0,0,0,0
4197,100000,Female,University,Single,26,1,2,0,48006,46561,0,2200,3000,1
4198,160000,Female,University,Single,25,-1,-1,-1,21570,7501,7545,10841,12448,0
4199,230000,Male,University,Married,46,0,0,0,170354,131022,7200,3348,2510,0
4200,230000,Female,University,Married,46,-2,-2,-2,0,0,0,0,0,0
4201,300000,Female,High_School,Married,41,1,-1,-1,0,1018,1018,687,1144,0
4202,500000,Male,High_School,Single,32,0,0,2,211508,183713,10070,3066,13366,0
4203,200000,Male,Graduate,Single,29,-1,0,0,1124,1206,1000,1000,1400,0
4204,210000,Female,Graduate,Single,44,0,0,0,125615,77485,5000,4000,3402,0
4205,50000,Female,University,Single,23,-1,-1,-1,373,-17,0,4247,1243,0
4206,130000,Male,University,Single,25,0,0,2,112561,119435,12421,0,7000,0
4207,90000,Female,University,Married,37,-1,-1,-1,2522,0,0,1261,1261,0
4208,80000,Female,High_School,Married,36,-1,-1,-1,5587,6906,6906,1470,1720,0
4209,30000,Male,High_School,Single,23,2,2,2,10732,20501,10000,1000,1000,0
4210,480000,Female,University,Single,30,1,-2,-2,0,0,0,0,0,0
4211,80000,Female,High_School,Married,41,0,0,0,54074,50967,10000,10000,5000,0
4212,90000,Female,University,Single,24,0,0,0,36179,36137,1953,2000,29982,0
4213,70000,Male,University,Married,31,1,2,2,32945,32133,0,3500,0,0
4214,50000,Male,High_School,Single,31,0,0,0,5458,7208,2000,10600,0,0
4215,110000,Female,High_School,Married,39,0,0,0,73064,70373,3900,3200,2600,0
4216,120000,Male,University,Single,30,0,0,0,100802,104378,5200,5500,5000,0
4217,180000,Male,University,Single,24,-2,-2,-2,2294,1290,1296,2120,901,0
4218,50000,Male,University,Single,33,1,2,2,40159,41323,2100,0,3400,1
4219,150000,Female,Graduate,Married,29,-1,-1,-1,2565,3648,3648,5586,0,0
4220,340000,Female,Graduate,Single,30,1,-2,-2,0,0,0,0,0,0
4221,300000,Female,University,Single,33,0,0,0,351232,298709,9198,7668,4429,0
4222,150000,Female,Graduate,Married,36,-1,0,0,123160,134948,20000,6100,4000,1
4223,30000,Male,Graduate,Single,38,2,0,0,69707,71904,4000,5000,8000,0
4224,50000,Male,University,Single,52,0,0,-1,47595,28491,8080,15012,10000,0
4225,100000,Male,Graduate,Married,42,-1,2,-1,2206,1016,0,452,1580,1
4226,270000,Female,University,Married,35,-1,-1,-1,165,165,165,165,165,0
4227,320000,Male,Graduate,Married,43,-1,-1,-1,3274,86251,86682,14871,260,1
4228,160000,Male,University,Single,26,-1,-1,-1,1236,1234,1234,4890,1010,0
4229,300000,Female,Graduate,Single,26,0,0,0,10545,10421,3000,5000,5000,0
4230,30000,Female,University,Married,49,0,0,0,2273,2127,2000,1300,0,1
4231,290000,Male,High_School,Married,41,-2,-2,-2,-4,-4,0,802,0,0
4232,180000,Female,University,Married,49,-2,-1,-1,106,3166,3166,106,59,0
4233,150000,Male,Graduate,Married,57,-2,-2,-2,153664,137074,22000,2509,2120,0
4234,60000,Female,University,Married,30,-1,0,0,54379,55029,2269,1385,1000,0
4235,260000,Female,Graduate,Single,33,-2,-2,-2,6475,2500,2500,500,210,0
4236,150000,Male,University,Married,32,0,0,0,143706,140120,6010,5007,5016,1
4237,230000,Male,High_School,Married,55,0,0,0,214423,214585,10000,10000,10000,0
4238,250000,Female,Graduate,Single,29,1,-2,-2,0,0,0,0,0,0
4239,70000,Female,University,Married,29,0,0,0,1929,2948,1054,1066,144,0
4240,360000,Male,High_School,Married,44,-1,-1,-1,1982,-18,0,3764,0,1
4241,200000,Male,Graduate,Married,34,-1,-1,-1,5879,5884,5884,5171,4598,0
4242,30000,Female,Graduate,Single,30,0,0,0,27851,29490,2100,1500,600,0
4243,20000,Male,University,Married,30,-1,-1,-1,1473,1473,1473,390,390,0
4244,80000,Male,High_School,Single,66,0,0,0,58592,52465,2912,3000,3000,0
4245,260000,Female,Graduate,Single,32,-2,-2,-2,-34,6846,6880,1486,174,0
4246,210000,Female,University,Married,35,0,0,0,64740,66692,3000,3000,2600,0
4247,50000,Male,High_School,Married,35,0,0,2,35214,37305,3900,2,500,0
4248,140000,Male,Graduate,Single,26,0,0,0,66526,65667,3990,4000,2000,0
4249,90000,Male,High_School,Married,42,2,2,2,48674,49895,2300,4116,2500,0
4250,20000,Male,University,Married,31,0,0,0,35651,20160,4960,1400,0,0
4251,360000,Male,Graduate,Married,44,-1,-1,-1,165,165,165,165,165,0
4252,580000,Female,University,Married,57,-1,-1,-1,20498,2290,2290,4968,4485,0
4253,180000,Male,University,Single,39,0,0,2,29478,32342,3353,0,2000,0
4254,60000,Male,University,Married,51,0,0,0,60557,58563,3040,3000,3000,0
4255,60000,Female,University,Married,25,0,0,0,39831,33147,4500,4500,2000,0
4256,50000,Male,University,Single,30,0,0,0,50995,50882,2500,1500,1226,0
4257,100000,Female,University,Married,39,-1,-1,-1,200,200,200,200,2795,0
4258,380000,Male,Graduate,Married,46,0,0,0,141102,84229,5034,2071,29,0
4259,310000,Female,Graduate,Married,37,-1,-1,-1,325,4373,4373,26863,7443,0
4260,50000,Male,University,Single,37,1,2,0,28731,27985,0,1482,1213,1
4261,20000,Male,University,Single,33,0,0,0,16128,17441,2000,2000,2001,0
4262,30000,Female,University,Single,50,0,0,2,27284,29001,4664,0,994,0
4263,50000,Female,University,Single,32,1,2,0,32814,32004,0,1550,1400,1
4264,30000,Female,High_School,Single,52,1,2,2,10033,6486,0,3192,0,1
4265,490000,Male,Graduate,Married,42,0,0,0,497657,498379,18260,18529,15000,0
4266,500000,Female,Graduate,Single,34,-1,0,0,218570,218978,18978,18778,36377,0
4267,80000,Male,High_School,Single,27,0,-1,-1,13165,2100,2100,0,0,0
4268,200000,Male,University,Married,33,0,0,-2,205150,0,0,0,0,0
4269,360000,Male,Graduate,Single,29,0,0,0,205119,209680,8270,8423,6753,0
4270,30000,Male,University,Married,39,0,0,0,29493,30346,2006,1500,3000,1
4271,170000,Female,Graduate,Married,36,0,0,0,46113,48241,3182,3000,1990,0
4272,10000,Male,University,Single,21,0,0,0,6703,8422,2000,1000,188,0
4273,230000,Female,University,Married,52,1,-2,-2,0,0,0,0,0,0
4274,200000,Male,Graduate,Married,49,-1,-1,-1,416,416,416,0,1248,1
4275,160000,Female,Graduate,Single,35,0,0,0,61089,53073,1965,1972,1509,0
4276,270000,Male,University,Married,34,2,0,0,275572,277585,10332,10000,18021,1
4277,80000,Male,University,Single,28,0,0,0,57798,50910,2050,1780,1800,0
4278,360000,Female,Graduate,Single,29,-1,-1,-1,1146,2500,2500,0,0,1
4279,140000,Female,University,Single,27,0,0,0,111820,104189,3817,4500,3500,0
4280,80000,Female,High_School,Single,43,0,0,0,76594,78254,3100,3100,1669,0
4281,200000,Female,Graduate,Single,25,0,0,0,1698,2751,1086,1000,1000,0
4282,80000,Female,Graduate,Single,25,-1,-1,-1,390,390,390,390,390,0
4283,390000,Male,Graduate,Married,35,0,0,0,28804,43996,20000,5006,5006,0
4284,80000,Female,University,Single,31,-1,-1,0,1019,8479,8479,2000,2000,1
4285,80000,Female,High_School,Married,44,0,0,0,40821,42443,2281,1411,1224,1
4286,20000,Male,University,Married,31,1,2,0,21635,19749,0,1303,690,1
4287,30000,Female,High_School,Single,22,0,0,0,28579,26683,2006,2041,2001,0
4288,60000,Male,Other,Single,23,-1,-1,-1,5363,262,1000,0,1000,0
4289,100000,Female,University,Single,25,0,0,0,59219,60464,2197,2500,2300,0
4290,100000,Male,University,Married,52,0,0,0,81382,72937,4611,4000,2387,0
4291,40000,Female,High_School,Married,48,0,0,0,69282,36108,3500,1750,1300,0
4292,120000,Female,Graduate,Single,30,-1,-1,-1,316,316,316,316,316,0
4293,20000,Female,High_School,Married,56,0,0,0,12685,13634,1188,1201,442,0
4294,310000,Female,University,Single,26,0,0,0,87717,93707,9156,2782,4013,0
4295,50000,Male,University,Single,23,1,2,0,19203,17242,0,1299,807,1
4296,500000,Male,University,Married,49,1,2,0,9502,9206,0,2000,2000,0
4297,290000,Male,High_School,Married,40,0,0,0,151996,155371,7800,7549,10000,0
4298,30000,Male,University,Single,34,0,0,0,19101,17444,1653,1110,0,0
4299,100000,Female,Graduate,Single,23,-1,-1,-1,850,0,0,8472,0,0
4300,360000,Female,Graduate,Single,31,-1,-1,-1,8288,21865,21888,44640,3904,0
4301,20000,Male,High_School,Married,51,-1,-1,-2,2300,0,0,0,0,1
4302,150000,Female,University,Married,37,1,2,2,108784,110405,4800,0,1240,1
4303,360000,Female,Graduate,Married,31,-1,-1,2,3680,9995,13517,0,4230,0
4304,490000,Female,University,Married,30,0,0,0,26088,24092,2003,2041,1092,0
4305,40000,Female,University,Married,44,-1,-1,-1,11770,4719,4740,922,4665,0
4306,100000,Female,High_School,Married,36,-1,-1,-1,1490,0,0,210,0,0
4307,20000,Female,University,Single,24,0,0,0,14367,16130,2001,2600,701,0
4308,500000,Female,University,Married,32,0,0,0,37664,9689,3000,1000,6000,0
4309,50000,Male,University,Single,28,-2,-2,-2,49703,50237,1761,1448,982,0
4310,260000,Male,Graduate,Single,34,-1,-1,-1,324,826,828,326,326,0
4311,140000,Female,University,Married,49,-1,-1,-2,2457,0,0,0,0,0
4312,260000,Male,Graduate,Single,49,-1,-1,-1,316,316,316,4866,316,0
4313,200000,Female,Graduate,Single,32,-1,-1,-1,3450,12113,12174,16239,19446,0
4314,50000,Female,University,Single,28,0,0,-1,47132,22104,1651,984,23001,0
4315,200000,Female,Graduate,Single,32,1,-1,-1,0,2300,2300,15093,0,0
4316,20000,Female,University,Single,26,0,0,0,6690,8628,2600,1500,1500,0
4317,10000,Male,High_School,Single,24,0,0,0,4050,5426,2000,2000,2000,0
4318,30000,Male,University,Single,34,0,0,0,28014,29248,1694,1200,8697,0
4319,170000,Female,High_School,Married,40,0,0,0,73784,73815,3663,3426,1317,0
4320,50000,Female,High_School,Married,45,0,0,0,4410,4055,4050,0,0,0
4321,420000,Female,Graduate,Single,34,-1,-1,-1,13207,6184,6222,9723,1045,1
4322,70000,Female,University,Married,30,0,0,0,8432,9596,1300,1200,1507,0
4323,300000,Female,University,Married,31,-1,-1,-1,316,316,316,17597,2000,0
4324,500000,Male,University,Single,31,2,2,2,533142,504834,3089,14000,14000,0
4325,20000,Female,University,Single,49,0,0,0,15945,16971,1288,3113,0,0
4326,280000,Female,Graduate,Single,30,0,0,0,161001,136271,5000,6000,4000,0
4327,150000,Male,Graduate,Married,41,-1,-1,-1,390,390,390,390,15080,0
4328,180000,Male,University,Married,35,-1,-1,-1,1099,1099,1099,1099,1099,0
4329,50000,Male,Graduate,Single,25,0,0,0,50401,46275,5000,0,0,0
4330,150000,Female,University,Single,24,1,-2,-1,0,0,0,3230,1085,0
4331,30000,Male,University,Single,26,1,4,3,24386,23744,0,0,0,0
4332,250000,Male,Graduate,Married,37,-2,-2,-2,-207,-207,0,0,0,0
4333,300000,Female,High_School,Married,39,0,0,2,37672,40743,4000,1446,0,0
4334,80000,Male,University,Married,30,0,0,0,110692,105273,3500,4000,2600,0
4335,50000,Female,High_School,Married,58,0,0,0,50019,18458,1400,1229,687,0
4336,120000,Male,High_School,Married,36,-1,-1,-1,326,326,326,326,326,0
4337,330000,Female,University,Married,39,8,7,6,377779,372355,0,0,0,1
4338,140000,Female,University,Single,30,0,0,0,107060,104629,4598,4333,3381,0
4339,150000,Female,University,Married,50,3,2,0,3227,3029,0,1000,0,0
4340,330000,Male,Graduate,Married,57,-1,-1,-1,3166,-206,552,5726,0,0
4341,380000,Female,Graduate,Married,34,2,2,2,322199,331518,16001,13150,13000,0
4342,50000,Male,University,Married,32,0,0,0,46253,46117,1998,3000,625,0
4343,120000,Female,Graduate,Single,26,0,0,0,104546,105326,4000,10000,4000,0
4344,150000,Female,University,Married,37,0,0,0,135211,142398,10109,10000,10000,0
4345,130000,Female,University,Married,38,0,0,0,127626,128136,5400,3100,3100,0
4346,160000,Female,University,Single,27,0,0,0,78592,80240,3700,1700,2000,0
4347,30000,Female,High_School,Married,44,-1,-1,2,1072,5122,4440,0,0,0
4348,370000,Male,University,Married,33,1,-2,-2,0,0,0,0,422,0
4349,180000,Female,Graduate,Married,51,-1,-1,-1,513,396,396,396,396,0
4350,50000,Male,University,Married,54,2,2,0,48580,47112,0,1500,1000,0
4351,170000,Female,Graduate,Single,34,-1,-1,-1,326,326,326,326,326,1
4352,60000,Female,University,Married,25,0,0,2,34733,37460,3600,0,2000,1
4353,20000,Male,University,Single,34,-1,-1,-1,13936,8643,8735,1973,17711,0
4354,20000,Male,University,Single,23,1,2,2,16332,18111,2500,1000,600,1
4355,50000,Female,Graduate,Single,25,0,0,0,35427,36307,2000,2000,3000,0
4356,150000,Female,High_School,Single,52,0,0,-1,5678,3608,1010,696,0,0
4357,170000,Female,University,Married,34,0,0,0,166851,107434,5000,5000,3000,0
4358,30000,Female,University,Married,43,0,0,0,27862,29106,2000,1500,2000,0
4359,50000,Female,Graduate,Single,25,1,-2,-2,0,0,0,0,0,1
4360,100000,Male,University,Single,25,-1,-1,-1,416,416,416,0,832,0
4361,500000,Male,Graduate,Married,53,-1,-1,-1,107782,10961,11016,11602,3244,0
4362,180000,Male,Graduate,Single,35,-1,-1,-1,326,326,326,10726,24104,0
4363,280000,Male,Graduate,Single,33,-2,-2,-2,640,-160,0,32220,3920,0
4364,50000,Female,University,Single,27,-1,-1,-2,1500,0,0,0,0,0
4365,360000,Female,University,Married,49,0,0,0,338321,329178,12323,22023,12023,0
4366,170000,Male,Graduate,Married,44,-1,-1,-1,6569,29039,29069,1721,2442,0
4367,90000,Male,University,Married,36,4,3,2,62737,61413,0,0,1300,1
4368,50000,Female,University,Married,25,0,0,0,49772,50261,2082,1726,1013,0
4369,20000,Male,Graduate,Married,24,-1,-1,-1,625,702,709,316,316,1
4370,220000,Female,University,Married,34,0,0,0,109815,91363,3634,3566,3394,0
4371,200000,Female,Other,Single,25,-1,-1,-2,2017,0,0,381,1060,0
4372,70000,Female,Graduate,Single,29,0,0,0,66648,66638,3000,5137,968,0
4373,400000,Female,Graduate,Married,28,0,0,-2,181178,86663,4000,2000,1000,1
4374,90000,Female,Graduate,Married,36,-1,-1,-2,9999,0,0,0,0,0
4375,50000,Female,High_School,Single,54,4,4,3,51300,50222,0,0,2000,1
4376,60000,Male,High_School,Married,31,1,2,0,69311,60059,0,2293,1367,1
4377,50000,Female,High_School,Married,47,1,-2,-2,0,0,0,0,0,0
4378,100000,Male,Graduate,Married,52,1,2,2,21509,20877,0,3600,0,1
4379,180000,Female,University,Married,34,2,2,2,95008,97088,4500,3500,4000,1
4380,210000,Female,Graduate,Married,42,1,-2,-2,0,0,0,0,0,0
4381,430000,Female,Graduate,Married,35,-1,-1,-1,3642,492,492,0,925,0
4382,20000,Female,University,Married,41,-1,-1,-1,2468,1077,1087,1140,0,0
4383,40000,Female,University,Married,51,0,0,0,144397,147924,3988,2014,799,1
4384,180000,Female,Graduate,Single,27,-2,-2,-1,12275,6491,6491,37433,0,0
4385,140000,Female,Graduate,Single,28,-1,0,0,13159,39243,30000,7000,8000,0
4386,30000,Female,High_School,Single,45,0,0,0,28611,23312,1352,1290,4150,0
4387,210000,Male,Graduate,Married,36,0,0,-1,102245,103640,5000,792,396,0
4388,90000,Male,University,Married,35,8,7,6,112662,111077,0,0,0,1
4389,160000,Female,Graduate,Married,29,0,0,-1,50989,25227,1695,28800,839,0
4390,130000,Female,University,Single,27,1,-1,-1,-191,191,382,2898,1900,0
4391,10000,Female,University,Single,21,0,0,0,8660,9756,1800,1300,800,1
4392,170000,Male,University,Married,39,0,0,0,143339,125864,20000,6000,5000,0
4393,20000,Male,University,Single,29,0,0,0,15760,17092,1593,1282,700,0
4394,50000,Female,Graduate,Single,29,0,0,0,38242,28797,1799,2000,582,0
4395,360000,Male,Graduate,Married,59,-2,-2,-2,17154,4536,5095,5048,72133,0
4396,50000,Female,Graduate,Single,23,-1,-1,-1,1413,-60,0,1000,230,0
4397,80000,Female,Graduate,Single,25,-1,-1,2,390,5640,5250,0,780,0
4398,160000,Male,Graduate,Single,32,-1,-1,-1,5315,8145,8300,2480,1920,0
4399,380000,Male,Graduate,Married,37,0,0,0,173252,113001,10069,12712,10000,0
4400,220000,Female,Graduate,Single,32,0,0,0,33710,33702,8959,1300,2000,0
4401,50000,Male,High_School,Single,54,-2,-2,-2,0,0,0,0,0,0
4402,140000,Female,University,Single,50,0,0,0,95310,97902,4000,3800,3800,0
4403,270000,Male,Graduate,Single,48,2,0,0,56376,56911,2680,1420,15,0
4404,50000,Male,University,Single,26,0,0,0,51212,50165,2000,1296,692,0
4405,100000,Female,University,Single,25,1,2,3,53111,55650,4000,5600,3500,1
4406,360000,Male,University,Single,28,-1,-1,-1,9780,6672,6712,11244,9747,0
4407,20000,Male,University,Single,39,0,0,0,19592,19401,1334,1302,694,0
4408,50000,Male,University,Single,27,0,0,0,50902,50716,2128,2300,1004,0
4409,360000,Female,University,Single,46,1,2,0,361863,343268,0,11426,9781,0
4410,20000,Female,University,Married,50,1,-1,-1,-5,4995,5000,2200,6050,0
4411,100000,Male,High_School,Single,42,0,0,0,70542,72400,3000,3000,2703,0
4412,80000,Male,Graduate,Single,27,0,0,0,76817,74554,3000,1400,326,0
4413,140000,Male,High_School,Married,39,0,0,0,136918,128636,5000,5900,4000,0
4414,390000,Female,Graduate,Married,28,0,0,0,64440,67503,5000,5007,5000,0
4415,350000,Male,Graduate,Married,39,-1,-1,2,325,2770,2770,0,8,0
4416,170000,Male,University,Married,48,-1,-1,-1,390,390,390,780,0,0
4417,270000,Female,High_School,Married,37,1,-1,0,265044,60052,73000,10000,10000,0
4418,460000,Female,High_School,Married,42,0,0,0,43792,35047,1600,1000,0,0
4419,200000,Female,High_School,Single,37,-2,-2,-2,3938,8556,8576,4850,1047,0
4420,450000,Female,Graduate,Single,28,-1,-1,-1,108,-58,0,14500,1346,0
4421,240000,Male,Graduate,Married,47,-1,-1,-2,207,99,99,0,0,0
4422,260000,Female,Graduate,Single,29,-2,-2,-2,1476,1476,1476,1476,1476,0
4423,110000,Female,University,Married,34,0,0,0,24147,25750,2000,2000,1500,0
4424,50000,Male,University,Married,51,0,0,0,38434,39492,1681,1583,1347,0
4425,250000,Female,High_School,Single,49,1,2,2,260260,262132,13000,0,6672,0
4426,380000,Male,Graduate,Married,41,-1,-1,-1,3907,13253,13345,0,0,1
4427,110000,Female,University,Married,28,0,0,0,41799,43152,2027,2500,2000,0
4428,200000,Female,Graduate,Married,44,0,-1,-1,26814,367,368,0,0,0
4429,500000,Female,Graduate,Single,41,-1,-1,2,10386,34000,28854,0,70000,0
4430,260000,Female,University,Married,35,0,0,0,70098,70972,2598,7835,6386,0
4431,270000,Female,University,Married,38,0,0,0,60654,59464,3000,3019,5000,0
4432,150000,Male,University,Single,29,0,0,0,15453,18925,4000,5003,5000,0
4433,30000,Female,High_School,Single,42,3,3,2,27669,26955,0,1200,1500,0
4434,290000,Female,Graduate,Single,46,0,-1,-1,289002,1332,1343,21542,2239,0
4435,200000,Male,University,Single,30,-1,-1,-1,326,326,326,326,326,0
4436,210000,Female,Graduate,Single,35,-2,-2,-2,552,-18,0,0,0,0
4437,100000,Female,University,Married,49,1,-2,-2,0,0,0,0,0,0
4438,50000,Female,University,Married,45,0,0,0,45390,46210,2321,1660,3000,0
4439,210000,Female,High_School,Single,56,0,-1,-1,27316,15316,15316,15316,15623,0
4440,240000,Male,University,Married,44,-2,-2,-2,-9095,-30000,10000,13000,13265,0
4441,140000,Female,University,Single,25,0,0,0,33740,34154,1363,1952,2000,0
4442,50000,Male,University,Married,49,0,0,0,35623,12601,1168,1500,1000,0
4443,360000,Female,Graduate,Married,27,1,-2,-2,0,0,0,0,0,1
4444,180000,Male,University,Married,47,0,0,0,84973,89989,6000,6000,5000,0
4445,100000,Male,University,Single,36,8,7,6,110072,108478,0,0,1170,0
4446,90000,Female,University,Married,29,0,0,0,5618,6645,1125,1115,500,0
4447,90000,Female,Graduate,Married,37,-2,-2,-2,1243,0,0,2366,1068,0
4448,90000,Male,University,Married,52,2,2,2,90603,92152,3900,0,6800,0
4449,30000,Male,High_School,Single,25,-2,-2,-2,780,0,0,390,749,1
4450,300000,Male,University,Single,29,0,0,0,49833,49831,5000,5000,5000,0
4451,20000,Male,High_School,Married,36,0,0,0,18839,19919,1690,1203,755,0
4452,30000,Female,Graduate,Single,25,0,0,0,8341,10039,2000,2000,5611,1
4453,50000,Female,Graduate,Single,27,0,0,0,12814,15588,3000,2000,2000,0
4454,50000,Male,High_School,Married,45,-1,-1,-2,1189,0,300,0,0,0
4455,30000,Female,Graduate,Single,22,0,0,0,8679,9570,1190,1858,800,1
4456,60000,Female,Graduate,Single,28,1,2,0,47262,46226,0,2100,2000,0
4457,200000,Female,Graduate,Single,25,1,-2,-2,0,0,0,0,0,1
4458,450000,Female,University,Married,39,-1,0,0,810,1810,1000,0,0,0
4459,140000,Female,University,Married,32,0,0,0,129653,116582,5820,4920,3600,0
4460,120000,Female,University,Married,47,0,0,0,112448,115646,6500,4300,1175,0
4461,270000,Female,University,Single,45,0,0,0,7088,8139,1173,1000,8294,0
4462,130000,Male,Graduate,Single,46,0,0,0,110766,114977,6000,9000,2000,1
4463,50000,Male,University,Married,27,0,0,0,9837,3898,1010,21282,694,0
4464,220000,Female,University,Married,52,-1,-1,-2,20208,5183,5209,3649,2977,0
4465,50000,Male,University,Married,26,0,0,0,28440,23228,1436,1162,2184,0
4466,20000,Male,University,Single,36,2,0,0,19597,35869,1503,2036,309,0
4467,110000,Male,High_School,Married,54,0,0,0,105449,107957,4500,3786,2666,0
4468,70000,Female,Graduate,Single,36,0,0,0,75021,71101,2893,4231,8000,0
4469,380000,Female,High_School,Married,38,0,0,0,380781,389354,16750,14100,11000,0
4470,160000,Male,Other,Single,26,-2,-1,-1,2810,16175,16261,8641,20012,0
4471,70000,Male,High_School,Single,35,2,2,2,47702,48839,2200,1900,2000,0
4472,90000,Female,University,Single,29,-1,-1,-1,18858,11056,11056,3916,3506,0
4473,130000,Male,High_School,Single,52,0,0,0,106140,69025,3003,2000,2000,1
4474,240000,Female,Graduate,Single,26,1,-1,-1,-11,3919,3930,0,0,0
4475,120000,Male,High_School,Married,32,2,2,2,67502,68842,3000,2700,2800,0
4476,240000,Female,Graduate,Married,44,0,0,0,188307,179988,6600,8000,7000,0
4477,300000,Male,Graduate,Single,45,0,0,0,62296,64460,3000,3000,3000,0
4478,100000,Female,University,Married,40,0,0,0,26702,26616,2008,2000,2000,0
4479,200000,Female,Graduate,Single,25,-2,-2,-1,6096,2886,2886,9288,0,0
4480,50000,Male,University,Married,39,0,0,0,39323,45625,7031,2013,3005,0
4481,100000,Female,Graduate,Married,40,1,-2,-2,-166,-482,0,0,1994,0
4482,500000,Male,Graduate,Single,39,-1,-1,-1,83528,-24702,472,113935,108041,0
4483,20000,Male,Other,Single,50,0,0,0,19062,19242,1333,1000,780,0
4484,280000,Female,Graduate,Single,39,-1,-1,-1,1726,325,350,2001,1400,0
4485,160000,Female,Graduate,Single,23,0,0,0,151246,155926,10517,20258,20157,0
4486,30000,Male,University,Single,21,0,0,0,26587,25917,1385,1270,367,0
4487,50000,Male,Graduate,Single,45,0,0,0,20408,16422,6000,5000,5000,0
4488,20000,Male,Graduate,Single,24,-1,-1,-1,3808,4470,4515,8186,7913,0
4489,140000,Male,Graduate,Single,32,0,0,0,50890,59395,9395,15000,0,0
4490,130000,Male,High_School,Single,27,0,0,0,89956,61868,2317,3000,3000,0
4491,100000,Female,University,Single,23,0,0,0,13530,14564,1258,1255,3000,0
4492,100000,Male,University,Single,25,0,0,0,86098,85014,3200,3155,3504,0
4493,50000,Male,University,Single,26,2,2,2,32976,34154,2000,0,2800,1
4494,360000,Male,Graduate,Single,31,1,-2,-1,0,0,0,1650,0,0
4495,10000,Male,High_School,Single,42,1,2,0,5674,5440,0,2800,1000,1
4496,50000,Male,High_School,Married,65,0,0,0,48341,47465,2068,1545,1171,0
4497,10000,Male,University,Single,24,2,0,0,223,3035,3000,2000,3000,0
4498,210000,Male,Graduate,Married,38,1,-2,-1,-9,-9,0,1748,0,1
4499,320000,Male,University,Married,31,-1,-1,-1,6927,10063,10063,1876,396,0
4500,70000,Female,University,Single,23,0,0,0,39935,40973,1683,1699,1533,0
4501,160000,Female,University,Single,24,0,0,0,52373,51839,1676,1940,1400,1
4502,180000,Male,University,Married,36,0,0,0,4524,6435,2000,1200,2000,1
4503,70000,Female,University,Married,27,1,2,0,71570,68138,0,2705,2115,1
4504,280000,Female,University,Single,30,-1,-1,-1,1373,207,207,3516,0,0
4505,40000,Male,Graduate,Single,29,1,-2,-2,0,0,0,0,0,0
4506,50000,Female,High_School,Single,51,2,2,2,33384,34554,2000,2000,0,0
4507,80000,Female,Other,Married,25,0,0,0,75296,74792,4000,3400,4000,0
4508,30000,Male,High_School,Single,42,5,4,3,32755,31973,0,0,6,1
4509,20000,Female,University,Married,24,-1,-1,-2,750,0,165,0,0,0
4510,130000,Female,University,Single,42,2,2,2,119378,121993,6000,5000,4600,0
4511,10000,Male,University,Single,25,-1,-1,-1,1261,1261,1261,390,390,0
4512,70000,Female,Graduate,Single,25,0,0,0,68839,64027,3213,1659,2000,0
4513,280000,Male,Graduate,Single,34,0,0,0,212093,220586,18685,15038,23084,0
4514,300000,Male,Graduate,Married,34,0,0,0,66176,68108,3000,3500,30049,0
4515,50000,Female,University,Married,40,0,0,0,47374,47517,2200,2500,5946,1
4516,230000,Male,University,Married,29,0,0,0,113736,99346,4028,3000,2000,0
4517,80000,Female,University,Married,39,0,0,0,63368,67331,5000,10000,2550,0
4518,50000,Male,Graduate,Single,38,-1,-1,-1,390,390,390,390,390,1
4519,470000,Female,University,Single,40,0,0,0,277185,282983,10257,11982,10536,0
4520,210000,Male,University,Single,39,0,0,0,33459,35911,3000,5000,3000,0
4521,200000,Female,Graduate,Single,32,-1,-1,-1,146,-3,0,673,0,0
4522,50000,Male,University,Married,46,0,0,0,49566,49483,1968,1644,1013,0
4523,300000,Female,University,Married,37,2,0,0,51893,53056,2000,2000,7100,0
4524,500000,Female,Graduate,Married,33,-1,-1,-1,1110,1110,1110,1416,1416,0
4525,150000,Female,University,Married,36,-2,-2,-2,48020,50048,8000,40146,1941,0
4526,50000,Male,University,Single,25,0,0,0,11391,8081,1286,10048,1003,0
4527,270000,Male,Graduate,Married,37,0,0,0,156346,159223,7000,9000,5000,1
4528,60000,Female,University,Single,27,1,2,2,49099,49817,1800,1710,0,1
4529,200000,Female,High_School,Single,31,0,0,2,167358,175635,11000,3000,7001,0
4530,50000,Female,University,Single,23,0,0,0,32822,20669,1150,1000,300,0
4531,140000,Female,Graduate,Single,31,-2,-2,-2,15953,24916,25148,12174,3961,1
4532,120000,Female,University,Single,25,0,0,0,5259,4290,1290,1261,300,0
4533,20000,Male,University,Married,29,0,0,0,14275,15335,1297,1185,492,0
4534,210000,Female,Graduate,Single,30,-1,0,-1,23375,21829,20000,12000,27000,0
4535,70000,Female,High_School,Single,27,0,0,0,57879,54856,2600,2618,2100,0
4536,230000,Male,University,Single,37,1,-2,-2,0,0,0,0,0,1
4537,270000,Female,University,Married,33,-1,-1,-1,2323,5430,5434,1152,56891,0
4538,20000,Male,Graduate,Single,56,1,-2,-1,0,0,0,17901,519,0
4539,120000,Female,Graduate,Single,30,-1,-1,-1,326,326,326,326,326,0
4540,140000,Female,Graduate,Single,24,0,0,0,4679,3146,1000,0,2000,0
4541,180000,Female,University,Single,33,0,0,0,153833,153648,7107,5002,4470,0
4542,190000,Male,Graduate,Married,36,-1,-1,-1,1779,1288,1288,1655,1213,0
4543,100000,Female,University,Single,29,2,2,2,80234,80369,2000,5001,3100,0
4544,50000,Female,Graduate,Single,26,1,2,0,42207,42226,2200,1962,1562,0
4545,150000,Male,High_School,Married,44,0,0,0,146277,127679,3952,2614,2631,0
4546,250000,Female,University,Married,38,0,0,0,255571,250002,10605,9327,8362,0
4547,220000,Female,Graduate,Married,24,2,3,2,184761,178939,0,10000,6300,1
4548,200000,Male,High_School,Single,28,0,0,0,54663,46147,11000,3000,3000,0
4549,250000,Female,University,Married,44,0,0,0,47463,41059,3000,4000,3000,0
4550,280000,Female,Graduate,Single,32,0,0,0,202506,197855,10547,80004,68410,0
4551,30000,Male,High_School,Married,64,2,2,2,13594,14078,1000,1000,1000,1
4552,80000,Female,University,Single,29,0,0,0,89061,31367,4000,4000,2000,0
4553,380000,Female,University,Single,31,0,0,0,381530,385605,32640,18077,12005,0
4554,350000,Female,University,Married,32,-2,-2,-1,19637,239770,242247,8111,198748,0
4555,160000,Male,Graduate,Single,48,-1,2,2,23037,22260,0,0,0,1
4556,70000,Male,High_School,Married,45,2,0,0,67505,61595,2600,2056,1700,1
4557,150000,Male,Graduate,Married,33,1,-2,-2,0,0,0,0,0,0
4558,160000,Female,Graduate,Married,39,0,0,2,43583,50028,7500,0,2000,0
4559,40000,Male,University,Single,27,0,0,2,26663,31589,5700,1000,1200,1
4560,350000,Female,University,Single,30,0,0,0,245211,255975,15000,20000,0,0
4561,50000,Male,High_School,Single,27,0,0,0,50577,46529,2138,1400,3000,1
4562,220000,Female,Graduate,Married,38,0,0,0,4438,7211,3000,3000,1000,0
4563,200000,Female,Graduate,Married,26,-1,-1,-1,6666,6666,6666,6666,6666,0
4564,390000,Male,Graduate,Married,41,-1,0,0,7445,14439,10038,1036,952,0
4565,330000,Male,Graduate,Single,32,-2,-2,-2,28106,1323,2701,363,513,0
4566,100000,Male,Graduate,Married,60,0,0,0,101761,101801,3856,3919,3986,1
4567,70000,Female,University,Married,58,0,0,0,138681,70341,3500,1508,588,0
4568,240000,Female,Graduate,Married,41,0,0,0,126395,129371,5000,5000,6000,0
4569,30000,Male,University,Single,23,0,0,0,27275,26948,2000,2000,1400,0
4570,30000,Female,University,Married,43,2,2,2,15246,17838,3141,0,1434,1
4571,160000,Male,University,Single,29,0,0,0,163982,161499,6150,5540,4205,0
4572,120000,Female,University,Married,40,0,0,0,22462,15692,5000,10000,5000,0
4573,10000,Female,University,Married,55,3,2,2,5358,6339,1200,0,1000,1
4574,470000,Male,Graduate,Single,33,0,0,0,72083,68136,5031,5500,5000,0
4575,200000,Female,University,Single,26,-1,-1,2,3374,4053,4053,0,1904,1
4576,50000,Male,Other,Single,22,0,0,0,6514,7513,1500,3000,1000,0
4577,90000,Female,Graduate,Single,29,1,-1,-1,0,194,194,0,0,0
4578,220000,Female,Graduate,Married,35,-1,-1,-1,288,392,500,0,792,0
4579,40000,Female,University,Single,23,-1,2,-1,652,326,0,326,26370,1
4580,200000,Male,High_School,Married,50,1,2,2,177088,172365,0,6998,4558,1
4581,120000,Male,University,Married,43,0,0,0,33131,33121,2000,1500,1000,0
4582,210000,Male,Graduate,Married,43,-1,-1,-1,880,724,724,1000,0,1
4583,30000,Female,University,Single,22,-1,3,2,31176,30408,0,0,1013,0
4584,110000,Male,University,Married,54,2,2,2,56839,58039,2700,2300,2400,1
4585,280000,Male,University,Married,35,0,0,0,278948,278433,10609,10470,10002,0
4586,150000,Female,Graduate,Married,31,1,-2,-2,0,0,0,0,0,0
4587,20000,Male,High_School,Single,49,0,0,0,15237,16030,1600,2500,1000,0
4588,80000,Male,University,Single,25,0,0,0,29820,24513,2306,2000,1000,0
4589,50000,Male,University,Married,43,2,0,0,30106,30566,1878,1641,1000,1
4590,170000,Male,Graduate,Single,36,0,0,0,92480,94089,4000,5000,3000,0
4591,200000,Male,Graduate,Married,45,1,-1,-1,0,479,479,0,0,1
4592,300000,Male,Graduate,Single,38,-1,-1,-1,390,390,390,390,374,0
4593,100000,Male,University,Married,46,2,2,2,17497,18219,1300,0,700,1
4594,80000,Male,Graduate,Single,28,1,2,-1,5431,1961,0,1700,2000,0
4595,30000,Male,Graduate,Married,32,0,0,2,28401,31065,3434,0,597,1
4596,80000,Female,Graduate,Married,35,0,0,0,27560,22441,1701,2000,2000,0
4597,60000,Male,Graduate,Single,30,-1,-1,-1,264,264,264,264,264,1
4598,110000,Female,University,Single,24,0,0,0,94597,96263,4260,2310,1010,0
4599,10000,Female,University,Married,46,1,2,-1,9841,9628,121,4060,4530,1
4600,290000,Female,High_School,Single,32,0,0,0,21981,24610,3000,3000,3000,0
4601,30000,Male,Graduate,Single,26,0,0,-1,27172,27000,1000,780,0,0
4602,60000,Male,University,Single,45,0,0,0,59475,60423,2500,1509,1000,0
4603,150000,Male,High_School,Married,49,0,-1,-1,4029,4048,4054,2866,4082,0
4604,750000,Female,High_School,Married,40,-2,-2,-1,16372,15344,15420,3691,38679,0
4605,30000,Male,University,Married,29,0,0,0,10721,25066,2000,1500,1400,0
4606,160000,Female,University,Single,51,-1,-1,-1,6136,5932,5932,4353,3835,0
4607,50000,Female,University,Married,31,0,0,0,50628,48748,2350,3000,1000,1
4608,50000,Female,Graduate,Single,42,-1,-1,-1,1310,37073,37073,7700,42038,0
4609,160000,Male,University,Single,30,2,2,2,75406,76907,3300,3000,3200,0
4610,150000,Female,Graduate,Single,23,0,0,0,151669,152794,5900,5598,4440,0
4611,30000,Female,University,Married,42,0,0,0,27276,30470,3671,1500,1018,0
4612,350000,Male,Graduate,Married,35,0,0,2,19734,5338,3000,0,2500,0
4613,20000,Female,Graduate,Single,24,0,0,0,18821,18714,2000,1300,1500,0
4614,50000,Male,University,Single,39,0,0,0,47206,8464,1500,1500,400,0
4615,180000,Male,High_School,Married,27,0,0,0,12303,11757,2000,1700,300,1
4616,30000,Male,High_School,Single,23,2,0,0,29144,30419,2033,1420,0,1
4617,100000,Male,University,Married,52,0,0,0,55120,56636,2403,2875,1010,0
4618,20000,Male,University,Single,24,1,2,2,11893,12906,1500,500,0,0
4619,80000,Male,Graduate,Single,29,0,0,0,73722,75323,3300,2500,1556,0
4620,150000,Male,University,Married,43,0,0,0,89488,89951,5016,5050,3026,0
4621,230000,Female,Graduate,Single,30,-1,-1,-1,754,-441,0,4851,0,0
4622,50000,Male,Graduate,Married,25,0,0,2,5472,5891,1500,1000,2000,0
4623,210000,Female,Graduate,Single,39,-1,-1,-1,3962,1772,1777,3613,5,0
4624,50000,Male,University,Single,41,0,0,0,52260,40893,1679,1640,1449,0
4625,240000,Female,University,Married,37,0,-1,-1,1854,1346,1346,3195,0,0
4626,500000,Female,High_School,Single,40,0,0,0,264961,237006,20078,30141,30000,0
4627,210000,Male,University,Single,28,0,0,0,5373,6200,1000,0,0,0
4628,160000,Female,University,Married,40,-2,-2,-2,0,0,0,0,0,0
4629,250000,Female,Graduate,Single,48,1,-2,-2,0,0,0,0,0,1
4630,500000,Female,Graduate,Single,46,0,0,0,20614,18050,5001,3007,8000,0
4631,100000,Male,University,Married,35,1,2,2,59121,57604,0,6000,4000,1
4632,20000,Female,University,Single,26,0,0,0,16385,17518,1700,2484,1000,0
4633,30000,Female,University,Married,30,0,0,0,14451,15525,1525,0,0,0
4634,50000,Female,Graduate,Single,27,0,-1,-1,13301,1400,1400,780,390,0
4635,160000,Male,University,Single,27,0,0,2,109405,118110,12000,5000,0,0
4636,50000,Male,High_School,Single,28,1,-1,-1,-9802,99,10000,103,245,0
4637,90000,Female,High_School,Married,25,-1,-1,-1,3363,174,174,1473,780,1
4638,20000,Male,University,Single,28,0,0,0,11449,12811,1582,1400,1000,0
4639,50000,Male,Graduate,Married,44,0,0,0,35145,36275,2000,1871,0,0
4640,230000,Female,High_School,Single,39,1,2,0,11391,10923,0,3200,0,0
4641,150000,Male,University,Single,31,3,2,2,76113,77728,3400,0,2960,0
4642,50000,Male,Graduate,Single,45,0,0,0,48719,49966,2212,2503,693,0
4643,280000,Female,Graduate,Single,36,-1,-1,-1,27290,0,0,720,0,0
4644,500000,Female,Graduate,Married,37,0,0,0,315816,267100,10000,15000,15000,0
4645,90000,Female,University,Married,47,-1,-1,-1,1887,43542,43542,12148,880,0
4646,360000,Male,Graduate,Single,29,-1,0,0,64606,44466,5135,20856,103,0
4647,140000,Male,University,Single,50,0,0,0,98668,88727,4410,1804,14000,0
4648,140000,Male,Graduate,Single,44,-1,-1,-1,5287,5717,5717,7146,5930,0
4649,230000,Female,Graduate,Single,44,1,-2,-2,0,0,0,0,0,1
4650,50000,Female,University,Single,25,0,0,2,39033,37002,6455,0,1500,0
4651,130000,Female,University,Married,50,-1,-1,-1,1504,1027,1027,2172,836,0
4652,330000,Female,Graduate,Single,44,0,0,2,243621,259517,21400,0,9400,1
4653,210000,Male,Graduate,Single,30,-1,-1,-1,4830,0,0,1000,15385,0
4654,10000,Female,Graduate,Married,27,2,0,0,4920,5937,1256,1264,407,0
4655,50000,Female,University,Married,54,0,0,0,49320,49724,1925,2152,800,0
4656,100000,Female,Graduate,Married,46,0,0,0,39245,41602,3000,7000,0,0
4657,70000,Female,High_School,Married,26,0,0,0,65763,38209,3000,2000,955,0
4658,50000,Female,University,Married,45,0,0,0,40650,42718,2850,3160,1740,0
4659,170000,Female,Graduate,Married,28,0,0,0,20302,14653,3000,1000,5000,0
4660,100000,Female,University,Married,50,2,2,2,44078,45077,2000,3841,1900,1
4661,80000,Male,Graduate,Married,36,0,0,0,60110,51784,2186,1491,1099,0
4662,150000,Male,High_School,Single,27,0,0,0,77298,69832,3029,4000,2258,0
4663,50000,Female,High_School,Single,23,0,0,0,26956,27596,1462,1448,1002,0
4664,80000,Male,University,Married,34,1,-2,-1,0,0,0,862,41300,0
4665,120000,Female,Graduate,Single,24,0,0,0,78304,79348,2900,3850,3000,0
4666,470000,Male,High_School,Married,47,0,0,0,163529,129341,4700,30002,20000,0
4667,80000,Female,High_School,Married,52,0,0,0,18100,6826,1244,1000,500,0
4668,60000,Male,Graduate,Single,30,0,0,2,46307,51232,6000,0,2000,0
4669,80000,Male,University,Single,42,0,0,0,75264,75919,3200,4613,1100,0
4670,50000,Male,University,Married,57,0,0,2,25551,22957,2733,759,500,1
4671,500000,Male,Graduate,Married,43,0,0,0,403800,404640,17000,16500,15000,1
4672,110000,Male,University,Single,26,0,0,0,49732,46766,2300,2000,3000,0
4673,80000,Female,University,Married,44,0,0,0,40769,41150,2150,0,0,0
4674,50000,Male,University,Single,27,2,2,2,48655,45570,460,5021,0,1
4675,400000,Female,Graduate,Married,44,4,3,2,278863,275153,0,0,150,1
4676,90000,Female,Graduate,Single,29,0,0,0,90749,90595,3481,5167,3300,0
4677,150000,Female,Other,Married,53,0,0,0,135903,137719,7474,14004,4876,0
4678,360000,Female,Graduate,Married,35,-1,-1,-2,10621,0,0,0,0,0
4679,170000,Male,High_School,Married,29,0,0,0,165027,168990,7200,7500,1200,0
4680,110000,Male,High_School,Single,37,2,0,0,103356,85352,2700,1827,5400,1
4681,220000,Female,Graduate,Single,29,0,0,0,224852,224416,10235,8000,7000,0
4682,200000,Female,University,Married,36,0,0,0,198807,200616,10700,8000,7500,0
4683,500000,Female,Graduate,Single,47,-2,-2,-2,0,3270,3270,30760,143791,0
4684,340000,Male,Graduate,Married,48,0,0,0,321046,329563,13690,12693,6100,0
4685,180000,Female,University,Single,32,1,-2,-2,0,0,0,0,0,0
4686,490000,Male,Graduate,Single,44,-1,-1,-1,2920,4040,4060,3659,8357,0
4687,60000,Female,University,Single,26,0,0,0,56146,56929,2314,1459,914,0
4688,250000,Male,Graduate,Single,30,-2,-2,-2,2729,2538,2543,6247,1300,0
4689,20000,Female,University,Single,30,2,0,0,15997,17336,1600,1602,900,1
4690,170000,Male,High_School,Married,39,1,2,2,171062,166870,0,13000,0,0
4691,160000,Female,High_School,Single,37,2,2,0,16626,16075,0,2000,3539,1
4692,80000,Female,Graduate,Single,25,-1,-1,-2,1672,0,0,0,0,0
4693,380000,Female,Graduate,Married,36,-1,-1,-1,8183,10554,10617,5478,784,0
4694,70000,Female,High_School,Married,33,0,0,0,71230,65305,2500,3108,2000,1
4695,80000,Male,Graduate,Single,29,0,0,0,78038,79183,3000,3500,3500,0
4696,380000,Male,University,Married,58,0,0,0,369699,331755,12172,11095,11007,0
4697,230000,Female,Graduate,Single,24,0,-1,-1,14979,2480,2480,1434,1420,0
4698,130000,Male,University,Single,28,2,2,2,134505,135624,6200,0,3500,1
4699,160000,Female,Graduate,Married,35,-1,-1,-2,2851,0,0,0,0,0
4700,50000,Female,High_School,Married,42,0,0,0,44332,25913,8802,1500,2000,0
4701,180000,Male,Graduate,Married,45,2,2,2,106462,113728,10000,0,10000,0
4702,220000,Female,University,Single,31,0,0,0,75451,78094,4000,4000,3000,0
4703,200000,Female,High_School,Married,41,1,-1,-1,0,340,340,0,148,1
4704,520000,Male,High_School,Married,41,2,2,0,435924,366194,0,12620,8758,1
4705,30000,Male,University,Single,46,0,0,0,12485,13119,1221,1208,480,1
4706,150000,Female,University,Single,41,1,-2,-2,0,0,0,0,4026,0
4707,210000,Female,University,Married,32,-1,-1,-1,733,737,737,737,407,0
4708,50000,Female,University,Single,36,2,0,0,42380,40288,1901,1744,1027,1
4709,20000,Female,University,Married,37,0,0,0,17843,18833,1280,1276,630,0
4710,290000,Male,Graduate,Married,44,-1,-1,-1,19213,33274,33548,17732,1862,0
4711,50000,Female,University,Single,32,1,-1,0,30382,45888,54608,7060,112,0
4712,130000,Female,High_School,Married,42,0,0,0,127524,127839,5051,5101,3600,0
4713,60000,Male,University,Single,24,0,0,-1,54809,-827,0,2188,0,0
4714,20000,Male,Graduate,Single,25,0,0,2,11394,14367,3600,0,1300,0
4715,160000,Female,University,Single,35,0,0,0,124459,130916,10000,5000,4854,0
4716,250000,Female,High_School,Married,39,-1,-1,-1,5086,14180,14180,49453,0,0
4717,80000,Male,High_School,Married,38,0,0,0,19277,20060,1400,1306,1019,0
4718,60000,Female,University,Married,33,0,0,0,54660,49907,1879,1500,1000,0
4719,80000,Male,University,Single,30,0,0,0,13793,67840,63023,3010,3053,1
4720,60000,Male,University,Single,25,2,2,2,60323,60729,2000,0,1135,0
4721,410000,Male,Graduate,Married,38,-1,-1,-1,10867,2719,2719,0,11900,0
4722,240000,Female,Graduate,Single,34,0,0,0,14038,25558,12000,1500,1800,0
4723,30000,Male,High_School,Single,46,3,2,0,13784,13277,0,1234,600,1
4724,200000,Female,University,Single,31,0,0,0,8350,4750,2001,1001,501,0
4725,180000,Female,University,Married,46,1,2,0,35916,30711,1711,1300,7504,0
4726,100000,Male,University,Single,32,-1,0,0,88550,91724,5000,5000,5000,0
4727,50000,Female,Other,Single,42,0,0,0,50806,48798,1545,1454,1019,1
4728,60000,Female,High_School,Single,45,-1,-1,-1,1876,1876,1876,1876,1876,1
4729,50000,Female,Graduate,Single,26,0,0,2,5800,8189,2500,0,2000,1
4730,240000,Female,Graduate,Married,34,-2,-1,-1,597,6449,6507,626,626,0
4731,220000,Female,Graduate,Single,29,0,0,0,47944,44914,5000,5008,7000,0
4732,40000,Male,High_School,Single,42,-1,2,-1,1978,1415,3,1749,0,0
4733,80000,Female,Graduate,Single,23,0,0,0,71487,55641,2157,1500,0,0
4734,320000,Male,University,Single,52,-1,-1,-1,1122,5000,5000,792,1176,0
4735,420000,Male,University,Married,43,0,0,0,44670,60376,30253,20016,40015,0
4736,500000,Male,University,Married,48,-1,-1,-1,28352,35294,35465,75212,38169,0
4737,290000,Female,University,Single,24,0,0,0,145341,136849,7000,6000,5024,0
4738,190000,Male,Graduate,Married,45,0,0,0,181814,172493,7035,6000,6000,0
4739,100000,Male,Graduate,Single,33,2,0,0,101329,103532,3900,6000,3900,1
4740,230000,Female,University,Single,26,1,-2,-2,0,0,0,0,0,0
4741,50000,Male,University,Married,36,1,3,2,19606,19017,0,0,1000,0
4742,210000,Male,University,Married,43,0,0,0,47025,45456,2300,1326,400,0
4743,90000,Female,University,Single,24,1,-2,-2,0,0,0,0,0,1
4744,480000,Male,High_School,Married,56,0,0,0,103497,105310,5300,5300,4000,0
4745,120000,Male,Graduate,Single,41,1,-2,-2,-8,-208,0,0,58000,0
4746,160000,Male,University,Single,28,1,2,2,162761,164692,6000,14,12000,0
4747,110000,Male,University,Married,27,1,2,2,46657,48615,3000,2000,0,0
4748,260000,Female,University,Married,60,1,-2,-1,-20,-20,0,2020,0,0
4749,80000,Male,Graduate,Single,24,-1,0,-1,2130,3100,1010,173,0,0
4750,50000,Male,University,Married,58,-1,-1,-1,1956,2060,2060,4904,2056,0
4751,50000,Female,University,Married,45,0,0,0,35116,26171,1441,1500,756,1
4752,100000,Female,University,Single,29,0,0,0,75012,77784,4000,3105,4069,0
4753,20000,Male,High_School,Married,56,1,2,0,8766,8481,0,5000,2000,1
4754,260000,Female,Graduate,Married,44,1,-1,-1,0,6500,6500,0,0,0
4755,680000,Female,Graduate,Married,42,0,0,0,189514,188883,8000,9000,7000,0
4756,50000,Male,University,Single,25,-1,-1,2,1789,50005,48731,0,2102,0
4757,170000,Female,Graduate,Single,27,0,0,0,118801,108980,4000,5300,3800,0
4758,210000,Female,University,Married,37,-1,-1,-1,326,326,326,978,0,1
4759,500000,Male,Graduate,Married,51,-2,-2,-2,10063,10166,10395,11888,88612,0
4760,180000,Female,Graduate,Married,45,0,0,0,18472,20546,2690,5100,0,0
4761,340000,Female,University,Married,37,1,-1,-1,-653,2094,3254,1256,845,0
4762,160000,Male,High_School,Single,30,0,0,0,160388,175167,142159,3592,7317,0
4763,30000,Female,University,Married,22,2,0,0,26846,27718,2000,1500,1000,1
4764,230000,Female,University,Married,44,0,0,0,205938,209941,8476,6593,2966,0
4765,30000,Male,High_School,Single,22,2,0,0,28328,29505,1704,1250,390,0
4766,480000,Male,University,Single,33,-1,-1,0,57732,55379,55614,47003,30171,0
4767,360000,Male,Graduate,Married,44,-1,-1,-1,16731,4840,4864,0,0,0
4768,500000,Male,Graduate,Married,50,1,2,2,74850,76463,3400,3000,3000,1
4769,220000,Male,Graduate,Married,37,-1,-1,0,17039,7113,7540,9571,1739,0
4770,100000,Female,Graduate,Single,29,3,2,0,87791,85548,0,2500,5864,1
4771,200000,Female,University,Single,31,1,-2,-2,0,0,0,0,1500,0
4772,200000,Male,Graduate,Single,40,0,0,0,193048,193926,6410,6342,4007,0
4773,90000,Female,University,Single,23,0,0,0,91653,88619,4200,4100,3307,0
4774,50000,Male,University,Single,24,0,0,0,27963,28715,2001,2001,1014,0
4775,80000,Female,University,Married,42,2,2,2,45691,46662,2000,2000,1800,1
4776,260000,Female,Graduate,Married,48,0,0,0,8339,8333,5000,0,0,0
4777,80000,Female,High_School,Married,25,0,0,0,61943,61458,2215,1900,1800,0
4778,20000,Male,Graduate,Single,23,1,-2,-2,-348,-738,0,0,0,1
4779,50000,Male,University,Single,53,1,-1,-1,0,3333,3333,0,8796,0
4780,90000,Female,Graduate,Single,29,0,0,0,92464,91709,3600,4331,3218,0
4781,290000,Male,University,Married,30,0,0,0,351890,254163,11000,8607,8000,0
4782,20000,Female,High_School,Married,30,-2,-2,-2,18920,20030,1700,2000,1200,0
4783,230000,Female,Graduate,Single,36,1,-2,-2,0,0,0,0,0,0
4784,360000,Female,University,Single,34,1,-2,-2,0,1680,1680,0,5950,0
4785,50000,Male,University,Single,40,0,0,0,48331,49163,2300,2200,1000,1
4786,80000,Male,University,Single,36,-2,-2,-2,59223,26241,1141,10725,74864,0
4787,100000,Female,University,Single,56,0,0,2,97549,102864,9300,0,2500,1
4788,390000,Female,Graduate,Single,28,0,0,0,286888,291645,11000,11000,5600,0
4789,120000,Male,University,Married,52,2,0,0,107269,106791,4449,2731,3000,0
4790,20000,Female,University,Single,35,1,3,2,20971,20360,0,0,392,0
4791,150000,Female,University,Single,24,2,2,2,63486,66741,4330,3,5762,1
4792,20000,Male,University,Married,38,0,-1,2,16828,20192,20192,0,392,1
4793,20000,Male,Graduate,Married,44,0,0,0,17974,32768,2000,1506,1000,0
4794,250000,Male,Graduate,Single,44,0,0,0,98727,102134,5000,6000,4500,0
4795,230000,Female,University,Single,25,0,0,0,19225,16375,2000,2000,5000,0
4796,20000,Male,High_School,Married,40,0,0,0,20167,37198,1308,2466,555,0
4797,80000,Female,University,Married,41,0,0,0,21709,22432,1378,1639,1089,0
4798,310000,Female,University,Single,32,0,0,0,51007,50644,2200,2100,1700,0
4799,480000,Male,Graduate,Single,49,0,0,0,456668,424843,14706,15377,10481,0
4800,20000,Female,Graduate,Single,24,0,0,-1,16199,0,0,187,0,0
4801,50000,Male,High_School,Married,22,0,0,0,46450,47599,2200,2016,2009,0
4802,190000,Male,University,Married,35,6,5,4,254951,237094,0,0,0,1
4803,50000,Male,University,Single,41,0,0,0,45284,43951,1844,4562,667,0
4804,50000,Female,University,Single,29,2,2,2,8281,8998,1000,1000,2000,1
4805,50000,Male,University,Married,38,0,0,0,22619,19055,2000,2000,1000,0
4806,300000,Female,University,Married,45,-1,-1,-1,41051,70951,71277,19003,16050,0
4807,60000,Male,University,Married,33,0,0,0,42246,38923,2008,3004,3003,0
4808,260000,Male,Graduate,Single,28,1,-1,-1,-1197,37785,40000,3780,3202,0
4809,190000,Male,Graduate,Single,27,1,-1,0,-4370,82387,87998,3017,3029,0
4810,500000,Male,High_School,Single,53,0,0,0,415022,421996,12602,11000,4711,0
4811,300000,Female,Graduate,Single,31,0,0,-1,60700,33843,5000,5045,10288,0
4812,50000,Male,University,Single,43,0,0,0,50665,50854,1940,1407,704,1
4813,50000,Female,High_School,Married,27,-1,0,0,29321,30048,1503,1851,4500,1
4814,130000,Female,University,Married,42,0,0,0,24565,22446,5000,2000,5000,0
4815,80000,Male,Graduate,Married,38,-1,-1,-2,604,0,0,0,0,0
4816,50000,Male,University,Single,37,0,0,0,44828,43746,2005,2056,1737,0
4817,50000,Female,University,Single,31,0,0,0,40019,20394,2006,1519,1000,0
4818,120000,Female,Graduate,Single,27,0,0,0,70835,59986,3000,2500,3000,0
4819,220000,Female,Graduate,Single,33,-1,-1,-1,3217,11428,11435,16876,22237,0
4820,50000,Female,Graduate,Single,35,0,0,0,51505,50581,2500,2200,2000,0
4821,90000,Female,Graduate,Single,29,0,0,0,88254,89080,4200,4000,3307,0
4822,360000,Female,University,Single,43,-2,-2,-2,0,0,0,0,0,0
4823,280000,Female,University,Married,49,0,0,-2,20650,0,0,0,4533,0
4824,270000,Female,Graduate,Married,57,-2,-2,-2,13559,736,736,316,5116,0
4825,200000,Male,Graduate,Married,31,0,0,0,160292,119080,6036,4002,4005,0
4826,80000,Male,High_School,Single,25,0,0,0,80493,78736,3035,3021,2300,0
4827,60000,Female,Graduate,Single,34,1,-2,-1,0,0,0,15798,0,0
4828,60000,Female,University,Single,31,0,0,0,58173,59626,3400,2300,1200,0
4829,90000,Female,Graduate,Single,28,-1,0,0,23940,92233,75000,5000,4300,0
4830,10000,Female,High_School,Single,48,0,0,0,7065,8148,1200,1200,500,0
4831,140000,Male,University,Single,36,0,0,0,94586,92692,3519,3027,2905,0
4832,280000,Male,Graduate,Married,42,0,0,0,173092,160948,5853,4422,3138,1
4833,140000,Female,University,Married,24,0,0,0,121241,67929,4000,4000,8000,0
4834,110000,Male,High_School,Married,52,0,0,0,13962,15219,1500,1545,600,0
4835,120000,Female,High_School,Single,26,0,0,-2,22492,-2018,1534,1300,2000,0
4836,130000,Female,University,Married,39,0,0,0,131657,129859,5000,6208,4700,0
4837,290000,Male,University,Married,48,0,0,0,224662,216134,10160,7147,5041,0
4838,80000,Male,University,Married,33,0,0,0,22064,22338,1700,1700,1000,0
4839,50000,Female,University,Single,22,2,2,2,15006,14475,0,2000,1000,1
4840,450000,Female,University,Married,33,-2,-2,-2,318,316,316,326,4007,0
4841,50000,Male,High_School,Married,37,3,2,2,30411,31130,1500,0,1016,1
4842,170000,Female,Graduate,Single,27,-2,-2,-2,154189,149826,5926,2672,10,0
4843,210000,Male,University,Single,30,0,0,0,38967,48465,10000,10000,3000,0
4844,30000,Female,University,Single,23,2,0,0,21684,23018,2000,2000,888,0
4845,230000,Male,Graduate,Single,33,0,0,0,57171,56150,2100,2300,2000,0
4846,170000,Male,University,Single,34,-1,-1,-1,2806,326,652,676,326,1
4847,20000,Female,University,Single,22,0,0,0,17958,18499,1329,1592,637,0
4848,50000,Male,High_School,Married,54,1,2,2,49271,24982,1000,1000,1000,0
4849,100000,Female,University,Married,42,0,0,0,65917,67673,4000,3000,2500,0
4850,140000,Female,Graduate,Single,27,-1,-1,-2,390,0,0,0,0,0
4851,100000,Female,Graduate,Single,30,0,0,0,90375,81572,3007,3200,3000,0
4852,150000,Female,Graduate,Married,37,1,-1,2,0,1505,1505,0,0,1
4853,60000,Female,High_School,Single,23,1,2,0,28831,28024,0,1050,0,1
4854,200000,Male,High_School,Married,33,0,0,0,199343,200070,10021,10036,7126,1
4855,200000,Female,Graduate,Single,27,0,0,0,11912,19196,14443,4938,5972,0
4856,50000,Female,Graduate,Single,35,0,0,0,48585,49134,2220,2289,483,1
4857,60000,Male,University,Single,32,0,0,0,51934,40855,2000,2000,1400,0
4858,50000,Female,High_School,Married,32,1,2,2,45652,44646,0,4000,0,1
4859,140000,Female,University,Married,55,0,0,0,22662,23306,2500,2500,2000,0
4860,640000,Female,Graduate,Single,41,0,0,0,55645,56656,3000,5000,2300,0
4861,210000,Male,University,Married,41,2,2,2,87705,90376,4800,2500,3900,1
4862,60000,Female,University,Married,27,0,0,0,43757,29772,2000,2000,1500,0
4863,80000,Female,University,Married,32,3,2,2,72385,72643,2000,2600,0,1
4864,290000,Female,Graduate,Married,37,-1,-1,-1,3486,550,550,1922,550,1
4865,150000,Female,Graduate,Single,28,1,-2,-2,0,0,0,0,0,0
4866,200000,Female,University,Single,40,0,0,0,99729,139201,59201,35000,54461,0
4867,130000,Female,University,Single,29,2,2,2,2880,4446,2000,1000,0,1
4868,490000,Male,University,Single,34,-2,-2,-1,0,0,0,244033,15011,0
4869,200000,Male,University,Married,40,-1,-1,-2,9759,-241,0,0,0,1
4870,210000,Female,Graduate,Married,54,-1,-1,-1,7771,7078,7078,1295,20000,0
4871,260000,Female,Graduate,Single,29,-1,-1,-1,3735,-8,0,4873,507,1
4872,80000,Male,University,Married,42,0,0,0,48237,48594,2200,2005,2000,0
4873,50000,Male,High_School,Married,53,0,0,0,41674,40012,1660,1612,652,0
4874,210000,Female,University,Single,30,0,0,0,77637,80205,4400,4600,9086,0
4875,210000,Female,University,Single,52,-1,-1,-1,815,815,815,815,910,0
4876,40000,Female,High_School,Married,41,1,2,2,20057,20931,1500,1500,2000,0
4877,110000,Female,University,Married,33,0,0,0,184406,169795,7400,6700,4700,0
4878,50000,Male,Graduate,Single,49,0,0,0,25277,27209,3000,3014,684,0
4879,80000,Female,Graduate,Single,27,-1,-1,-1,3199,1205,1325,917,0,0
4880,80000,Female,Graduate,Single,37,-1,-1,-1,6734,1990,1990,4500,4640,1
4881,250000,Female,Graduate,Single,43,0,0,0,93163,96024,4409,3023,2600,0
4882,100000,Female,Graduate,Single,27,0,0,0,75296,76672,3000,3400,3000,0
4883,50000,Male,University,Single,29,2,2,2,43205,46516,4000,0,4000,1
4884,150000,Female,Graduate,Single,32,2,2,2,120800,123379,6000,3000,4600,1
4885,70000,Male,University,Single,30,0,0,2,17526,20235,3000,0,2900,1
4886,150000,Male,Graduate,Single,29,-1,-1,-2,249,0,0,0,12877,0
4887,360000,Female,Graduate,Single,31,-1,-1,-1,1483,9386,9386,2643,227,0
4888,90000,Male,University,Single,29,0,0,0,51864,53135,2098,1680,20000,0
4889,160000,Female,University,Married,28,0,0,0,6031,7057,1280,1132,300,0
4890,70000,Female,University,Single,36,0,0,0,67864,59165,2044,1773,1181,0
4891,360000,Female,University,Married,33,0,0,0,325839,300726,11083,8948,8727,0
4892,420000,Female,Graduate,Single,33,-1,-1,-2,25718,0,0,0,0,0
4893,50000,Female,University,Married,47,0,0,0,48888,47988,1900,1139,2000,0
4894,160000,Female,University,Single,28,3,2,2,110819,107629,0,9600,5000,1
4895,100000,Female,University,Married,38,1,-1,-1,0,199,199,0,0,0
4896,240000,Female,High_School,Married,41,-1,-1,-1,3973,3724,3724,7448,0,0
4897,390000,Female,Graduate,Single,42,0,0,0,98262,94122,5003,5000,3200,0
4898,80000,Female,University,Married,37,0,0,0,57830,55107,2103,2023,1850,0
4899,360000,Female,Graduate,Single,29,0,0,0,25633,26897,2000,1289,1000,1
4900,210000,Female,University,Married,34,-1,-1,-1,3402,4774,4774,375,3498,0
4901,320000,Female,Graduate,Single,28,1,-2,-1,0,0,0,1200,0,1
4902,20000,Female,High_School,Married,50,0,0,2,8612,8862,2202,500,1000,0
4903,180000,Female,University,Married,27,2,2,0,186895,167768,0,6000,3663,1
4904,490000,Male,University,Married,50,0,0,0,205873,210880,10000,10000,10000,0
4905,30000,Female,University,Single,22,0,0,0,25536,26635,1800,1500,2100,0
4906,290000,Female,Graduate,Married,34,-1,-1,-1,111,0,0,904,0,0
4907,340000,Female,University,Married,46,-2,-2,-2,0,0,0,0,0,0
4908,40000,Female,University,Married,43,-1,-1,-1,220,960,960,960,960,0
4909,50000,Male,University,Single,23,-2,-2,-2,-29,9881,9910,10294,2284,0
4910,30000,Male,University,Single,30,2,0,0,21326,20425,1400,1700,1679,1
4911,60000,Female,Graduate,Single,34,2,-1,-1,493,240,240,823,0,0
4912,180000,Male,Other,Single,29,1,-2,-2,92245,64364,11400,1000,340,0
4913,160000,Male,High_School,Married,57,-1,-1,-1,390,390,390,390,390,0
4914,170000,Male,Graduate,Married,33,1,2,-1,9020,326,0,7788,100000,0
4915,50000,Male,University,Married,42,2,0,0,12664,42985,2000,2000,17000,0
4916,50000,Male,University,Married,45,0,0,0,8558,9886,1471,1178,943,0
4917,360000,Female,Graduate,Married,32,-2,-2,-2,0,0,0,0,0,0
4918,160000,Female,University,Married,35,2,2,2,131104,133828,6300,5000,5100,1
4919,260000,Female,Graduate,Single,39,0,0,0,107801,122955,30054,20057,5113,0
4920,350000,Female,Graduate,Single,31,2,0,0,20042,108444,100000,200000,0,0
4921,30000,Female,University,Single,26,0,0,0,27376,27639,1500,3608,0,0
4922,180000,Female,University,Single,27,1,2,0,17207,16647,0,1590,638,0
4923,230000,Female,Graduate,Single,30,-1,-1,-1,1219,283,283,1906,501,0
4924,50000,Female,Graduate,Single,29,1,-2,-2,0,0,0,0,0,0
4925,370000,Male,University,Married,38,2,0,0,376014,377594,16000,13217,12000,1
4926,30000,Male,University,Married,42,0,0,0,24317,28401,4491,3000,0,0
4927,280000,Male,Graduate,Single,31,1,-1,2,0,3405,3405,0,0,0
4928,210000,Female,University,Single,53,-1,-1,-1,390,390,390,390,390,1
4929,150000,Female,Graduate,Married,49,-1,-1,2,416,797,797,0,0,0
4930,170000,Female,Graduate,Single,30,-1,-1,-1,8404,16835,16835,2200,5510,0
4931,80000,Male,University,Single,28,0,0,0,73233,74853,3400,3400,2900,0
4932,30000,Female,University,Married,29,1,2,2,16609,16057,0,2300,0,1
4933,50000,Male,University,Single,38,0,0,0,51047,49761,1849,1800,1788,0
4934,140000,Female,University,Single,24,0,0,0,38483,43627,10169,20000,15000,0
4935,30000,Female,Graduate,Married,22,2,2,0,26505,25799,0,1710,1000,0
4936,50000,Male,University,Married,45,0,0,0,42614,38426,10016,20070,3006,0
4937,20000,Male,Graduate,Single,24,-1,-1,-1,390,390,390,390,780,0
4938,180000,Male,Graduate,Married,37,0,0,0,15288,16534,1500,2000,2000,0
4939,30000,Male,University,Single,46,0,0,0,24794,25017,2000,1500,0,0
4940,210000,Male,University,Single,26,0,0,0,92083,88001,4000,4000,4000,0
4941,30000,Male,University,Single,35,0,0,0,20180,21827,2000,2032,0,0
4942,50000,Female,University,Single,31,0,0,0,20451,20426,1600,1600,1000,0
4943,270000,Female,Graduate,Single,31,-2,-2,-2,973,417,592,1593,913,0
4944,70000,Female,University,Single,25,0,0,0,22935,23963,1398,1414,1100,0
4945,110000,Male,University,Single,32,-1,-1,0,2308,101780,101780,1501,1100,0
4946,20000,Female,Graduate,Single,24,-1,-1,-1,3305,2296,2296,14777,9140,1
4947,150000,Male,University,Married,37,0,0,0,147891,149402,5004,4957,4208,1
4948,420000,Male,Graduate,Married,59,0,0,0,175795,160687,5300,4976,4899,0
4949,20000,Male,Graduate,Single,24,-2,-2,-2,299,-1,0,0,495,0
4950,50000,Male,University,Single,51,0,0,0,50383,49073,2304,2224,19691,0
4951,170000,Male,Graduate,Single,51,0,0,0,195038,189067,7509,5573,4309,0
4952,20000,Male,High_School,Married,35,1,2,0,24122,23089,1300,1481,503,0
4953,360000,Female,High_School,Single,36,-1,-1,-2,2473,-27,0,0,0,1
4954,280000,Female,Graduate,Single,34,-1,2,2,8719,844,0,0,0,0
4955,340000,Male,Graduate,Single,35,-1,-1,-1,842,2865,2873,0,7591,0
4956,180000,Male,Graduate,Married,46,0,0,0,160580,171644,13714,16500,0,1
4957,280000,Male,Graduate,Single,33,-1,-1,0,8814,151643,151650,5546,6007,1
4958,60000,Male,Graduate,Single,27,0,0,0,14853,19589,5000,8000,3000,1
4959,150000,Male,Graduate,Married,56,2,0,0,116928,87215,5006,3000,1452,1
4960,300000,Female,Graduate,Single,24,0,0,0,35040,35167,1518,1507,5406,0
4961,210000,Female,Graduate,Married,34,0,0,0,200239,195025,9510,7000,10079,0
4962,50000,Male,Graduate,Single,29,0,0,0,27878,28908,1484,1498,1093,0
4963,140000,Female,Graduate,Single,30,-1,-1,-1,282,282,282,282,282,0
4964,180000,Female,Graduate,Single,42,-1,0,0,4314,5495,2500,50000,3000,0
4965,380000,Male,High_School,Married,44,-1,0,0,40352,41385,1523,1535,1381,0
4966,10000,Female,University,Single,22,0,0,-1,7418,8080,1000,780,0,0
4967,50000,Male,High_School,Married,45,0,0,0,45982,41372,1421,1500,629,0
4968,50000,Female,University,Single,22,0,0,0,50186,49061,1994,1500,1009,1
4969,50000,Female,Graduate,Single,25,-1,0,0,8540,9875,1479,2000,2000,0
4970,140000,Female,University,Married,37,0,0,0,10025,9787,2000,1000,2000,0
4971,110000,Male,University,Single,36,0,0,0,109345,111980,4400,4200,4406,0
4972,260000,Male,University,Married,63,-1,-1,-1,3382,2403,2519,1201,1,0
4973,50000,Female,University,Single,26,0,0,0,49722,49052,2200,1325,490,0
4974,180000,Female,Graduate,Single,30,3,2,-1,1782,192,0,1291,600,0
4975,150000,Female,University,Single,26,2,0,0,56956,58756,2716,2761,2400,0
4976,80000,Female,Graduate,Married,39,0,0,0,36444,33840,3015,4012,1013,0
4977,210000,Female,Graduate,Single,31,-2,-2,-2,0,0,0,0,0,0
4978,320000,Male,Graduate,Married,44,-1,-1,-1,7500,8500,8500,7500,7500,0
4979,100000,Female,University,Married,36,0,0,0,92688,94925,3000,2746,3156,0
4980,100000,Female,Graduate,Married,35,0,0,-1,52708,15075,9967,20195,4228,0
4981,50000,Male,Graduate,Single,24,0,0,0,16277,14875,4006,6200,3000,0
4982,240000,Male,High_School,Married,43,-1,-1,2,2690,2500,2500,0,0,1
4983,300000,Female,Graduate,Single,33,1,-2,-1,0,0,0,12351,0,0
4984,200000,Female,Graduate,Single,30,0,0,0,199229,132458,6101,3500,0,1
4985,270000,Female,Graduate,Married,31,0,0,0,86716,88329,6000,6005,4000,0
4986,150000,Female,Graduate,Single,26,2,2,2,75373,76865,3300,3200,0,1
4987,260000,Female,University,Single,29,-2,-2,-1,-5,-5,0,9576,29,0
4988,50000,Female,University,Single,24,0,0,0,26239,17824,1300,5869,1000,0
4989,130000,Female,University,Married,32,1,2,0,51559,50465,0,2500,2000,1
4990,80000,Female,Graduate,Single,28,0,0,0,57776,7561,1200,1306,512,0
4991,20000,Male,Graduate,Single,32,0,0,0,11777,14851,3276,3000,3,0
4992,410000,Female,University,Married,50,0,0,0,246659,248934,11000,10000,7500,0
4993,80000,Male,University,Married,36,2,2,2,77054,81697,6900,0,5800,1
4994,160000,Female,High_School,Married,58,-1,-1,-1,2034,68942,68942,40194,942,0
4995,500000,Female,Graduate,Single,40,-2,-2,-2,15929,18155,18222,0,10658,0
4996,20000,Female,University,Married,36,0,0,0,16320,18044,2000,1283,1003,0
4997,180000,Female,Other,Married,34,-1,-1,-1,6892,6892,6892,6892,6282,0
4998,200000,Female,University,Married,45,0,0,0,193641,121830,4543,5000,4500,1
4999,310000,Male,High_School,Married,44,0,0,0,238739,244629,10000,10000,20000,0
5000,160000,Male,Graduate,Single,40,-1,-1,-1,1430,0,0,715,715,0
